Workbook

Sheet Summary
A1: EMI filter common-mode current-source model
A2: Purpose | B2: Calculate currents at the LDM1 HOT/RTN input plane when two equal current noise sources are connected from DUMMY HOT/RTN to chassis.
A3: Method | B3: Symmetric common-mode equivalent ladder. Complex impedances are calculated with Excel complex functions.
A4: Current source | B4: Each source amplitude = Parameters!B2 [A]. Total common-mode injection = 2 * Parameters!B2.
A5: Current direction | B5: Positive I_CM_LDM1 is defined from load side toward source side through the LDM1 plane. Reversing current-source direction changes phase by 180 degrees but not magnitude.
A6: CM current definition | B6: I_CM = I_HOT + I_RTN, using the same reference direction for both conductors. In the symmetric model I_HOT = I_RTN = I_CM/2.
A7: Important note | B7: This is not the previous differential-mode ABCD model. X capacitors and line-to-line loads see zero voltage in ideal common-mode symmetry and are therefore ignored in the CM equivalent.
A8: Frequency range | B8: 100 Hz to 100 MHz, 1201 logarithmic points.
A10: Python_Reference sheet | B10: Numerical reference values generated by the same common-mode ladder equations. This sheet is useful before Excel recalculates complex formulas.
A11: CM_Calc sheet | B11: Formula-driven implementation using Excel complex functions.
A12: Results sheet | B12: Formula-linked result view.

Sheet Parameters
A1: Name | B1: Value (SI) | C1: Unit | D1: Notes
A2: I_noise_each | B2: 0.5 | C2: A | D2: Current source from each of HOT and RTN to chassis. Same phase.
A3: I_noise_total | B3: =2*B2 -> 1 | C3: A | D3: Total common-mode current injection.
A4: R_dummy | B4: 28.75 | C4: ohm | D4: Line-to-line load. Ignored in ideal symmetric CM because V_HOT=V_RTN.
A6: LINE_PS_L_each | B6: 1e-06 | C6: H | D6: Test-system line, per conductor. Series part is open-ended for CM in this simplified ladder.
A7: LINE_PS_R_each | B7: 0.02 | C7: ohm | D7: Per conductor.
A8: LINE_PS_C_CHA_each | B8: 5e-11 | C8: F | D8: Two line-to-chassis capacitors become parallel in CM: C_total=2*C_each.
A9: LINE_PS_C_LINE | B9: 5e-11 | C9: F | D9: HOT-RTN capacitance. Ignored in ideal CM.
A11: C_THROUGH_C_each | B11: 1e-05 | C11: F | D11: Feedthrough capacitor from each line to chassis.
A12: C_THROUGH_L_each | B12: 1e-08 | C12: H | D12: Series lead inductance.
A13: C_THROUGH_ESR_each | B13: 0.02 | C13: ohm | D13: ESR.
A15: LINE_INPUT_L_each | B15: 1e-06 | C15: H | D15: Test-system input line, per conductor.
A16: LINE_INPUT_R_each | B16: 0.02 | C16: ohm | D16: Per conductor.
A17: LINE_INPUT_C_CHA_each | B17: 5e-11 | C17: F | D17: Two line-to-chassis capacitors become parallel in CM.
A18: LINE_INPUT_C_LINE | B18: 5e-11 | C18: F | D18: HOT-RTN capacitance. Ignored in ideal CM.
... A46: CY_ESR_each | B46: 0.02 | C46: ohm | D46: ESR.

Sheet CM_Calc
A1: f_Hz | B1: omega_rad_s | C1: Z_LINE_INPUT_CM | D1: Y_N1_PS_CHA_plus_through | E1: Y_N2_LINE_INPUT_CHA | F1: Z_LDM1_CM | G1: Z_LDM2_CM | H1: Z_CMC_CM | I1: Y_N5_YCAP | J1: Yleft_N1 | K1: Ybranch_N2_to_N1 | L1: Yleft_N2 | M1: Ybranch_N3_to_N2_LDM1 | N1: Yleft_N3 | O1: Ybranch_N4_to_N3_LDM2 | P1: Yleft_N4 | Q1: Ybranch_N5_to_N4_CMC | R1: Yleft_N5_total | S1: V_N5_load | T1: I_CMC_to_left | U1: V_N4 | V1: I_LDM2_to_left | W1: V_N3 | X1: I_LDM1_CM_total | Y1: V_N2 | Z1: I_HOT_at_LDM1_input | AA1: I_RTN_at_LDM1_input | AB1: I_CM_sum | AC1: abs_I_HOT_A | AD1: abs_I_RTN_A | AE1: abs_I_CM_A | AF1: I_HOT_dBuA | AG1: I_RTN_dBuA | AH1: I_CM_dBuA | AI1: phase_I_CM_deg
A2: 100 | B2: =2*PI()*A2 -> 628.31853 | C2: =COMPLEX(Parameters!$B$16/2,B2*Parameters!$B$15/2) -> 0.01+0.000314159265358979i | D2: =IMSUM(COMPLEX(0,B2*2*Parameters!$B$8),IMDIV(COMPLEX(2,0),COMPLEX(Parameters!$B$13,B2*Parameters!$B$12-1/(B2*Parameters!$B$11)))) -> 1.57913680392121E-06+0.0125664337438725i | E2: =COMPLEX(0,B2*2*Parameters!$B$17) -> 6.28318530717959E-08i | F2: =IMDIV(IMDIV(COMPLEX(1,0),IMSUM(IMDIV(COMPLEX(1,0),COMPLEX(Parameters!$B$21,B2*Parameters!$B$20)),COMPLEX(0,B2*Parameters!$B$22))),COMPLEX(2,0)) -> 0.0100000000026845+0.0213628300466497i | G2: =IMDIV(IMDIV(COMPLEX(1,0),IMSUM(IMDIV(COMPLEX(1,0),COMPLEX(Parameters!$B$30,B2*Parameters!$B$29)),COMPLEX(0,B2*Parameters!$B$31))),COMPLEX(2,0)) -> 0.0100000000013028+0.0103672557568933i | H2: =IMDIV(IMDIV(COMPLEX(1,0),IMSUM(IMDIV(COMPLEX(1,0),COMPLEX(Parameters!$B$39,B2*Parameters!$B$38*(1+Parameters!$B$40))),COMPLEX(0,B2*Parameters!$B$41))),COMPLEX(2,0)) -> 0.0500000011837605+1.88401313664429i | I2: =IMDIV(COMPLEX(2,0),COMPLEX(Parameters!$B$46,B2*Parameters!$B$45-1/(B2*Parameters!$B$44))) -> 7.64302164833636E-14+2.76460153518303E-06i | J2: =D2 -> 1.57913680392121E-06+0.0125664337438725i | K2: =IMDIV(COMPLEX(1,0),IMSUM(C2,IMDIV(COMPLEX(1,0),J2))) -> 3.15831418675184E-06+0.0125664827592762i | L2: =IMSUM(E2,K2) -> 3.15831418675184E-06+0.0125665455911293i | M2: =IMDIV(COMPLEX(1,0),IMSUM(F2,IMDIV(COMPLEX(1,0),L2))) -> 4.74003924520974E-06+0.0125699190806395i | N2: =M2 -> 4.74003924520974E-06+0.0125699190806395i | O2: =IMDIV(COMPLEX(1,0),IMSUM(G2,IMDIV(COMPLEX(1,0),N2))) -> 0.0000063217149562134+0.0125715559592274i | P2: =O2 -> 0.0000063217149562134+0.0125715559592274i | Q2: =IMDIV(COMPLEX(1,0),IMSUM(H2,IMDIV(COMPLEX(1,0),P2))) -> 0.0000149224052672933+0.0128765224644618i | R2: =IMSUM(I2,Q2) -> 0.0000149224053437235+0.012879287065997i | S2: =IMDIV(COMPLEX(Parameters!$B$3,0),R2) -> 0.0899610681061738-77.6439450755472i | T2: =IMPRODUCT(S2,Q2) -> 0.999785345430238-2.48700572652409E-07i | U2: =IMDIV(T2,P2) -> 0.0399713310960093-79.527553787727i | V2: =IMPRODUCT(U2,O2) -> 0.999785345430239-2.48700572652301E-07i | W2: =IMDIV(V2,N2) -> 0.0299734750620618-79.5379188156179i | X2: =IMPRODUCT(W2,M2) -> 0.999785345430239-2.48700572652192E-07i | Y2: =IMDIV(X2,L2) -> 0.0199756162921273-79.5592770575482i | Z2: =IMDIV(X2,COMPLEX(2,0)) -> 0.49989267271512-1.24350286326096E-07i | AA2: =IMDIV(X2,COMPLEX(2,0)) -> 0.49989267271512-1.24350286326096E-07i | AB2: =IMSUM(Z2,AA2) -> 0.99978534543024-2.48700572652192E-07i | AC2: =IMABS(Z2) -> 0.49989267 | AD2: =IMABS(AA2) -> 0.49989267 | AE2: =IMABS(AB2) -> 0.99978535 | AF2: =20*LOG10(AC2*1000000) -> 113.97754 | AG2: =20*LOG10(AD2*1000000) -> 113.97754 | AH2: =20*LOG10(AE2*1000000) -> 119.99814 | AI2: =DEGREES(IMARGUMENT(AB2)) -> -1.4252553e-05
A3: 101.15795 | B3: =2*PI()*A3 -> 635.59412 | C3: =COMPLEX(Parameters!$B$16/2,B3*Parameters!$B$15/2) -> 0.01+0.000317797058202527i | D3: =IMSUM(COMPLEX(0,B3*2*Parameters!$B$8),IMDIV(COMPLEX(2,0),COMPLEX(Parameters!$B$13,B3*Parameters!$B$12-1/(B3*Parameters!$B$11)))) -> 1.61591962768272E-06+0.0127119461956334i | E3: =COMPLEX(0,B3*2*Parameters!$B$17) -> 6.35594116405054E-08i | F3: =IMDIV(IMDIV(COMPLEX(1,0),IMSUM(IMDIV(COMPLEX(1,0),COMPLEX(Parameters!$B$21,B3*Parameters!$B$20)),COMPLEX(0,B3*Parameters!$B$22))),COMPLEX(2,0)) -> 0.0100000000027471+0.0216101999601045i | G3: =IMDIV(IMDIV(COMPLEX(1,0),IMSUM(IMDIV(COMPLEX(1,0),COMPLEX(Parameters!$B$30,B3*Parameters!$B$29)),COMPLEX(0,B3*Parameters!$B$31))),COMPLEX(2,0)) -> 0.0100000000013332+0.0104873029207469i | H3: =IMDIV(IMDIV(COMPLEX(1,0),IMSUM(IMDIV(COMPLEX(1,0),COMPLEX(Parameters!$B$39,B3*Parameters!$B$38*(1+Parameters!$B$40))),COMPLEX(0,B3*Parameters!$B$41))),COMPLEX(2,0)) -> 0.050000001211334+1.90582898111062i | I3: =IMDIV(COMPLEX(2,0),COMPLEX(Parameters!$B$46,B3*Parameters!$B$45-1/(B3*Parameters!$B$44))) -> 7.82105049259586E-14+2.79661411220709E-06i | J3: =D3 -> 1.61591962768272E-06+0.0127119461956334i | K3: =IMDIV(COMPLEX(1,0),IMSUM(C3,IMDIV(COMPLEX(1,0),J3))) -> 3.23188137030659E-06+0.0127119969335491i | L3: =IMSUM(E3,K3) -> 3.23188137030659E-06+0.0127120604929607i | M3: =IMDIV(COMPLEX(1,0),IMSUM(F3,IMDIV(COMPLEX(1,0),L3))) -> 4.85051050613617E-06+0.0127155525566643i | N3: =M3 -> 4.85051050613617E-06+0.0127155525566643i | O3: =IMDIV(COMPLEX(1,0),IMSUM(G3,IMDIV(COMPLEX(1,0),N3))) -> 6.46908799236014E-06+0.0127172469853346i | P3: =O3 -> 6.46908799236014E-06+0.0127172469853346i | Q3: =IMDIV(COMPLEX(1,0),IMSUM(H3,IMDIV(COMPLEX(1,0),P3))) -> 0.0000152875584074967+0.0130331151409826i | R3: =IMSUM(I3,Q3) -> 0.0000152875584857072+0.0130359117550948i | S3: =IMDIV(COMPLEX(Parameters!$B$3,0),R3) -> 0.0899610903284884-76.7110612208419i | T3: =IMPRODUCT(S3,Q3) -> 0.999785468763621-2.51580455150032E-07i | U3: =IMDIV(T3,P3) -> 0.0399713362099115-78.6164813295261i | V3: =IMPRODUCT(U3,O3) -> 0.999785468763621-2.51580455149598E-07i | W3: =IMDIV(V3,N3) -> 0.0299734788825419-78.6269663800771i | X3: =IMPRODUCT(W3,M3) -> 0.999785468763622-2.51580455150411E-07i | Y3: =IMDIV(X3,L3) -> 0.0199756187554552-78.6485719414585i | Z3: =IMDIV(X3,COMPLEX(2,0)) -> 0.499892734381811-1.25790227575206E-07i | AA3: =IMDIV(X3,COMPLEX(2,0)) -> 0.499892734381811-1.25790227575206E-07i | AB3: =IMSUM(Z3,AA3) -> 0.999785468763622-2.51580455150412E-07i | AC3: =IMABS(Z3) -> 0.49989273 | AD3: =IMABS(AA3) -> 0.49989273 | AE3: =IMABS(AB3) -> 0.99978547 | AF3: =20*LOG10(AC3*1000000) -> 113.97754 | AG3: =20*LOG10(AD3*1000000) -> 113.97754 | AH3: =20*LOG10(AE3*1000000) -> 119.99814 | AI3: =DEGREES(IMARGUMENT(AB3)) -> -1.4417591e-05
A4: 102.3293 | B4: =2*PI()*A4 -> 642.95395 | C4: =COMPLEX(Parameters!$B$16/2,B4*Parameters!$B$15/2) -> 0.01+0.000321476974701913i | D4: =IMSUM(COMPLEX(0,B4*2*Parameters!$B$8),IMDIV(COMPLEX(2,0),COMPLEX(Parameters!$B$13,B4*Parameters!$B$12-1/(B4*Parameters!$B$11)))) -> 1.65355923358622E-06+0.0128591436024201i | E4: =COMPLEX(0,B4*2*Parameters!$B$17) -> 6.42953949403826E-08i | F4: =IMDIV(IMDIV(COMPLEX(1,0),IMSUM(IMDIV(COMPLEX(1,0),COMPLEX(Parameters!$B$21,B4*Parameters!$B$20)),COMPLEX(0,B4*Parameters!$B$22))),COMPLEX(2,0)) -> 0.0100000000028111+0.0218604342821597i | G4: =IMDIV(IMDIV(COMPLEX(1,0),IMSUM(IMDIV(COMPLEX(1,0),COMPLEX(Parameters!$B$30,B4*Parameters!$B$29)),COMPLEX(0,B4*Parameters!$B$31))),COMPLEX(2,0)) -> 0.0100000000013642+0.0106087401652438i | H4: =IMDIV(IMDIV(COMPLEX(1,0),IMSUM(IMDIV(COMPLEX(1,0),COMPLEX(Parameters!$B$39,B4*Parameters!$B$38*(1+Parameters!$B$40))),COMPLEX(0,B4*Parameters!$B$41))),COMPLEX(2,0)) -> 0.0500000012395495+1.92789744116854i | I4: =IMDIV(COMPLEX(2,0),COMPLEX(Parameters!$B$46,B4*Parameters!$B$45-1/(B4*Parameters!$B$44))) -> 8.00322616135059E-14+2.82899737740256E-06i | J4: =D4 -> 1.65355923358622E-06+0.0128591436024201i | K4: =IMDIV(COMPLEX(1,0),IMSUM(C4,IMDIV(COMPLEX(1,0),J4))) -> 3.30716218176909E-06+0.012859196123381i | L4: =IMSUM(E4,K4) -> 3.30716218176909E-06+0.0128592604187759i | M4: =IMDIV(COMPLEX(1,0),IMSUM(F4,IMDIV(COMPLEX(1,0),L4))) -> 4.96355787592459E-06+0.0128628752249583i | N4: =M4 -> 4.96355787592459E-06+0.0128628752249583i | O4: =IMDIV(COMPLEX(1,0),IMSUM(G4,IMDIV(COMPLEX(1,0),N4))) -> 6.61989951150942E-06+0.0128646292277237i | P4: =O4 -> 6.61989951150942E-06+0.0128646292277237i | Q4: =IMDIV(COMPLEX(1,0),IMSUM(H4,IMDIV(COMPLEX(1,0),P4))) -> 0.0000156620770277376+0.0131917932992246i | R4: =IMSUM(I4,Q4) -> 0.0000156620771077699+0.013194622296602i | S4: =IMDIV(COMPLEX(Parameters!$B$3,0),R4) -> 0.0899611130684367-75.7883453230517i | T4: =IMPRODUCT(S4,Q4) -> 0.999785594969836-2.54493687422636E-07i | U4: =IMDIV(T4,P4) -> 0.0399713414429322-77.7158294005864i | V4: =IMPRODUCT(U4,O4) -> 0.999785594969836-2.54493687422202E-07i | W4: =IMDIV(V4,N4) -> 0.0299734827920126-77.7264358636396i | X4: =IMPRODUCT(W4,M4) -> 0.999785594969837-2.54493687423015E-07i | Y4: =IMDIV(X4,L4) -> 0.0199756212761614-77.7482916083901i | Z4: =IMDIV(X4,COMPLEX(2,0)) -> 0.499892797484918-1.27246843711508E-07i | AA4: =IMDIV(X4,COMPLEX(2,0)) -> 0.499892797484918-1.27246843711508E-07i | AB4: =IMSUM(Z4,AA4) -> 0.999785594969836-2.54493687423016E-07i | AC4: =IMABS(Z4) -> 0.4998928 | AD4: =IMABS(AA4) -> 0.4998928 | AE4: =IMABS(AB4) -> 0.99978559 | AF4: =20*LOG10(AC4*1000000) -> 113.97754 | AG4: =20*LOG10(AD4*1000000) -> 113.97754 | AH4: =20*LOG10(AE4*1000000) -> 119.99814 | AI4: =DEGREES(IMARGUMENT(AB4)) -> -1.4584541e-05
A5: 103.51422 | B5: =2*PI()*A5 -> 650.39901 | C5: =COMPLEX(Parameters!$B$16/2,B5*Parameters!$B$15/2) -> 0.01+0.000325199502626085i | D5: =IMSUM(COMPLEX(0,B5*2*Parameters!$B$8),IMDIV(COMPLEX(2,0),COMPLEX(Parameters!$B$13,B5*Parameters!$B$12-1/(B5*Parameters!$B$11)))) -> 1.69207557865683E-06+0.0130080454751012i | E5: =COMPLEX(0,B5*2*Parameters!$B$17) -> 6.5039900525217E-08i | F5: =IMDIV(IMDIV(COMPLEX(1,0),IMSUM(IMDIV(COMPLEX(1,0),COMPLEX(Parameters!$B$21,B5*Parameters!$B$20)),COMPLEX(0,B5*Parameters!$B$22))),COMPLEX(2,0)) -> 0.0100000000028765+0.0221135661811038i | G5: =IMDIV(IMDIV(COMPLEX(1,0),IMSUM(IMDIV(COMPLEX(1,0),COMPLEX(Parameters!$B$30,B5*Parameters!$B$29)),COMPLEX(0,B5*Parameters!$B$31))),COMPLEX(2,0)) -> 0.0100000000013959+0.0107315835867594i | H5: =IMDIV(IMDIV(COMPLEX(1,0),IMSUM(IMDIV(COMPLEX(1,0),COMPLEX(Parameters!$B$39,B5*Parameters!$B$38*(1+Parameters!$B$40))),COMPLEX(0,B5*Parameters!$B$41))),COMPLEX(2,0)) -> 0.050000001268422+1.95022144196941i | I5: =IMDIV(COMPLEX(2,0),COMPLEX(Parameters!$B$46,B5*Parameters!$B$45-1/(B5*Parameters!$B$44))) -> 8.18964524655154E-14+2.86175562313618E-06i | J5: =D5 -> 1.69207557865683E-06+0.0130080454751012i | K5: =IMDIV(COMPLEX(1,0),IMSUM(C5,IMDIV(COMPLEX(1,0),J5))) -> 3.38419653798393E-06+0.0130080998417676i | L5: =IMSUM(E5,K5) -> 3.38419653798393E-06+0.0130081648816681i | M5: =IMDIV(COMPLEX(1,0),IMSUM(F5,IMDIV(COMPLEX(1,0),L5))) -> 5.07924149674464E-06+0.013011906745176i | N5: =M5 -> 5.07924149674464E-06+0.013011906745176i | O5: =IMDIV(COMPLEX(1,0),IMSUM(G5,IMDIV(COMPLEX(1,0),N5))) -> 6.77422987624252E-06+0.013013722417271i | P5: =O5 -> 6.77422987624252E-06+0.013013722417271i | Q5: =IMDIV(COMPLEX(1,0),IMSUM(H5,IMDIV(COMPLEX(1,0),P5))) -> 0.0000160462221860433+0.0133525912060768i | R5: =IMSUM(I5,Q5) -> 0.0000160462222679398+0.0133554529616999i | S5: =IMDIV(COMPLEX(Parameters!$B$3,0),R5) -> 0.089961136338075-74.8756750767912i | T5: =IMPRODUCT(S5,Q5) -> 0.999785724115808-2.57440655720281E-07i | U5: =IMDIV(T5,P5) -> 0.0399713467978476-76.8254786204648i | V5: =IMPRODUCT(U5,O5) -> 0.999785724115808-2.5744065572104E-07i | W5: =IMDIV(V5,N5) -> 0.0299734867925482-76.8362079019578i | X5: =IMPRODUCT(W5,M5) -> 0.999785724115808-2.57440655720878E-07i | Y5: =IMDIV(X5,L5) -> 0.0199756238555831-76.8583167271603i | Z5: =IMDIV(X5,COMPLEX(2,0)) -> 0.499892862057904-1.28720327860439E-07i | AA5: =IMDIV(X5,COMPLEX(2,0)) -> 0.499892862057904-1.28720327860439E-07i | AB5: =IMSUM(Z5,AA5) -> 0.999785724115808-2.57440655720878E-07i | AC5: =IMABS(Z5) -> 0.49989286 | AD5: =IMABS(AA5) -> 0.49989286 | AE5: =IMABS(AB5) -> 0.99978572 | AF5: =20*LOG10(AC5*1000000) -> 113.97754 | AG5: =20*LOG10(AD5*1000000) -> 113.97754 | AH5: =20*LOG10(AE5*1000000) -> 119.99814 | AI5: =DEGREES(IMARGUMENT(AB5)) -> -1.4753424e-05
A6: 104.71285 | B6: =2*PI()*A6 -> 657.93027 | C6: =COMPLEX(Parameters!$B$16/2,B6*Parameters!$B$15/2) -> 0.01+0.000328965135392085i | D6: =IMSUM(COMPLEX(0,B6*2*Parameters!$B$8),IMDIV(COMPLEX(2,0),COMPLEX(Parameters!$B$13,B6*Parameters!$B$12-1/(B6*Parameters!$B$11)))) -> 1.73148908477869E-06+0.0131586715504702i | E6: =COMPLEX(0,B6*2*Parameters!$B$17) -> 6.57930270784171E-08i | F6: =IMDIV(IMDIV(COMPLEX(1,0),IMSUM(IMDIV(COMPLEX(1,0),COMPLEX(Parameters!$B$21,B6*Parameters!$B$20)),COMPLEX(0,B6*Parameters!$B$22))),COMPLEX(2,0)) -> 0.0100000000029436+0.0223696292092962i | G6: =IMDIV(IMDIV(COMPLEX(1,0),IMSUM(IMDIV(COMPLEX(1,0),COMPLEX(Parameters!$B$30,B6*Parameters!$B$29)),COMPLEX(0,B6*Parameters!$B$31))),COMPLEX(2,0)) -> 0.0100000000014285+0.0108558494680562i | H6: =IMDIV(IMDIV(COMPLEX(1,0),IMSUM(IMDIV(COMPLEX(1,0),COMPLEX(Parameters!$B$39,B6*Parameters!$B$38*(1+Parameters!$B$40))),COMPLEX(0,B6*Parameters!$B$41))),COMPLEX(2,0)) -> 0.0500000012979675+1.97280394253623i | I6: =IMDIV(COMPLEX(2,0),COMPLEX(Parameters!$B$46,B6*Parameters!$B$45-1/(B6*Parameters!$B$44))) -> 8.38040659006522E-14+2.89489319147792E-06i | J6: =D6 -> 1.73148908477869E-06+0.0131586715504702i | K6: =IMDIV(COMPLEX(1,0),IMSUM(C6,IMDIV(COMPLEX(1,0),J6))) -> 0.0000034630252856406+0.0131587278277045i | L6: =IMSUM(E6,K6) -> 0.0000034630252856406+0.0131587936207316i | M6: =IMDIV(COMPLEX(1,0),IMSUM(F6,IMDIV(COMPLEX(1,0),L6))) -> 5.19762291811452E-06+0.0131626670081287i | N6: =M6 -> 5.19762291811452E-06+0.0131626670081287i | O6: =IMDIV(COMPLEX(1,0),IMSUM(G6,IMDIV(COMPLEX(1,0),N6))) -> 6.93216133376993E-06+0.0131645465185179i | P6: =O6 -> 6.93216133376993E-06+0.0131645465185179i | Q6: =IMDIV(COMPLEX(1,0),IMSUM(H6,IMDIV(COMPLEX(1,0),P6))) -> 0.0000164402632216791+0.0135155439149398i | R6: =IMSUM(I6,Q6) -> 0.0000164402633054832+0.0135184388081313i | S6: =IMDIV(COMPLEX(Parameters!$B$3,0),R6) -> 0.0899611601497422-73.9729295082021i | T6: =IMPRODUCT(S6,Q6) -> 0.999785856270004-2.60421750782492E-07i | U6: =IMDIV(T6,P6) -> 0.0399713522774959-75.9453109741223i | V6: =IMPRODUCT(U6,O6) -> 0.999785856270004-2.60421750782492E-07i | W6: =IMDIV(V6,N6) -> 0.0299734908862681-75.9561644962739i | X6: =IMPRODUCT(W6,M6) -> 0.999785856270004-2.60421750782275E-07i | Y6: =IMDIV(X6,L6) -> 0.0199756264950872-75.9785293325634i | Z6: =IMDIV(X6,COMPLEX(2,0)) -> 0.499892928135002-1.30210875391137E-07i | AA6: =IMDIV(X6,COMPLEX(2,0)) -> 0.499892928135002-1.30210875391137E-07i | AB6: =IMSUM(Z6,AA6) -> 0.999785856270004-2.60421750782274E-07i | AC6: =IMABS(Z6) -> 0.49989293 | AD6: =IMABS(AA6) -> 0.49989293 | AE6: =IMABS(AB6) -> 0.99978586 | AF6: =20*LOG10(AC6*1000000) -> 113.97754 | AG6: =20*LOG10(AD6*1000000) -> 113.97754 | AH6: =20*LOG10(AE6*1000000) -> 119.99814 | AI6: =DEGREES(IMARGUMENT(AB6)) -> -1.4924263e-05
A7: 105.92537 | B7: =2*PI()*A7 -> 665.54874 | C7: =COMPLEX(Parameters!$B$16/2,B7*Parameters!$B$15/2) -> 0.01+0.000332774372130459i | D7: =IMSUM(COMPLEX(0,B7*2*Parameters!$B$8),IMDIV(COMPLEX(2,0),COMPLEX(Parameters!$B$13,B7*Parameters!$B$12-1/(B7*Parameters!$B$11)))) -> 1.77182064952306E-06+0.0133110417938626i | E7: =COMPLEX(0,B7*2*Parameters!$B$17) -> 6.65548744260918E-08i | F7: =IMDIV(IMDIV(COMPLEX(1,0),IMSUM(IMDIV(COMPLEX(1,0),COMPLEX(Parameters!$B$21,B7*Parameters!$B$20)),COMPLEX(0,B7*Parameters!$B$22))),COMPLEX(2,0)) -> 0.0100000000030121+0.0226286573076136i | G7: =IMDIV(IMDIV(COMPLEX(1,0),IMSUM(IMDIV(COMPLEX(1,0),COMPLEX(Parameters!$B$30,B7*Parameters!$B$29)),COMPLEX(0,B7*Parameters!$B$31))),COMPLEX(2,0)) -> 0.0100000000014617+0.0109815542804422i | H7: =IMDIV(IMDIV(COMPLEX(1,0),IMSUM(IMDIV(COMPLEX(1,0),COMPLEX(Parameters!$B$39,B7*Parameters!$B$38*(1+Parameters!$B$40))),COMPLEX(0,B7*Parameters!$B$41))),COMPLEX(2,0)) -> 0.050000001328201+1.99564793615594i | I7: =IMDIV(COMPLEX(2,0),COMPLEX(Parameters!$B$46,B7*Parameters!$B$45-1/(B7*Parameters!$B$44))) -> 8.57561133608097E-14+2.92841447477658E-06i | J7: =D7 -> 1.77182064952306E-06+0.0133110417938626i | K7: =IMDIV(COMPLEX(1,0),IMSUM(C7,IMDIV(COMPLEX(1,0),J7))) -> 3.54369022293559E-06+0.0133111000488066i | L7: =IMSUM(E7,K7) -> 3.54369022293559E-06+0.013311166603681i | M7: =IMDIV(COMPLEX(1,0),IMSUM(F7,IMDIV(COMPLEX(1,0),L7))) -> 5.31876512998714E-06+0.0133151761385839i | N7: =M7 -> 5.31876512998714E-06+0.0133151761385839i | O7: =IMDIV(COMPLEX(1,0),IMSUM(G7,IMDIV(COMPLEX(1,0),N7))) -> 0.0000070937780604317+0.0133171217325592i | P7: =O7 -> 0.0000070937780604317+0.0133171217325592i | Q7: =IMDIV(COMPLEX(1,0),IMSUM(H7,IMDIV(COMPLEX(1,0),P7))) -> 0.0000168444780653058+0.0136806872906799i | R7: =IMSUM(I7,Q7) -> 0.0000168444781510619+0.0136836157051547i | S7: =IMDIV(COMPLEX(Parameters!$B$3,0),R7) -> 0.0899611845160654-73.0799889589188i | T7: =IMPRODUCT(S7,Q7) -> 0.999785991502507-2.63437367852568E-07i | U7: =IMDIV(T7,P7) -> 0.0399713578847834-75.0752097962863i | V7: =IMPRODUCT(U7,O7) -> 0.999785991502507-2.63437367852243E-07i | W7: =IMDIV(V7,N7) -> 0.0299734950753452-75.0861889977864i | X7: =IMPRODUCT(W7,M7) -> 0.999785991502507-2.63437367851863E-07i | Y7: =IMDIV(X7,L7) -> 0.0199756291960746-75.1088128097345i | Z7: =IMDIV(X7,COMPLEX(2,0)) -> 0.499892995751254-1.31718683925932E-07i | AA7: =IMDIV(X7,COMPLEX(2,0)) -> 0.499892995751254-1.31718683925932E-07i | AB7: =IMSUM(Z7,AA7) -> 0.999785991502508-2.63437367851864E-07i | AC7: =IMABS(Z7) -> 0.499893 | AD7: =IMABS(AA7) -> 0.499893 | AE7: =IMABS(AB7) -> 0.99978599 | AF7: =20*LOG10(AC7*1000000) -> 113.97754 | AG7: =20*LOG10(AD7*1000000) -> 113.97754 | AH7: =20*LOG10(AE7*1000000) -> 119.99814 | AI7: =DEGREES(IMARGUMENT(AB7)) -> -1.509708e-05
A8: 107.15193 | B8: =2*PI()*A8 -> 673.25544 | C8: =COMPLEX(Parameters!$B$16/2,B8*Parameters!$B$15/2) -> 0.01+0.00033662771775141i | D8: =IMSUM(COMPLEX(0,B8*2*Parameters!$B$8),IMDIV(COMPLEX(2,0),COMPLEX(Parameters!$B$13,B8*Parameters!$B$12-1/(B8*Parameters!$B$11)))) -> 1.81309165722842E-06+0.0134651764018021i | E8: =COMPLEX(0,B8*2*Parameters!$B$17) -> 6.7325543550282E-08i | F8: =IMDIV(IMDIV(COMPLEX(1,0),IMSUM(IMDIV(COMPLEX(1,0),COMPLEX(Parameters!$B$21,B8*Parameters!$B$20)),COMPLEX(0,B8*Parameters!$B$22))),COMPLEX(2,0)) -> 0.0100000000030823+0.0228906848099504i | G8: =IMDIV(IMDIV(COMPLEX(1,0),IMSUM(IMDIV(COMPLEX(1,0),COMPLEX(Parameters!$B$30,B8*Parameters!$B$29)),COMPLEX(0,B8*Parameters!$B$31))),COMPLEX(2,0)) -> 0.0100000000014958+0.0111087146859541i | H8: =IMDIV(IMDIV(COMPLEX(1,0),IMSUM(IMDIV(COMPLEX(1,0),COMPLEX(Parameters!$B$39,B8*Parameters!$B$38*(1+Parameters!$B$40))),COMPLEX(0,B8*Parameters!$B$41))),COMPLEX(2,0)) -> 0.0500000013591385+2.01875645077607i | I8: =IMDIV(COMPLEX(2,0),COMPLEX(Parameters!$B$46,B8*Parameters!$B$45-1/(B8*Parameters!$B$44))) -> 8.77536298473904E-14+2.96232391624195E-06i | J8: =D8 -> 1.81309165722842E-06+0.0134651764018021i | K8: =IMDIV(COMPLEX(1,0),IMSUM(C8,IMDIV(COMPLEX(1,0),J8))) -> 3.62623412173895E-06+0.0134652367039572i | L8: =IMSUM(E8,K8) -> 3.62623412173895E-06+0.0134653040295007i | M8: =IMDIV(COMPLEX(1,0),IMSUM(F8,IMDIV(COMPLEX(1,0),L8))) -> 0.000005442732596622+0.013469454498104i | N8: =M8 -> 0.000005442732596622+0.013469454498104i | O8: =IMDIV(COMPLEX(1,0),IMSUM(G8,IMDIV(COMPLEX(1,0),N8))) -> 7.25916620726445E-06+0.0134714684999728i | P8: =O8 -> 7.25916620726445E-06+0.0134714684999728i | Q8: =IMDIV(COMPLEX(1,0),IMSUM(H8,IMDIV(COMPLEX(1,0),P8))) -> 0.0000172591535629443+0.0138480580355685i | R8: =IMSUM(I8,Q8) -> 0.0000172591536506979+0.0138510203594847i | S8: =IMDIV(COMPLEX(Parameters!$B$3,0),R8) -> 0.0899612094499635-72.1967350702i | T8: =IMPRODUCT(S8,Q8) -> 0.999786129885022-2.66487906760418E-07i | U8: =IMDIV(T8,P8) -> 0.0399713636226838-74.2150597559775i | V8: =IMPRODUCT(U8,O8) -> 0.999786129885022-2.66487906760201E-07i | W8: =IMDIV(V8,N8) -> 0.0299734993619999-74.2261660921764i | X8: =IMPRODUCT(W8,M8) -> 0.999786129885022-2.66487906760147E-07i | Y8: =IMDIV(X8,L8) -> 0.0199756319599772-74.249051878688i | Z8: =IMDIV(X8,COMPLEX(2,0)) -> 0.499893064942511-1.33243953380073E-07i | AA8: =IMDIV(X8,COMPLEX(2,0)) -> 0.499893064942511-1.33243953380073E-07i | AB8: =IMSUM(Z8,AA8) -> 0.999786129885022-2.66487906760146E-07i | AC8: =IMABS(Z8) -> 0.49989306 | AD8: =IMABS(AA8) -> 0.49989306 | AE8: =IMABS(AB8) -> 0.99978613 | AF8: =20*LOG10(AC8*1000000) -> 113.97754 | AG8: =20*LOG10(AD8*1000000) -> 113.97754 | AH8: =20*LOG10(AE8*1000000) -> 119.99814 | AI8: =DEGREES(IMARGUMENT(AB8)) -> -1.5271899e-05
A9: 108.39269 | B9: =2*PI()*A9 -> 681.05137 | C9: =COMPLEX(Parameters!$B$16/2,B9*Parameters!$B$15/2) -> 0.01+0.000340525683011727i | D9: =IMSUM(COMPLEX(0,B9*2*Parameters!$B$8),IMDIV(COMPLEX(2,0),COMPLEX(Parameters!$B$13,B9*Parameters!$B$12-1/(B9*Parameters!$B$11)))) -> 1.85532399033873E-06+0.013621095804677i | E9: =COMPLEX(0,B9*2*Parameters!$B$17) -> 6.81051366023454E-08i | F9: =IMDIV(IMDIV(COMPLEX(1,0),IMSUM(IMDIV(COMPLEX(1,0),COMPLEX(Parameters!$B$21,B9*Parameters!$B$20)),COMPLEX(0,B9*Parameters!$B$22))),COMPLEX(2,0)) -> 0.0100000000031542+0.0231557464477682i | G9: =IMDIV(IMDIV(COMPLEX(1,0),IMSUM(IMDIV(COMPLEX(1,0),COMPLEX(Parameters!$B$30,B9*Parameters!$B$29)),COMPLEX(0,B9*Parameters!$B$31))),COMPLEX(2,0)) -> 0.0100000000015307+0.0112373475395659i | H9: =IMDIV(IMDIV(COMPLEX(1,0),IMSUM(IMDIV(COMPLEX(1,0),COMPLEX(Parameters!$B$39,B9*Parameters!$B$38*(1+Parameters!$B$40))),COMPLEX(0,B9*Parameters!$B$41))),COMPLEX(2,0)) -> 0.0500000013907975+2.04213254940623i | I9: =IMDIV(COMPLEX(2,0),COMPLEX(Parameters!$B$46,B9*Parameters!$B$45-1/(B9*Parameters!$B$44))) -> 8.97976744700757E-14+2.99662601053377E-06i | J9: =D9 -> 1.85532399033873E-06+0.013621095804677i | K9: =IMDIV(COMPLEX(1,0),IMSUM(C9,IMDIV(COMPLEX(1,0),J9))) -> 3.71070075027694E-06+0.013621158225987i | L9: =IMSUM(E9,K9) -> 3.71070075027694E-06+0.0136212263311236i | M9: =IMDIV(COMPLEX(1,0),IMSUM(F9,IMDIV(COMPLEX(1,0),L9))) -> 5.56959129125931E-06+0.0136255226879184i | N9: =M9 -> 5.56959129125931E-06+0.0136255226879184i | O9: =IMDIV(COMPLEX(1,0),IMSUM(G9,IMDIV(COMPLEX(1,0),N9))) -> 7.42841394665613E-06+0.0136276075037872i | P9: =O9 -> 7.42841394665613E-06+0.0136276075037872i | Q9: =IMDIV(COMPLEX(1,0),IMSUM(H9,IMDIV(COMPLEX(1,0),P9))) -> 0.0000176845858144524+0.0140176937162481i | R9: =IMSUM(I9,Q9) -> 0.0000176845859042501+0.0140206903422586i | S9: =IMDIV(COMPLEX(Parameters!$B$3,0),R9) -> 0.089961234964658-71.3230507672507i | T9: =IMPRODUCT(S9,Q9) -> 0.999786271490914-2.69573771985009E-07i | U9: =IMDIV(T9,P9) -> 0.0399713694942379-73.364746841233i | V9: =IMPRODUCT(U9,O9) -> 0.999786271490914-2.69573771984359E-07i | W9: =IMDIV(V9,N9) -> 0.0299735037485042-73.3759817843354i | X9: =IMPRODUCT(W9,M9) -> 0.999786271490915-2.69573771984955E-07i | Y9: =IMDIV(X9,L9) -> 0.0199756347882597-73.3991325790444i | Z9: =IMDIV(X9,COMPLEX(2,0)) -> 0.499893135745458-1.34786885992478E-07i | AA9: =IMDIV(X9,COMPLEX(2,0)) -> 0.499893135745458-1.34786885992478E-07i | AB9: =IMSUM(Z9,AA9) -> 0.999786271490916-2.69573771984956E-07i | AC9: =IMABS(Z9) -> 0.49989314 | AD9: =IMABS(AA9) -> 0.49989314 | AE9: =IMABS(AB9) -> 0.99978627 | AF9: =20*LOG10(AC9*1000000) -> 113.97754 | AG9: =20*LOG10(AD9*1000000) -> 113.97754 | AH9: =20*LOG10(AE9*1000000) -> 119.99814 | AI9: =DEGREES(IMARGUMENT(AB9)) -> -1.5448741e-05
A10: 109.64782 | B10: =2*PI()*A10 -> 688.93757 | C10: =COMPLEX(Parameters!$B$16/2,B10*Parameters!$B$15/2) -> 0.01+0.000344468784582482i | D10: =IMSUM(COMPLEX(0,B10*2*Parameters!$B$8),IMDIV(COMPLEX(2,0),COMPLEX(Parameters!$B$13,B10*Parameters!$B$12-1/(B10*Parameters!$B$11)))) -> 1.89854004100587E-06+0.0137788206694488i | E10: =COMPLEX(0,B10*2*Parameters!$B$17) -> 6.88937569164964E-08i | F10: =IMDIV(IMDIV(COMPLEX(1,0),IMSUM(IMDIV(COMPLEX(1,0),COMPLEX(Parameters!$B$21,B10*Parameters!$B$20)),COMPLEX(0,B10*Parameters!$B$22))),COMPLEX(2,0)) -> 0.0100000000032275+0.0234238773546998i | G10: =IMDIV(IMDIV(COMPLEX(1,0),IMSUM(IMDIV(COMPLEX(1,0),COMPLEX(Parameters!$B$30,B10*Parameters!$B$29)),COMPLEX(0,B10*Parameters!$B$31))),COMPLEX(2,0)) -> 0.0100000000015663+0.0113674698914232i | H10: =IMDIV(IMDIV(COMPLEX(1,0),IMSUM(IMDIV(COMPLEX(1,0),COMPLEX(Parameters!$B$39,B10*Parameters!$B$38*(1+Parameters!$B$40))),COMPLEX(0,B10*Parameters!$B$41))),COMPLEX(2,0)) -> 0.050000001423193+2.06577933052395i | I10: =IMDIV(COMPLEX(2,0),COMPLEX(Parameters!$B$46,B10*Parameters!$B$45-1/(B10*Parameters!$B$44))) -> 9.18893310083805E-14+3.03132530435749E-06i | J10: =D10 -> 1.89854004100587E-06+0.0137788206694488i | K10: =IMDIV(COMPLEX(1,0),IMSUM(C10,IMDIV(COMPLEX(1,0),J10))) -> 3.79713489634379E-06+0.0137788852843857i | L10: =IMSUM(E10,K10) -> 3.79713489634379E-06+0.0137789541781426i | M10: =IMDIV(COMPLEX(1,0),IMSUM(F10,IMDIV(COMPLEX(1,0),L10))) -> 5.69940873161944E-06+0.0137834015518367i | N10: =M10 -> 5.69940873161944E-06+0.0137834015518367i | O10: =IMDIV(COMPLEX(1,0),IMSUM(G10,IMDIV(COMPLEX(1,0),N10))) -> 7.60161152012185E-06+0.0137855596724925i | P10: =O10 -> 7.60161152012185E-06+0.0137855596724925i | Q10: =IMDIV(COMPLEX(1,0),IMSUM(H10,IMDIV(COMPLEX(1,0),P10))) -> 0.0000181210805272836+0.0141896327917784i | R10: =IMSUM(I10,Q10) -> 0.0000181210806191729+0.0141926641170828i | S10: =IMDIV(COMPLEX(Parameters!$B$3,0),R10) -> 0.0899612610736763-70.4588202436991i | T10: =IMPRODUCT(S10,Q10) -> 0.999786416395269-2.72695372696219E-07i | U10: =IMDIV(T10,P10) -> 0.0399713755025593-72.5241583439923i | V10: =IMPRODUCT(U10,O10) -> 0.999786416395269-2.7269537269687E-07i | W10: =IMDIV(V10,N10) -> 0.029973508237184-72.5355233832514i | X10: =IMPRODUCT(W10,M10) -> 0.999786416395269-2.72695372697032E-07i | Y10: =IMDIV(X10,L10) -> 0.0199756376824215-72.5589422549229i | Z10: =IMDIV(X10,COMPLEX(2,0)) -> 0.499893208197634-1.36347686348516E-07i | AA10: =IMDIV(X10,COMPLEX(2,0)) -> 0.499893208197634-1.36347686348516E-07i | AB10: =IMSUM(Z10,AA10) -> 0.999786416395268-2.72695372697032E-07i | AC10: =IMABS(Z10) -> 0.49989321 | AD10: =IMABS(AA10) -> 0.49989321 | AE10: =IMABS(AB10) -> 0.99978642 | AF10: =20*LOG10(AC10*1000000) -> 113.97754 | AG10: =20*LOG10(AD10*1000000) -> 113.97754 | AH10: =20*LOG10(AE10*1000000) -> 119.99814 | AI10: =DEGREES(IMARGUMENT(AB10)) -> -1.5627632e-05
A11: 110.91748 | B11: =2*PI()*A11 -> 696.91509 | C11: =COMPLEX(Parameters!$B$16/2,B11*Parameters!$B$15/2) -> 0.01+0.000348457545117517i | D11: =IMSUM(COMPLEX(0,B11*2*Parameters!$B$8),IMDIV(COMPLEX(2,0),COMPLEX(Parameters!$B$13,B11*Parameters!$B$12-1/(B11*Parameters!$B$11)))) -> 1.94276272296228E-06+0.0139383719023918i | E11: =COMPLEX(0,B11*2*Parameters!$B$17) -> 6.96915090235035E-08i | F11: =IMDIV(IMDIV(COMPLEX(1,0),IMSUM(IMDIV(COMPLEX(1,0),COMPLEX(Parameters!$B$21,B11*Parameters!$B$20)),COMPLEX(0,B11*Parameters!$B$22))),COMPLEX(2,0)) -> 0.0100000000033028+0.0236951130712072i | G11: =IMDIV(IMDIV(COMPLEX(1,0),IMSUM(IMDIV(COMPLEX(1,0),COMPLEX(Parameters!$B$30,B11*Parameters!$B$29)),COMPLEX(0,B11*Parameters!$B$31))),COMPLEX(2,0)) -> 0.0100000000016028+0.0114990989891027i | H11: =IMDIV(IMDIV(COMPLEX(1,0),IMSUM(IMDIV(COMPLEX(1,0),COMPLEX(Parameters!$B$39,B11*Parameters!$B$38*(1+Parameters!$B$40))),COMPLEX(0,B11*Parameters!$B$41))),COMPLEX(2,0)) -> 0.050000001456343+2.08969992848553i | I11: =IMDIV(COMPLEX(2,0),COMPLEX(Parameters!$B$46,B11*Parameters!$B$45-1/(B11*Parameters!$B$44))) -> 9.40297084862879E-14+3.06642639706691E-06i | J11: =D11 -> 1.94276272296228E-06+0.0139383719023918i | K11: =IMDIV(COMPLEX(1,0),IMSUM(C11,IMDIV(COMPLEX(1,0),J11))) -> 3.88558239105406E-06+0.0139384387880449i | L11: =IMSUM(E11,K11) -> 3.88558239105406E-06+0.0139385084795539i | M11: =IMDIV(COMPLEX(1,0),IMSUM(F11,IMDIV(COMPLEX(1,0),L11))) -> 5.83225401624541E-06+0.0139431121792006i | N11: =M11 -> 5.83225401624541E-06+0.0139431121792006i | O11: =IMDIV(COMPLEX(1,0),IMSUM(G11,IMDIV(COMPLEX(1,0),N11))) -> 7.77885128722496E-06+0.0139453461830944i | P11: =O11 -> 7.77885128722496E-06+0.0139453461830944i | Q11: =IMDIV(COMPLEX(1,0),IMSUM(H11,IMDIV(COMPLEX(1,0),P11))) -> 0.0000185689533863271+0.0143639146428095i | R11: =IMSUM(I11,Q11) -> 0.0000185689534803568+0.0143669810692066i | S11: =IMDIV(COMPLEX(Parameters!$B$3,0),R11) -> 0.0899612877908641-69.60392894624i | T11: =IMPRODUCT(S11,Q11) -> 0.999786564674928-2.75853122761772E-07i | U11: =IMDIV(T11,P11) -> 0.0399713816508352-71.6931828451495i | V11: =IMPRODUCT(U11,O11) -> 0.999786564674928-2.75853122761339E-07i | W11: =IMDIV(V11,N11) -> 0.0299735128304211-71.7046794870661i | X11: =IMPRODUCT(W11,M11) -> 0.999786564674927-2.75853122761285E-07i | Y11: =IMDIV(X11,L11) -> 0.0199756406439988-71.7283695400046i | Z11: =IMDIV(X11,COMPLEX(2,0)) -> 0.499893282337463-1.37926561380643E-07i | AA11: =IMDIV(X11,COMPLEX(2,0)) -> 0.499893282337463-1.37926561380643E-07i | AB11: =IMSUM(Z11,AA11) -> 0.999786564674926-2.75853122761286E-07i | AC11: =IMABS(Z11) -> 0.49989328 | AD11: =IMABS(AA11) -> 0.49989328 | AE11: =IMABS(AB11) -> 0.99978656 | AF11: =20*LOG10(AC11*1000000) -> 113.97755 | AG11: =20*LOG10(AD11*1000000) -> 113.97755 | AH11: =20*LOG10(AE11*1000000) -> 119.99815 | AI11: =DEGREES(IMARGUMENT(AB11)) -> -1.5808594e-05
A12: 112.20185 | B12: =2*PI()*A12 -> 704.98499 | C12: =COMPLEX(Parameters!$B$16/2,B12*Parameters!$B$15/2) -> 0.01+0.000352492493322722i | D12: =IMSUM(COMPLEX(0,B12*2*Parameters!$B$8),IMDIV(COMPLEX(2,0),COMPLEX(Parameters!$B$13,B12*Parameters!$B$12-1/(B12*Parameters!$B$11)))) -> 1.98801548367011E-06+0.0140997706518639i | E12: =COMPLEX(0,B12*2*Parameters!$B$17) -> 7.04984986645444E-08i | F12: =IMDIV(IMDIV(COMPLEX(1,0),IMSUM(IMDIV(COMPLEX(1,0),COMPLEX(Parameters!$B$21,B12*Parameters!$B$20)),COMPLEX(0,B12*Parameters!$B$22))),COMPLEX(2,0)) -> 0.0100000000033796+0.0239694895492905i | G12: =IMDIV(IMDIV(COMPLEX(1,0),IMSUM(IMDIV(COMPLEX(1,0),COMPLEX(Parameters!$B$30,B12*Parameters!$B$29)),COMPLEX(0,B12*Parameters!$B$31))),COMPLEX(2,0)) -> 0.0100000000016401+0.0116322522798987i | H12: =IMDIV(IMDIV(COMPLEX(1,0),IMSUM(IMDIV(COMPLEX(1,0),COMPLEX(Parameters!$B$39,B12*Parameters!$B$38*(1+Parameters!$B$40))),COMPLEX(0,B12*Parameters!$B$41))),COMPLEX(2,0)) -> 0.050000001490266+2.11389751394143i | I12: =IMDIV(COMPLEX(2,0),COMPLEX(Parameters!$B$46,B12*Parameters!$B$45-1/(B12*Parameters!$B$44))) -> 9.62199417602686E-14+3.10193394127387E-06i | J12: =D12 -> 1.98801548367011E-06+0.0140997706518639i | K12: =IMDIV(COMPLEX(1,0),IMSUM(C12,IMDIV(COMPLEX(1,0),J12))) -> 3.97609013314831E-06+0.0140998398880315i | L12: =IMSUM(E12,K12) -> 3.97609013314831E-06+0.0140999103865302i | M12: =IMDIV(COMPLEX(1,0),IMSUM(F12,IMDIV(COMPLEX(1,0),L12))) -> 5.96819786170818E-06+0.0141046759078725i | N12: =M12 -> 5.96819786170818E-06+0.0141046759078725i | O12: =IMDIV(COMPLEX(1,0),IMSUM(G12,IMDIV(COMPLEX(1,0),N12))) -> 7.96022777566985E-06+0.0141069884642076i | P12: =O12 -> 7.96022777566985E-06+0.0141069884642076i | Q12: =IMDIV(COMPLEX(1,0),IMSUM(H12,IMDIV(COMPLEX(1,0),P12))) -> 0.0000190285304406697+0.0145405796019314i | R12: =IMSUM(I12,Q12) -> 0.0000190285305368896+0.0145436815358727i | S12: =IMDIV(COMPLEX(Parameters!$B$3,0),R12) -> 0.0899613151303889-68.7582635594587i | T12: =IMPRODUCT(S12,Q12) -> 0.999786716408512-2.79047440894476E-07i | U12: =IMDIV(T12,P12) -> 0.039971387942324-70.8717101997941i | V12: =IMPRODUCT(U12,O12) -> 0.999786716408512-2.79047440893718E-07i | W12: =IMDIV(V12,N12) -> 0.0299735175306489-70.883339968315i | X12: =IMPRODUCT(W12,M12) -> 0.999786716408512-2.79047440893989E-07i | Y12: =IMDIV(X12,L12) -> 0.0199756436745602-70.9073043427751i | Z12: =IMDIV(X12,COMPLEX(2,0)) -> 0.499893358204256-1.39523720446994E-07i | AA12: =IMDIV(X12,COMPLEX(2,0)) -> 0.499893358204256-1.39523720446994E-07i | AB12: =IMSUM(Z12,AA12) -> 0.999786716408512-2.79047440893988E-07i | AC12: =IMABS(Z12) -> 0.49989336 | AD12: =IMABS(AA12) -> 0.49989336 | AE12: =IMABS(AB12) -> 0.99978672 | AF12: =20*LOG10(AC12*1000000) -> 113.97755 | AG12: =20*LOG10(AD12*1000000) -> 113.97755 | AH12: =20*LOG10(AE12*1000000) -> 119.99815 | AI12: =DEGREES(IMARGUMENT(AB12)) -> -1.5991651e-05
A13: 113.50108 | B13: =2*PI()*A13 -> 713.14833 | C13: =COMPLEX(Parameters!$B$16/2,B13*Parameters!$B$15/2) -> 0.01+0.00035657416402611i | D13: =IMSUM(COMPLEX(0,B13*2*Parameters!$B$8),IMDIV(COMPLEX(2,0),COMPLEX(Parameters!$B$13,B13*Parameters!$B$12-1/(B13*Parameters!$B$11)))) -> 2.03432231675338E-06+0.0142630383111092i | E13: =COMPLEX(0,B13*2*Parameters!$B$17) -> 7.13148328052221E-08i | F13: =IMDIV(IMDIV(COMPLEX(1,0),IMSUM(IMDIV(COMPLEX(1,0),COMPLEX(Parameters!$B$21,B13*Parameters!$B$20)),COMPLEX(0,B13*Parameters!$B$22))),COMPLEX(2,0)) -> 0.0100000000034584+0.0242470431572551i | G13: =IMDIV(IMDIV(COMPLEX(1,0),IMSUM(IMDIV(COMPLEX(1,0),COMPLEX(Parameters!$B$30,B13*Parameters!$B$29)),COMPLEX(0,B13*Parameters!$B$31))),COMPLEX(2,0)) -> 0.0100000000016783+0.011766947413136i | H13: =IMDIV(IMDIV(COMPLEX(1,0),IMSUM(IMDIV(COMPLEX(1,0),COMPLEX(Parameters!$B$39,B13*Parameters!$B$38*(1+Parameters!$B$40))),COMPLEX(0,B13*Parameters!$B$41))),COMPLEX(2,0)) -> 0.050000001524979+2.13837529425653i | I13: =IMDIV(COMPLEX(2,0),COMPLEX(Parameters!$B$46,B13*Parameters!$B$45-1/(B13*Parameters!$B$44))) -> 9.84611921209953E-14+3.13785264346488E-06i | J13: =D13 -> 2.03432231675338E-06+0.0142630383111092i | K13: =IMDIV(COMPLEX(1,0),IMSUM(C13,IMDIV(COMPLEX(1,0),J13))) -> 4.06870611386493E-06+0.0142631099803939i | L13: =IMSUM(E13,K13) -> 4.06870611386493E-06+0.0142631812952267i | M13: =IMDIV(COMPLEX(1,0),IMSUM(F13,IMDIV(COMPLEX(1,0),L13))) -> 6.10731264069743E-06+0.014268114327265i | N13: =M13 -> 6.10731264069743E-06+0.014268114327265i | O13: =IMDIV(COMPLEX(1,0),IMSUM(G13,IMDIV(COMPLEX(1,0),N13))) -> 8.14583773259874E-06+0.0142705081991946i | P13: =O13 -> 8.14583773259874E-06+0.0142705081991946i | Q13: =IMDIV(COMPLEX(1,0),IMSUM(H13,IMDIV(COMPLEX(1,0),P13))) -> 0.0000195001485081912+0.0147196689852604i | R13: =IMSUM(I13,Q13) -> 0.0000195001486066524+0.0147228068379039i | S13: =IMDIV(COMPLEX(Parameters!$B$3,0),R13) -> 0.0899613431067477-67.9217119908103i | T13: =IMPRODUCT(S13,Q13) -> 0.99978687167647-2.82278750628369E-07i | U13: =IMDIV(T13,P13) -> 0.0399713943803638-70.0596315226113i | V13: =IMPRODUCT(U13,O13) -> 0.99978687167647-2.82278750628694E-07i | W13: =IMDIV(V13,N13) -> 0.0299735223403617-70.0713959593316i | X13: =IMPRODUCT(W13,M13) -> 0.99978687167647-2.82278750628369E-07i | Y13: =IMDIV(X13,L13) -> 0.0199756467757144-70.0956378319345i | Z13: =IMDIV(X13,COMPLEX(2,0)) -> 0.499893435838235-1.41139375314184E-07i | AA13: =IMDIV(X13,COMPLEX(2,0)) -> 0.499893435838235-1.41139375314184E-07i | AB13: =IMSUM(Z13,AA13) -> 0.99978687167647-2.82278750628368E-07i | AC13: =IMABS(Z13) -> 0.49989344 | AD13: =IMABS(AA13) -> 0.49989344 | AE13: =IMABS(AB13) -> 0.99978687 | AF13: =20*LOG10(AC13*1000000) -> 113.97755 | AG13: =20*LOG10(AD13*1000000) -> 113.97755 | AH13: =20*LOG10(AE13*1000000) -> 119.99815 | AI13: =DEGREES(IMARGUMENT(AB13)) -> -1.6176829e-05
... A1202: 100000000 | B1202: =2*PI()*A1202 -> 6.2831853e+08 | C1202: =COMPLEX(Parameters!$B$16/2,B1202*Parameters!$B$15/2) -> 0.01+314.159265358979i | D1202: =IMSUM(COMPLEX(0,B1202*2*Parameters!$B$8),IMDIV(COMPLEX(2,0),COMPLEX(Parameters!$B$13,B1202*Parameters!$B$12-1/(B1202*Parameters!$B$11)))) -> 0.00101325290136657-0.255482870833987i | E1202: =COMPLEX(0,B1202*2*Parameters!$B$17) -> 0.0628318530717959i | F1202: =IMDIV(IMDIV(COMPLEX(1,0),IMSUM(IMDIV(COMPLEX(1,0),COMPLEX(Parameters!$B$21,B1202*Parameters!$B$20)),COMPLEX(0,B1202*Parameters!$B$22))),COMPLEX(2,0)) -> 5.63401477077695E-07-160.349561279051i | G1202: =IMDIV(IMDIV(COMPLEX(1,0),IMSUM(IMDIV(COMPLEX(1,0),COMPLEX(Parameters!$B$30,B1202*Parameters!$B$29)),COMPLEX(0,B1202*Parameters!$B$31))),COMPLEX(2,0)) -> 2.43080635134597E-06-161.63633472122i | H1202: =IMDIV(IMDIV(COMPLEX(1,0),IMSUM(IMDIV(COMPLEX(1,0),COMPLEX(Parameters!$B$39,B1202*Parameters!$B$38*(1+Parameters!$B$40))),COMPLEX(0,B1202*Parameters!$B$41))),COMPLEX(2,0)) -> 3.56874734967063E-10-159.168389089545i | I1202: =IMDIV(COMPLEX(2,0),COMPLEX(Parameters!$B$46,B1202*Parameters!$B$45-1/(B1202*Parameters!$B$44))) -> 0.00129402676420172-0.359723507592854i | J1202: =D1202 -> 0.00101325290136657-0.255482870833987i | K1202: =IMDIV(COMPLEX(1,0),IMSUM(C1202,IMDIV(COMPLEX(1,0),J1202))) -> 2.52280855444385E-07-0.00314392878390267i | L1202: =IMSUM(E1202,K1202) -> 2.52280855444385E-07+0.0596879242878932i | M1202: =IMDIV(COMPLEX(1,0),IMSUM(F1202,IMDIV(COMPLEX(1,0),L1202))) -> 2.27561802871245E-09+0.00564641997659056i | N1202: =M1202 -> 2.27561802871245E-09+0.00564641997659056i | O1202: =IMDIV(COMPLEX(1,0),IMSUM(G1202,IMDIV(COMPLEX(1,0),N1202))) -> 6.43228065865068E-10+0.0029521192507131i | P1202: =O1202 -> 6.43228065865068E-10+0.0029521192507131i | Q1202: =IMDIV(COMPLEX(1,0),IMSUM(H1202,IMDIV(COMPLEX(1,0),P1202))) -> 2.97715140653698E-10+0.00200840278490682i | R1202: =IMSUM(I1202,Q1202) -> 0.00129402706191686-0.357715104807947i | S1202: =IMDIV(COMPLEX(Parameters!$B$3,0),R1202) -> 0.0101126067160411+2.7954841732225i | T1202: =IMPRODUCT(S1202,Q1202) -> -0.00561445819565233+0.0000203110197491282i | U1202: =IMDIV(T1202,P1202) -> 0.00687973442381013+1.90183990660993i | V1202: =IMPRODUCT(U1202,O1202) -> -0.00561445819565234+0.0000203110197491282i | W1202: =IMDIV(V1202,N1202) -> 0.00359674928477139+0.994339462369802i | X1202: =IMPRODUCT(W1202,M1202) -> -0.00561445819565234+0.0000203110197491282i | Y1202: =IMDIV(X1202,L1202) -> 0.000339889342062574+0.094063553865932i | Z1202: =IMDIV(X1202,COMPLEX(2,0)) -> -0.00280722909782617+0.0000101555098745641i | AA1202: =IMDIV(X1202,COMPLEX(2,0)) -> -0.00280722909782617+0.0000101555098745641i | AB1202: =IMSUM(Z1202,AA1202) -> -0.00561445819565234+0.0000203110197491282i | AC1202: =IMABS(Z1202) -> 0.0028072475 | AD1202: =IMABS(AA1202) -> 0.0028072475 | AE1202: =IMABS(AB1202) -> 0.0056144949 | AF1202: =20*LOG10(AC1202*1000000) -> 68.965614 | AG1202: =20*LOG10(AD1202*1000000) -> 68.965614 | AH1202: =20*LOG10(AE1202*1000000) -> 74.986214 | AI1202: =DEGREES(IMARGUMENT(AB1202)) -> 179.79273

Sheet Results
A1: f_Hz | B1: I_HOT_abs_A | C1: I_RTN_abs_A | D1: I_CM_abs_A | E1: I_HOT_dBuA | F1: I_RTN_dBuA | G1: I_CM_dBuA | H1: I_CM_phase_deg | J1: Check frequency | K1: Nearest row | L1: I_HOT_dBuA | M1: I_RTN_dBuA | N1: I_CM_dBuA | O1: I_CM_abs_A
A2: =CM_Calc!A2 -> 100 | B2: =CM_Calc!AC2 -> 0.49989267 | C2: =CM_Calc!AD2 -> 0.49989267 | D2: =CM_Calc!AE2 -> 0.99978535 | E2: =CM_Calc!AF2 -> 113.97754 | F2: =CM_Calc!AG2 -> 113.97754 | G2: =CM_Calc!AH2 -> 119.99814 | H2: =CM_Calc!AI2 -> -1.4252553e-05 | J2: 100 | K2: =MATCH(J2,$A$2:$A$1202,1)+1 -> 2 | L2: =INDEX($E$2:$E$1202,K2-1) -> 113.97754 | M2: =INDEX($F$2:$F$1202,K2-1) -> 113.97754 | N2: =INDEX($G$2:$G$1202,K2-1) -> 119.99814 | O2: =INDEX($D$2:$D$1202,K2-1) -> 0.99978535
A3: =CM_Calc!A3 -> 101.15795 | B3: =CM_Calc!AC3 -> 0.49989273 | C3: =CM_Calc!AD3 -> 0.49989273 | D3: =CM_Calc!AE3 -> 0.99978547 | E3: =CM_Calc!AF3 -> 113.97754 | F3: =CM_Calc!AG3 -> 113.97754 | G3: =CM_Calc!AH3 -> 119.99814 | H3: =CM_Calc!AI3 -> -1.4417591e-05 | J3: 400 | K3: =MATCH(J3,$A$2:$A$1202,1)+1 -> 122 | L3: =INDEX($E$2:$E$1202,K3-1) -> 113.97822 | M3: =INDEX($F$2:$F$1202,K3-1) -> 113.97822 | N3: =INDEX($G$2:$G$1202,K3-1) -> 119.99882 | O3: =INDEX($D$2:$D$1202,K3-1) -> 0.99986397
A4: =CM_Calc!A4 -> 102.3293 | B4: =CM_Calc!AC4 -> 0.4998928 | C4: =CM_Calc!AD4 -> 0.4998928 | D4: =CM_Calc!AE4 -> 0.99978559 | E4: =CM_Calc!AF4 -> 113.97754 | F4: =CM_Calc!AG4 -> 113.97754 | G4: =CM_Calc!AH4 -> 119.99814 | H4: =CM_Calc!AI4 -> -1.4584541e-05 | J4: 1000 | K4: =MATCH(J4,$A$2:$A$1202,1)+1 -> 202 | L4: =INDEX($E$2:$E$1202,K4-1) -> 113.98209 | M4: =INDEX($F$2:$F$1202,K4-1) -> 113.98209 | N4: =INDEX($G$2:$G$1202,K4-1) -> 120.00269 | O4: =INDEX($D$2:$D$1202,K4-1) -> 1.0003098
A5: =CM_Calc!A5 -> 103.51422 | B5: =CM_Calc!AC5 -> 0.49989286 | C5: =CM_Calc!AD5 -> 0.49989286 | D5: =CM_Calc!AE5 -> 0.99978572 | E5: =CM_Calc!AF5 -> 113.97754 | F5: =CM_Calc!AG5 -> 113.97754 | G5: =CM_Calc!AH5 -> 119.99814 | H5: =CM_Calc!AI5 -> -1.4753424e-05 | J5: 10000 | K5: =MATCH(J5,$A$2:$A$1202,1)+1 -> 402 | L5: =INDEX($E$2:$E$1202,K5-1) -> 114.45018 | M5: =INDEX($F$2:$F$1202,K5-1) -> 114.45018 | N5: =INDEX($G$2:$G$1202,K5-1) -> 120.47078 | O5: =INDEX($D$2:$D$1202,K5-1) -> 1.055696
A6: =CM_Calc!A6 -> 104.71285 | B6: =CM_Calc!AC6 -> 0.49989293 | C6: =CM_Calc!AD6 -> 0.49989293 | D6: =CM_Calc!AE6 -> 0.99978586 | E6: =CM_Calc!AF6 -> 113.97754 | F6: =CM_Calc!AG6 -> 113.97754 | G6: =CM_Calc!AH6 -> 119.99814 | H6: =CM_Calc!AI6 -> -1.4924263e-05 | J6: 100000 | K6: =MATCH(J6,$A$2:$A$1202,1)+1 -> 602 | L6: =INDEX($E$2:$E$1202,K6-1) -> 101.19091 | M6: =INDEX($F$2:$F$1202,K6-1) -> 101.19091 | N6: =INDEX($G$2:$G$1202,K6-1) -> 107.21151 | O6: =INDEX($D$2:$D$1202,K6-1) -> 0.22939066
A7: =CM_Calc!A7 -> 105.92537 | B7: =CM_Calc!AC7 -> 0.499893 | C7: =CM_Calc!AD7 -> 0.499893 | D7: =CM_Calc!AE7 -> 0.99978599 | E7: =CM_Calc!AF7 -> 113.97754 | F7: =CM_Calc!AG7 -> 113.97754 | G7: =CM_Calc!AH7 -> 119.99814 | H7: =CM_Calc!AI7 -> -1.509708e-05 | J7: 1000000 | K7: =MATCH(J7,$A$2:$A$1202,1)+1 -> 802 | L7: =INDEX($E$2:$E$1202,K7-1) -> 44.946987 | M7: =INDEX($F$2:$F$1202,K7-1) -> 44.946987 | N7: =INDEX($G$2:$G$1202,K7-1) -> 50.967587 | O7: =INDEX($D$2:$D$1202,K7-1) -> 0.00035349179
A8: =CM_Calc!A8 -> 107.15193 | B8: =CM_Calc!AC8 -> 0.49989306 | C8: =CM_Calc!AD8 -> 0.49989306 | D8: =CM_Calc!AE8 -> 0.99978613 | E8: =CM_Calc!AF8 -> 113.97754 | F8: =CM_Calc!AG8 -> 113.97754 | G8: =CM_Calc!AH8 -> 119.99814 | H8: =CM_Calc!AI8 -> -1.5271899e-05 | J8: 10000000 | K8: =MATCH(J8,$A$2:$A$1202,1)+1 -> 1002 | L8: =INDEX($E$2:$E$1202,K8-1) -> 50.667078 | M8: =INDEX($F$2:$F$1202,K8-1) -> 50.667078 | N8: =INDEX($G$2:$G$1202,K8-1) -> 56.687678 | O8: =INDEX($D$2:$D$1202,K8-1) -> 0.00068294212
A9: =CM_Calc!A9 -> 108.39269 | B9: =CM_Calc!AC9 -> 0.49989314 | C9: =CM_Calc!AD9 -> 0.49989314 | D9: =CM_Calc!AE9 -> 0.99978627 | E9: =CM_Calc!AF9 -> 113.97754 | F9: =CM_Calc!AG9 -> 113.97754 | G9: =CM_Calc!AH9 -> 119.99814 | H9: =CM_Calc!AI9 -> -1.5448741e-05 | J9: 100000000 | K9: =MATCH(J9,$A$2:$A$1202,1)+1 -> 1202 | L9: =INDEX($E$2:$E$1202,K9-1) -> 68.965614 | M9: =INDEX($F$2:$F$1202,K9-1) -> 68.965614 | N9: =INDEX($G$2:$G$1202,K9-1) -> 74.986214 | O9: =INDEX($D$2:$D$1202,K9-1) -> 0.0056144949
A10: =CM_Calc!A10 -> 109.64782 | B10: =CM_Calc!AC10 -> 0.49989321 | C10: =CM_Calc!AD10 -> 0.49989321 | D10: =CM_Calc!AE10 -> 0.99978642 | E10: =CM_Calc!AF10 -> 113.97754 | F10: =CM_Calc!AG10 -> 113.97754 | G10: =CM_Calc!AH10 -> 119.99814 | H10: =CM_Calc!AI10 -> -1.5627632e-05
A11: =CM_Calc!A11 -> 110.91748 | B11: =CM_Calc!AC11 -> 0.49989328 | C11: =CM_Calc!AD11 -> 0.49989328 | D11: =CM_Calc!AE11 -> 0.99978656 | E11: =CM_Calc!AF11 -> 113.97755 | F11: =CM_Calc!AG11 -> 113.97755 | G11: =CM_Calc!AH11 -> 119.99815 | H11: =CM_Calc!AI11 -> -1.5808594e-05
A12: =CM_Calc!A12 -> 112.20185 | B12: =CM_Calc!AC12 -> 0.49989336 | C12: =CM_Calc!AD12 -> 0.49989336 | D12: =CM_Calc!AE12 -> 0.99978672 | E12: =CM_Calc!AF12 -> 113.97755 | F12: =CM_Calc!AG12 -> 113.97755 | G12: =CM_Calc!AH12 -> 119.99815 | H12: =CM_Calc!AI12 -> -1.5991651e-05
A13: =CM_Calc!A13 -> 113.50108 | B13: =CM_Calc!AC13 -> 0.49989344 | C13: =CM_Calc!AD13 -> 0.49989344 | D13: =CM_Calc!AE13 -> 0.99978687 | E13: =CM_Calc!AF13 -> 113.97755 | F13: =CM_Calc!AG13 -> 113.97755 | G13: =CM_Calc!AH13 -> 119.99815 | H13: =CM_Calc!AI13 -> -1.6176829e-05
A14: =CM_Calc!A14 -> 114.81536 | B14: =CM_Calc!AC14 -> 0.49989352 | C14: =CM_Calc!AD14 -> 0.49989352 | D14: =CM_Calc!AE14 -> 0.99978703 | E14: =CM_Calc!AF14 -> 113.97755 | F14: =CM_Calc!AG14 -> 113.97755 | G14: =CM_Calc!AH14 -> 119.99815 | H14: =CM_Calc!AI14 -> -1.6364151e-05
A15: =CM_Calc!A15 -> 116.14486 | B15: =CM_Calc!AC15 -> 0.4998936 | C15: =CM_Calc!AD15 -> 0.4998936 | D15: =CM_Calc!AE15 -> 0.99978719 | E15: =CM_Calc!AF15 -> 113.97755 | F15: =CM_Calc!AG15 -> 113.97755 | G15: =CM_Calc!AH15 -> 119.99815 | H15: =CM_Calc!AI15 -> -1.6553641e-05
A16: =CM_Calc!A16 -> 117.48976 | B16: =CM_Calc!AC16 -> 0.49989368 | C16: =CM_Calc!AD16 -> 0.49989368 | D16: =CM_Calc!AE16 -> 0.99978736 | E16: =CM_Calc!AF16 -> 113.97755 | F16: =CM_Calc!AG16 -> 113.97755 | G16: =CM_Calc!AH16 -> 119.99815 | H16: =CM_Calc!AI16 -> -1.6745327e-05
A17: =CM_Calc!A17 -> 118.85022 | B17: =CM_Calc!AC17 -> 0.49989376 | C17: =CM_Calc!AD17 -> 0.49989376 | D17: =CM_Calc!AE17 -> 0.99978753 | E17: =CM_Calc!AF17 -> 113.97755 | F17: =CM_Calc!AG17 -> 113.97755 | G17: =CM_Calc!AH17 -> 119.99815 | H17: =CM_Calc!AI17 -> -1.6939232e-05
A18: =CM_Calc!A18 -> 120.22644 | B18: =CM_Calc!AC18 -> 0.49989385 | C18: =CM_Calc!AD18 -> 0.49989385 | D18: =CM_Calc!AE18 -> 0.9997877 | E18: =CM_Calc!AF18 -> 113.97756 | F18: =CM_Calc!AG18 -> 113.97756 | G18: =CM_Calc!AH18 -> 119.99816 | H18: =CM_Calc!AI18 -> -1.7135382e-05
A19: =CM_Calc!A19 -> 121.6186 | B19: =CM_Calc!AC19 -> 0.49989394 | C19: =CM_Calc!AD19 -> 0.49989394 | D19: =CM_Calc!AE19 -> 0.99978788 | E19: =CM_Calc!AF19 -> 113.97756 | F19: =CM_Calc!AG19 -> 113.97756 | G19: =CM_Calc!AH19 -> 119.99816 | H19: =CM_Calc!AI19 -> -1.7333804e-05
A20: =CM_Calc!A20 -> 123.02688 | B20: =CM_Calc!AC20 -> 0.49989403 | C20: =CM_Calc!AD20 -> 0.49989403 | D20: =CM_Calc!AE20 -> 0.99978806 | E20: =CM_Calc!AF20 -> 113.97756 | F20: =CM_Calc!AG20 -> 113.97756 | G20: =CM_Calc!AH20 -> 119.99816 | H20: =CM_Calc!AI20 -> -1.7534523e-05
A21: =CM_Calc!A21 -> 124.45146 | B21: =CM_Calc!AC21 -> 0.49989413 | C21: =CM_Calc!AD21 -> 0.49989413 | D21: =CM_Calc!AE21 -> 0.99978825 | E21: =CM_Calc!AF21 -> 113.97756 | F21: =CM_Calc!AG21 -> 113.97756 | G21: =CM_Calc!AH21 -> 119.99816 | H21: =CM_Calc!AI21 -> -1.7737567e-05
... A1202: =CM_Calc!A1202 -> 100000000 | B1202: =CM_Calc!AC1202 -> 0.0028072475 | C1202: =CM_Calc!AD1202 -> 0.0028072475 | D1202: =CM_Calc!AE1202 -> 0.0056144949 | E1202: =CM_Calc!AF1202 -> 68.965614 | F1202: =CM_Calc!AG1202 -> 68.965614 | G1202: =CM_Calc!AH1202 -> 74.986214 | H1202: =CM_Calc!AI1202 -> 179.79273

Sheet Python_Reference
A1: frequency_Hz | B1: I_HOT_abs_A | C1: I_RTN_abs_A | D1: I_CM_abs_A | E1: I_HOT_dBuA | F1: I_RTN_dBuA | G1: I_CM_dBuA | H1: I_CM_phase_deg
A2: 100 | B2: 0.49989267 | C2: 0.49989267 | D2: 0.99978535 | E2: 113.97754 | F2: 113.97754 | G2: 119.99814 | H2: -1.4252553e-05
A3: 101.15795 | B3: 0.49989273 | C3: 0.49989273 | D3: 0.99978547 | E3: 113.97754 | F3: 113.97754 | G3: 119.99814 | H3: -1.4417591e-05
A4: 102.3293 | B4: 0.4998928 | C4: 0.4998928 | D4: 0.99978559 | E4: 113.97754 | F4: 113.97754 | G4: 119.99814 | H4: -1.4584541e-05
A5: 103.51422 | B5: 0.49989286 | C5: 0.49989286 | D5: 0.99978572 | E5: 113.97754 | F5: 113.97754 | G5: 119.99814 | H5: -1.4753424e-05
A6: 104.71285 | B6: 0.49989293 | C6: 0.49989293 | D6: 0.99978586 | E6: 113.97754 | F6: 113.97754 | G6: 119.99814 | H6: -1.4924263e-05
A7: 105.92537 | B7: 0.499893 | C7: 0.499893 | D7: 0.99978599 | E7: 113.97754 | F7: 113.97754 | G7: 119.99814 | H7: -1.509708e-05
A8: 107.15193 | B8: 0.49989306 | C8: 0.49989306 | D8: 0.99978613 | E8: 113.97754 | F8: 113.97754 | G8: 119.99814 | H8: -1.5271899e-05
A9: 108.39269 | B9: 0.49989314 | C9: 0.49989314 | D9: 0.99978627 | E9: 113.97754 | F9: 113.97754 | G9: 119.99814 | H9: -1.5448741e-05
A10: 109.64782 | B10: 0.49989321 | C10: 0.49989321 | D10: 0.99978642 | E10: 113.97754 | F10: 113.97754 | G10: 119.99814 | H10: -1.5627632e-05
A11: 110.91748 | B11: 0.49989328 | C11: 0.49989328 | D11: 0.99978656 | E11: 113.97755 | F11: 113.97755 | G11: 119.99815 | H11: -1.5808594e-05
A12: 112.20185 | B12: 0.49989336 | C12: 0.49989336 | D12: 0.99978672 | E12: 113.97755 | F12: 113.97755 | G12: 119.99815 | H12: -1.5991651e-05
A13: 113.50108 | B13: 0.49989344 | C13: 0.49989344 | D13: 0.99978687 | E13: 113.97755 | F13: 113.97755 | G13: 119.99815 | H13: -1.6176829e-05
... A1202: 100000000 | B1202: 0.0028072475 | C1202: 0.0028072475 | D1202: 0.0056144949 | E1202: 68.965614 | F1202: 68.965614 | G1202: 74.986214 | H1202: 179.79273
