Workbook

Sheet Summary
A1: EMI Filter Differential-Mode ABCD Model
A3: Purpose | B3: 試験系AC電源＋ライン＋貫通コンデンサ＋入力EMIフィルタ＋負荷のDM周波数特性
A4: Calculation | B4: ABCD行列を実部・虚部に分けてExcel数式で逐次カスケード
A5: Output | B5: Results: Vload/Vsource [dB] for ROUT=0Ω and 50Ω
A6: Frequency | B6: 100 Hz ～ 100 MHz, log-spaced 1201 points
A7: Editable inputs | B7: Parameters!C:C
A8: Python correspondence | B8: Python基準モデルと同じDM等価化
A9: LTspice note | B9: LTspiceでLの既定Rser=1mΩがある場合、外付けDCRを1mΩ引くと一致
A10: Use | B10: パラメータ変更後にExcelで再計算してください。

Sheet Parameters
A1: Block | B1: Parameter | C1: Value (SI) | D1: Unit | E1: Notes
A2: Calculation | B2: f_start | C2: 100 | D2: Hz | E2: Start frequency
A3: Calculation | B3: f_stop | C3: 100000000 | D3: Hz | E3: Stop frequency
A4: Calculation | B4: n_points | C4: 1201 | D4: - | E4: Log-spaced points, 200 points/decade
A5: Source_load | B5: Vsource | C5: 115 | D5: Vrms | E5: Small-signal gain uses AC=1 equivalent
A6: Source_load | B6: Rload | C6: 28.75 | D6: ohm | E6: DUMMY load HOT-RTN
A7: Source_load | B7: Rout_0 | C7: 0 | D7: ohm | E7: Source output resistance case 1
A8: Source_load | B8: Rout_50 | C8: 50 | D8: ohm | E8: Source output resistance case 2
A9: LINE_PS | B9: L_each | C9: 1e-06 | D9: H | E9: Each conductor
A10: LINE_PS | B10: DCR_each | C10: 0.02 | D10: ohm | E10: Each conductor
A11: LINE_PS | B11: C_CHA_each | C11: 5e-11 | D11: F | E11: Line to chassis per conductor
A12: LINE_PS | B12: C_LINE | C12: 5e-11 | D12: F | E12: HOT-RTN capacitance
A13: C_THROUGH | B13: C_each | C13: 1e-05 | D13: F | E13: Each feedthrough capacitor to chassis
... A47: CY | B47: ESR_each | C47: 0.02 | D47: ohm | E47: Each Y capacitor

Sheet Results
A1: Frequency_Hz | B1: log10_f | C1: Gain_ROUT0_dB | D1: Gain_ROUT50_dB | E1: AbsH_ROUT0 | F1: AbsH_ROUT50
A2: =Calc_ABCD!A2 -> 100 | B2: =Calc_ABCD!B2 -> 2 | C2: =Calc_ABCD!FB2 -> -0.10704231 | D2: =Calc_ABCD!FF2 -> -8.8179518 | E2: =Calc_ABCD!FC2 -> 0.98775192 | F2: =Calc_ABCD!FG2 -> 0.36232843
A3: =Calc_ABCD!A3 -> 101.15795 | B3: =Calc_ABCD!B3 -> 2.005 | C3: =Calc_ABCD!FB3 -> -0.10701797 | D3: =Calc_ABCD!FF3 -> -8.8185573 | E3: =Calc_ABCD!FC3 -> 0.98775469 | F3: =Calc_ABCD!FG3 -> 0.36230317
A4: =Calc_ABCD!A4 -> 102.3293 | B4: =Calc_ABCD!B4 -> 2.01 | C4: =Calc_ABCD!FB4 -> -0.10699307 | D4: =Calc_ABCD!FF4 -> -8.8191768 | E4: =Calc_ABCD!FC4 -> 0.98775752 | F4: =Calc_ABCD!FG4 -> 0.36227733
A5: =Calc_ABCD!A5 -> 103.51422 | B5: =Calc_ABCD!B5 -> 2.015 | C5: =Calc_ABCD!FB5 -> -0.10696758 | D5: =Calc_ABCD!FF5 -> -8.8198107 | E5: =Calc_ABCD!FC5 -> 0.98776042 | F5: =Calc_ABCD!FG5 -> 0.36225089
A6: =Calc_ABCD!A6 -> 104.71285 | B6: =Calc_ABCD!B6 -> 2.02 | C6: =Calc_ABCD!FB6 -> -0.1069415 | D6: =Calc_ABCD!FF6 -> -8.8204592 | E6: =Calc_ABCD!FC6 -> 0.98776339 | F6: =Calc_ABCD!FG6 -> 0.36222385
A7: =Calc_ABCD!A7 -> 105.92537 | B7: =Calc_ABCD!B7 -> 2.025 | C7: =Calc_ABCD!FB7 -> -0.10691482 | D7: =Calc_ABCD!FF7 -> -8.8211228 | E7: =Calc_ABCD!FC7 -> 0.98776642 | F7: =Calc_ABCD!FG7 -> 0.36219618
A8: =Calc_ABCD!A8 -> 107.15193 | B8: =Calc_ABCD!B8 -> 2.03 | C8: =Calc_ABCD!FB8 -> -0.10688751 | D8: =Calc_ABCD!FF8 -> -8.8218016 | E8: =Calc_ABCD!FC8 -> 0.98776953 | F8: =Calc_ABCD!FG8 -> 0.36216787
A9: =Calc_ABCD!A9 -> 108.39269 | B9: =Calc_ABCD!B9 -> 2.035 | C9: =Calc_ABCD!FB9 -> -0.10685957 | D9: =Calc_ABCD!FF9 -> -8.8224962 | E9: =Calc_ABCD!FC9 -> 0.98777271 | F9: =Calc_ABCD!FG9 -> 0.36213891
A10: =Calc_ABCD!A10 -> 109.64782 | B10: =Calc_ABCD!B10 -> 2.04 | C10: =Calc_ABCD!FB10 -> -0.10683097 | D10: =Calc_ABCD!FF10 -> -8.8232068 | E10: =Calc_ABCD!FC10 -> 0.98777596 | F10: =Calc_ABCD!FG10 -> 0.36210928
A11: =Calc_ABCD!A11 -> 110.91748 | B11: =Calc_ABCD!B11 -> 2.045 | C11: =Calc_ABCD!FB11 -> -0.10680171 | D11: =Calc_ABCD!FF11 -> -8.8239339 | E11: =Calc_ABCD!FC11 -> 0.98777929 | F11: =Calc_ABCD!FG11 -> 0.36207897
A12: =Calc_ABCD!A12 -> 112.20185 | B12: =Calc_ABCD!B12 -> 2.05 | C12: =Calc_ABCD!FB12 -> -0.10677177 | D12: =Calc_ABCD!FF12 -> -8.8246777 | E12: =Calc_ABCD!FC12 -> 0.98778269 | F12: =Calc_ABCD!FG12 -> 0.36204797
A13: =Calc_ABCD!A13 -> 113.50108 | B13: =Calc_ABCD!B13 -> 2.055 | C13: =Calc_ABCD!FB13 -> -0.10674113 | D13: =Calc_ABCD!FF13 -> -8.8254388 | E13: =Calc_ABCD!FC13 -> 0.98778617 | F13: =Calc_ABCD!FG13 -> 0.36201625
... A1202: =Calc_ABCD!A1202 -> 100000000 | B1202: =Calc_ABCD!B1202 -> 8 | C1202: =Calc_ABCD!FB1202 -> -188.33731 | D1202: =Calc_ABCD!FF1202 -> -188.34394 | E1202: =Calc_ABCD!FC1202 -> 3.8294321e-10 | F1202: =Calc_ABCD!FG1202 -> 3.826513e-10

Sheet Calc_ABCD
A1: f_Hz | B1: log10_f | C1: omega_rad_s | D1: A0_r | E1: A0_i | F1: B0_r | G1: B0_i | H1: C0_r | I1: C0_i | J1: D0_r | K1: D0_i | L1: LINE_PS_SER_Zr | M1: LINE_PS_SER_Zi | N1: LINE_PS_SER_Yr | O1: LINE_PS_SER_Yi | P1: LINE_PS_SER_Ar | Q1: LINE_PS_SER_Ai | R1: LINE_PS_SER_Br | S1: LINE_PS_SER_Bi | T1: LINE_PS_SER_Cr | U1: LINE_PS_SER_Ci | V1: LINE_PS_SER_Dr | W1: LINE_PS_SER_Di | X1: LINE_PS_SH_Zr | Y1: LINE_PS_SH_Zi | Z1: LINE_PS_SH_Yr | AA1: LINE_PS_SH_Yi | AB1: LINE_PS_SH_Ar | AC1: LINE_PS_SH_Ai | AD1: LINE_PS_SH_Br | AE1: LINE_PS_SH_Bi | AF1: LINE_PS_SH_Cr | AG1: LINE_PS_SH_Ci | AH1: LINE_PS_SH_Dr | AI1: LINE_PS_SH_Di | AJ1: C_THROUGH_Zr | AK1: C_THROUGH_Zi | AL1: C_THROUGH_Yr | AM1: C_THROUGH_Yi | AN1: C_THROUGH_Ar | AO1: C_THROUGH_Ai | AP1: C_THROUGH_Br | AQ1: C_THROUGH_Bi | AR1: C_THROUGH_Cr | AS1: C_THROUGH_Ci | AT1: C_THROUGH_Dr | AU1: C_THROUGH_Di | AV1: LINE_INPUT_SER_Zr | AW1: LINE_INPUT_SER_Zi | AX1: LINE_INPUT_SER_Yr | AY1: LINE_INPUT_SER_Yi | AZ1: LINE_INPUT_SER_Ar | BA1: LINE_INPUT_SER_Ai | BB1: LINE_INPUT_SER_Br | BC1: LINE_INPUT_SER_Bi | BD1: LINE_INPUT_SER_Cr | BE1: LINE_INPUT_SER_Ci | BF1: LINE_INPUT_SER_Dr | BG1: LINE_INPUT_SER_Di | BH1: LINE_INPUT_SH_Zr | BI1: LINE_INPUT_SH_Zi | BJ1: LINE_INPUT_SH_Yr | BK1: LINE_INPUT_SH_Yi | BL1: LINE_INPUT_SH_Ar | BM1: LINE_INPUT_SH_Ai | BN1: LINE_INPUT_SH_Br | BO1: LINE_INPUT_SH_Bi | BP1: LINE_INPUT_SH_Cr | BQ1: LINE_INPUT_SH_Ci | BR1: LINE_INPUT_SH_Dr | BS1: LINE_INPUT_SH_Di | BT1: LDM1_Zr | BU1: LDM1_Zi | BV1: LDM1_Yr | BW1: LDM1_Yi | BX1: LDM1_Ar | BY1: LDM1_Ai | BZ1: LDM1_Br | CA1: LDM1_Bi | CB1: LDM1_Cr | CC1: LDM1_Ci | CD1: LDM1_Dr | CE1: LDM1_Di | CF1: CX1_DUMP1_Zr | CG1: CX1_DUMP1_Zi | CH1: CX1_DUMP1_Yr | CI1: CX1_DUMP1_Yi | CJ1: CX1_DUMP1_Ar | CK1: CX1_DUMP1_Ai | CL1: CX1_DUMP1_Br | CM1: CX1_DUMP1_Bi | CN1: CX1_DUMP1_Cr | CO1: CX1_DUMP1_Ci | CP1: CX1_DUMP1_Dr | CQ1: CX1_DUMP1_Di | CR1: LDM2_Zr | CS1: LDM2_Zi | CT1: LDM2_Yr | CU1: LDM2_Yi | CV1: LDM2_Ar | CW1: LDM2_Ai | CX1: LDM2_Br | CY1: LDM2_Bi | CZ1: LDM2_Cr | DA1: LDM2_Ci | DB1: LDM2_Dr | DC1: LDM2_Di | DD1: CX2_DUMP2_Zr | DE1: CX2_DUMP2_Zi | DF1: CX2_DUMP2_Yr | DG1: CX2_DUMP2_Yi | DH1: CX2_DUMP2_Ar | DI1: CX2_DUMP2_Ai | DJ1: CX2_DUMP2_Br | DK1: CX2_DUMP2_Bi | DL1: CX2_DUMP2_Cr | DM1: CX2_DUMP2_Ci | DN1: CX2_DUMP2_Dr | DO1: CX2_DUMP2_Di | DP1: CMC_LEAK_Zr | DQ1: CMC_LEAK_Zi | DR1: CMC_LEAK_Yr | DS1: CMC_LEAK_Yi | DT1: CMC_LEAK_Ar | DU1: CMC_LEAK_Ai | DV1: CMC_LEAK_Br | DW1: CMC_LEAK_Bi | DX1: CMC_LEAK_Cr | DY1: CMC_LEAK_Ci | DZ1: CMC_LEAK_Dr | EA1: CMC_LEAK_Di | EB1: CMC_CLINE_Zr | EC1: CMC_CLINE_Zi | ED1: CMC_CLINE_Yr | EE1: CMC_CLINE_Yi | EF1: CMC_CLINE_Ar | EG1: CMC_CLINE_Ai | EH1: CMC_CLINE_Br | EI1: CMC_CLINE_Bi | EJ1: CMC_CLINE_Cr | EK1: CMC_CLINE_Ci | EL1: CMC_CLINE_Dr | EM1: CMC_CLINE_Di | EN1: CY_PAIR_Zr | EO1: CY_PAIR_Zi | EP1: CY_PAIR_Yr | EQ1: CY_PAIR_Yi | ER1: CY_PAIR_Ar | ES1: CY_PAIR_Ai | ET1: CY_PAIR_Br | EU1: CY_PAIR_Bi | EV1: CY_PAIR_Cr | EW1: CY_PAIR_Ci | EX1: CY_PAIR_Dr | EY1: CY_PAIR_Di | EZ1: Den0_r | FA1: Den0_i | FB1: Gain_Rout0_dB | FC1: AbsH_Rout0 | FD1: Den50_r | FE1: Den50_i | FF1: Gain_Rout50_dB | FG1: AbsH_Rout50
A2: =Parameters!$C$2*(Parameters!$C$3/Parameters!$C$2)^((ROW()-2)/(Parameters!$C$4-1)) -> 100 | B2: =LOG10(A2) -> 2 | C2: =2*PI()*A2 -> 628.31853 | D2: =1 -> 1 | E2: =0 -> 0 | F2: =0 -> 0 | G2: =0 -> 0 | H2: =0 -> 0 | I2: =0 -> 0 | J2: =1 -> 1 | K2: =0 -> 0 | L2: =2*Parameters!$C$10 -> 0.04 | M2: =2*C2*Parameters!$C$9 -> 0.0012566371 | N2: =0 -> 0 | O2: =0 -> 0 | P2: =D2 -> 1 | Q2: =E2 -> 0 | R2: =F2+D2*L2-E2*M2 -> 0.04 | S2: =G2+D2*M2+E2*L2 -> 0.0012566371 | T2: =H2 -> 0 | U2: =I2 -> 0 | V2: =J2+H2*L2-I2*M2 -> 1 | W2: =K2+H2*M2+I2*L2 -> 0 | X2: =0 -> 0 | Y2: =0 -> 0 | Z2: =0 -> 0 | AA2: =C2*(Parameters!$C$12+Parameters!$C$11/2) -> 4.712389e-08 | AB2: =P2+R2*Z2-S2*AA2 -> 1 | AC2: =Q2+R2*AA2+S2*Z2 -> 1.8849556e-09 | AD2: =R2 -> 0.04 | AE2: =S2 -> 0.0012566371 | AF2: =T2+V2*Z2-W2*AA2 -> 0 | AG2: =U2+V2*AA2+W2*Z2 -> 4.712389e-08 | AH2: =V2 -> 1 | AI2: =W2 -> 0 | AJ2: =0 -> 0 | AK2: =0 -> 0 | AL2: =(((2*Parameters!$C$15))/(((2*Parameters!$C$15))^2+((2*(C2*Parameters!$C$14-1/(C2*Parameters!$C$13))))^2)) -> 3.947842e-07 | AM2: =(-((2*(C2*Parameters!$C$14-1/(C2*Parameters!$C$13))))/(((2*Parameters!$C$15))^2+((2*(C2*Parameters!$C$14-1/(C2*Parameters!$C$13))))^2)) -> 0.0031415927 | AN2: =AB2+AD2*AL2-AE2*AM2 -> 0.99999607 | AO2: =AC2+AD2*AM2+AE2*AL2 -> 0.00012566609 | AP2: =AD2 -> 0.04 | AQ2: =AE2 -> 0.0012566371 | AR2: =AF2+AH2*AL2-AI2*AM2 -> 3.947842e-07 | AS2: =AG2+AH2*AM2+AI2*AL2 -> 0.0031416399 | AT2: =AH2 -> 1 | AU2: =AI2 -> 0 | AV2: =2*Parameters!$C$17 -> 0.04 | AW2: =2*C2*Parameters!$C$16 -> 0.0012566371 | AX2: =0 -> 0 | AY2: =0 -> 0 | AZ2: =AN2 -> 0.99999607 | BA2: =AO2 -> 0.00012566609 | BB2: =AP2+AN2*AV2-AO2*AW2 -> 0.079999685 | BC2: =AQ2+AN2*AW2+AO2*AV2 -> 0.0025182958 | BD2: =AR2 -> 3.947842e-07 | BE2: =AS2 -> 0.0031416399 | BF2: =AT2+AR2*AV2-AS2*AW2 -> 0.99999607 | BG2: =AU2+AR2*AW2+AS2*AV2 -> 0.00012566609 | BH2: =0 -> 0 | BI2: =0 -> 0 | BJ2: =0 -> 0 | BK2: =C2*(Parameters!$C$19+Parameters!$C$18/2) -> 4.712389e-08 | BL2: =AZ2+BB2*BJ2-BC2*BK2 -> 0.99999607 | BM2: =BA2+BB2*BK2+BC2*BJ2 -> 0.00012566986 | BN2: =BB2 -> 0.079999685 | BO2: =BC2 -> 0.0025182958 | BP2: =BD2+BF2*BJ2-BG2*BK2 -> 3.9477828e-07 | BQ2: =BE2+BF2*BK2+BG2*BJ2 -> 0.003141687 | BR2: =BF2 -> 0.99999607 | BS2: =BG2 -> 0.00012566609 | BT2: =2*((((Parameters!$C$21)/((Parameters!$C$21)^2+(C2*Parameters!$C$20)^2)))/((((Parameters!$C$21)/((Parameters!$C$21)^2+(C2*Parameters!$C$20)^2)))^2+((-(C2*Parameters!$C$20)/((Parameters!$C$21)^2+(C2*Parameters!$C$20)^2)+C2*Parameters!$C$22))^2)) -> 0.04 | BU2: =2*(-((-(C2*Parameters!$C$20)/((Parameters!$C$21)^2+(C2*Parameters!$C$20)^2)+C2*Parameters!$C$22))/((((Parameters!$C$21)/((Parameters!$C$21)^2+(C2*Parameters!$C$20)^2)))^2+((-(C2*Parameters!$C$20)/((Parameters!$C$21)^2+(C2*Parameters!$C$20)^2)+C2*Parameters!$C$22))^2)) -> 0.08545132 | BV2: =0 -> 0 | BW2: =0 -> 0 | BX2: =BL2 -> 0.99999607 | BY2: =BM2 -> 0.00012566986 | BZ2: =BN2+BL2*BT2-BM2*BU2 -> 0.11998879 | CA2: =BO2+BL2*BU2+BM2*BT2 -> 0.087974307 | CB2: =BP2 -> 3.9477828e-07 | CC2: =BQ2 -> 0.003141687 | CD2: =BR2+BP2*BT2-BQ2*BU2 -> 0.99972762 | CE2: =BS2+BP2*BU2+BQ2*BT2 -> 0.0002513673 | CF2: =0 -> 0 | CG2: =0 -> 0 | CH2: =(((Parameters!$C$25))/(((Parameters!$C$25))^2+((C2*Parameters!$C$24-1/(C2*Parameters!$C$23)))^2))+(((Parameters!$C$29+Parameters!$C$28))/(((Parameters!$C$29+Parameters!$C$28))^2+((C2*Parameters!$C$27-1/(C2*Parameters!$C$26)))^2)) -> 1.3115799e-06 | CI2: =(-((C2*Parameters!$C$24-1/(C2*Parameters!$C$23)))/(((Parameters!$C$25))^2+((C2*Parameters!$C$24-1/(C2*Parameters!$C$23)))^2))+(-((C2*Parameters!$C$27-1/(C2*Parameters!$C$26)))/(((Parameters!$C$29+Parameters!$C$28))^2+((C2*Parameters!$C$27-1/(C2*Parameters!$C$26)))^2)) -> 0.00059061361 | CJ2: =BX2+BZ2*CH2-CA2*CI2 -> 0.99994427 | CK2: =BY2+BZ2*CI2+CA2*CH2 -> 0.00019665226 | CL2: =BZ2 -> 0.11998879 | CM2: =CA2 -> 0.087974307 | CN2: =CB2+CD2*CH2-CE2*CI2 -> 1.55754e-06 | CO2: =CC2+CD2*CI2+CE2*CH2 -> 0.00373214 | CP2: =CD2 -> 0.99972762 | CQ2: =CE2 -> 0.0002513673 | CR2: =2*((((Parameters!$C$31)/((Parameters!$C$31)^2+(C2*Parameters!$C$30)^2)))/((((Parameters!$C$31)/((Parameters!$C$31)^2+(C2*Parameters!$C$30)^2)))^2+((-(C2*Parameters!$C$30)/((Parameters!$C$31)^2+(C2*Parameters!$C$30)^2)+C2*Parameters!$C$32))^2)) -> 0.04 | CS2: =2*(-((-(C2*Parameters!$C$30)/((Parameters!$C$31)^2+(C2*Parameters!$C$30)^2)+C2*Parameters!$C$32))/((((Parameters!$C$31)/((Parameters!$C$31)^2+(C2*Parameters!$C$30)^2)))^2+((-(C2*Parameters!$C$30)/((Parameters!$C$31)^2+(C2*Parameters!$C$30)^2)+C2*Parameters!$C$32))^2)) -> 0.041469023 | CT2: =0 -> 0 | CU2: =0 -> 0 | CV2: =CJ2 -> 0.99994427 | CW2: =CK2 -> 0.00019665226 | CX2: =CL2+CJ2*CR2-CK2*CS2 -> 0.1599784 | CY2: =CM2+CJ2*CS2+CK2*CR2 -> 0.12944888 | CZ2: =CN2 -> 1.55754e-06 | DA2: =CO2 -> 0.00373214 | DB2: =CP2+CN2*CR2-CO2*CS2 -> 0.99957292 | DC2: =CQ2+CN2*CS2+CO2*CR2 -> 0.0004007175 | DD2: =0 -> 0 | DE2: =0 -> 0 | DF2: =(((Parameters!$C$35))/(((Parameters!$C$35))^2+((C2*Parameters!$C$34-1/(C2*Parameters!$C$33)))^2))+(((Parameters!$C$39+Parameters!$C$38))/(((Parameters!$C$39+Parameters!$C$38))^2+((C2*Parameters!$C$37-1/(C2*Parameters!$C$36)))^2)) -> 1.3115799e-06 | DG2: =(-((C2*Parameters!$C$34-1/(C2*Parameters!$C$33)))/(((Parameters!$C$35))^2+((C2*Parameters!$C$34-1/(C2*Parameters!$C$33)))^2))+(-((C2*Parameters!$C$37-1/(C2*Parameters!$C$36)))/(((Parameters!$C$39+Parameters!$C$38))^2+((C2*Parameters!$C$37-1/(C2*Parameters!$C$36)))^2)) -> 0.00059061361 | DH2: =CV2+CX2*DF2-CY2*DG2 -> 0.99986802 | DI2: =CW2+CX2*DG2+CY2*DF2 -> 0.00029130746 | DJ2: =CX2 -> 0.1599784 | DK2: =CY2 -> 0.12944888 | DL2: =CZ2+DB2*DF2-DC2*DG2 -> 2.6318906e-06 | DM2: =DA2+DB2*DG2+DC2*DF2 -> 0.0043225019 | DN2: =DB2 -> 0.99957292 | DO2: =DC2 -> 0.0004007175 | DP2: =2*((((Parameters!$C$41)/((Parameters!$C$41)^2+(C2*(Parameters!$C$40*(1-Parameters!$C$42)))^2)))/((((Parameters!$C$41)/((Parameters!$C$41)^2+(C2*(Parameters!$C$40*(1-Parameters!$C$42)))^2)))^2+((-(C2*(Parameters!$C$40*(1-Parameters!$C$42)))/((Parameters!$C$41)^2+(C2*(Parameters!$C$40*(1-Parameters!$C$42)))^2)+C2*Parameters!$C$43))^2)) -> 0.2 | DQ2: =2*(-((-(C2*(Parameters!$C$40*(1-Parameters!$C$42)))/((Parameters!$C$41)^2+(C2*(Parameters!$C$40*(1-Parameters!$C$42)))^2)+C2*Parameters!$C$43))/((((Parameters!$C$41)/((Parameters!$C$41)^2+(C2*(Parameters!$C$40*(1-Parameters!$C$42)))^2)))^2+((-(C2*(Parameters!$C$40*(1-Parameters!$C$42)))/((Parameters!$C$41)^2+(C2*(Parameters!$C$40*(1-Parameters!$C$42)))^2)+C2*Parameters!$C$43))^2)) -> 0.0037699111 | DR2: =0 -> 0 | DS2: =0 -> 0 | DT2: =DH2 -> 0.99986802 | DU2: =DI2 -> 0.00029130746 | DV2: =DJ2+DH2*DP2-DI2*DQ2 -> 0.35995091 | DW2: =DK2+DH2*DQ2+DI2*DP2 -> 0.13327656 | DX2: =DL2 -> 2.6318906e-06 | DY2: =DM2 -> 0.0043225019 | DZ2: =DN2+DL2*DP2-DM2*DQ2 -> 0.99955715 | EA2: =DO2+DL2*DQ2+DM2*DP2 -> 0.0012652278 | EB2: =0 -> 0 | EC2: =0 -> 0 | ED2: =0 -> 0 | EE2: =C2*Parameters!$C$44 -> 6.2831853e-09 | EF2: =DT2+DV2*ED2-DW2*EE2 -> 0.99986802 | EG2: =DU2+DV2*EE2+DW2*ED2 -> 0.00029130972 | EH2: =DV2 -> 0.35995091 | EI2: =DW2 -> 0.13327656 | EJ2: =DX2+DZ2*ED2-EA2*EE2 -> 2.6318826e-06 | EK2: =DY2+DZ2*EE2+EA2*ED2 -> 0.0043225082 | EL2: =DZ2 -> 0.99955715 | EM2: =EA2 -> 0.0012652278 | EN2: =0 -> 0 | EO2: =0 -> 0 | EP2: =(((2*Parameters!$C$47))/(((2*Parameters!$C$47))^2+((2*(C2*Parameters!$C$46-1/(C2*Parameters!$C$45))))^2)) -> 1.9107554e-14 | EQ2: =(-((2*(C2*Parameters!$C$46-1/(C2*Parameters!$C$45))))/(((2*Parameters!$C$47))^2+((2*(C2*Parameters!$C$46-1/(C2*Parameters!$C$45))))^2)) -> 6.9115038e-07 | ER2: =EF2+EH2*EP2-EI2*EQ2 -> 0.99986793 | ES2: =EG2+EH2*EQ2+EI2*EP2 -> 0.0002915585 | ET2: =EH2 -> 0.35995091 | EU2: =EI2 -> 0.13327656 | EV2: =EJ2+EL2*EP2-EM2*EQ2 -> 2.6310082e-06 | EW2: =EK2+EL2*EQ2+EM2*EP2 -> 0.0043231991 | EX2: =EL2 -> 0.99955715 | EY2: =EM2 -> 0.0012652278 | EZ2: =(ER2+ET2/Parameters!$C$6+Parameters!$C$7*(EV2+EX2/Parameters!$C$6)) -> 1.012388 | FA2: =(ES2+EU2/Parameters!$C$6+Parameters!$C$7*(EW2+EY2/Parameters!$C$6)) -> 0.0049272649 | FB2: =-20*LOG10(SQRT(EZ2^2+FA2^2)) -> -0.10704231 | FC2: =1/SQRT(EZ2^2+FA2^2) -> 0.98775192 | FD2: =(ER2+ET2/Parameters!$C$6+Parameters!$C$8*(EV2+EX2/Parameters!$C$6)) -> 2.7508798 | FE2: =(ES2+EU2/Parameters!$C$6+Parameters!$C$8*(EW2+EY2/Parameters!$C$6)) -> 0.22328761 | FF2: =-20*LOG10(SQRT(FD2^2+FE2^2)) -> -8.8179518 | FG2: =1/SQRT(FD2^2+FE2^2) -> 0.36232843
A3: =Parameters!$C$2*(Parameters!$C$3/Parameters!$C$2)^((ROW()-2)/(Parameters!$C$4-1)) -> 101.15795 | B3: =LOG10(A3) -> 2.005 | C3: =2*PI()*A3 -> 635.59412 | D3: =1 -> 1 | E3: =0 -> 0 | F3: =0 -> 0 | G3: =0 -> 0 | H3: =0 -> 0 | I3: =0 -> 0 | J3: =1 -> 1 | K3: =0 -> 0 | L3: =2*Parameters!$C$10 -> 0.04 | M3: =2*C3*Parameters!$C$9 -> 0.0012711882 | N3: =0 -> 0 | O3: =0 -> 0 | P3: =D3 -> 1 | Q3: =E3 -> 0 | R3: =F3+D3*L3-E3*M3 -> 0.04 | S3: =G3+D3*M3+E3*L3 -> 0.0012711882 | T3: =H3 -> 0 | U3: =I3 -> 0 | V3: =J3+H3*L3-I3*M3 -> 1 | W3: =K3+H3*M3+I3*L3 -> 0 | X3: =0 -> 0 | Y3: =0 -> 0 | Z3: =0 -> 0 | AA3: =C3*(Parameters!$C$12+Parameters!$C$11/2) -> 4.7669559e-08 | AB3: =P3+R3*Z3-S3*AA3 -> 1 | AC3: =Q3+R3*AA3+S3*Z3 -> 1.9067823e-09 | AD3: =R3 -> 0.04 | AE3: =S3 -> 0.0012711882 | AF3: =T3+V3*Z3-W3*AA3 -> 0 | AG3: =U3+V3*AA3+W3*Z3 -> 4.7669559e-08 | AH3: =V3 -> 1 | AI3: =W3 -> 0 | AJ3: =0 -> 0 | AK3: =0 -> 0 | AL3: =(((2*Parameters!$C$15))/(((2*Parameters!$C$15))^2+((2*(C3*Parameters!$C$14-1/(C3*Parameters!$C$13))))^2)) -> 4.0397991e-07 | AM3: =(-((2*(C3*Parameters!$C$14-1/(C3*Parameters!$C$13))))/(((2*Parameters!$C$15))^2+((2*(C3*Parameters!$C$14-1/(C3*Parameters!$C$13))))^2)) -> 0.0031779707 | AN3: =AB3+AD3*AL3-AE3*AM3 -> 0.99999598 | AO3: =AC3+AD3*AM3+AE3*AL3 -> 0.00012712125 | AP3: =AD3 -> 0.04 | AQ3: =AE3 -> 0.0012711882 | AR3: =AF3+AH3*AL3-AI3*AM3 -> 4.0397991e-07 | AS3: =AG3+AH3*AM3+AI3*AL3 -> 0.0031780183 | AT3: =AH3 -> 1 | AU3: =AI3 -> 0 | AV3: =2*Parameters!$C$17 -> 0.04 | AW3: =2*C3*Parameters!$C$16 -> 0.0012711882 | AX3: =0 -> 0 | AY3: =0 -> 0 | AZ3: =AN3 -> 0.99999598 | BA3: =AO3 -> 0.00012712125 | BB3: =AP3+AN3*AV3-AO3*AW3 -> 0.079999677 | BC3: =AQ3+AN3*AW3+AO3*AV3 -> 0.0025474562 | BD3: =AR3 -> 4.0397991e-07 | BE3: =AS3 -> 0.0031780183 | BF3: =AT3+AR3*AV3-AS3*AW3 -> 0.99999598 | BG3: =AU3+AR3*AW3+AS3*AV3 -> 0.00012712125 | BH3: =0 -> 0 | BI3: =0 -> 0 | BJ3: =0 -> 0 | BK3: =C3*(Parameters!$C$19+Parameters!$C$18/2) -> 4.7669559e-08 | BL3: =AZ3+BB3*BJ3-BC3*BK3 -> 0.99999598 | BM3: =BA3+BB3*BK3+BC3*BJ3 -> 0.00012712506 | BN3: =BB3 -> 0.079999677 | BO3: =BC3 -> 0.0025474562 | BP3: =BD3+BF3*BJ3-BG3*BK3 -> 4.0397385e-07 | BQ3: =BE3+BF3*BK3+BG3*BJ3 -> 0.003178066 | BR3: =BF3 -> 0.99999598 | BS3: =BG3 -> 0.00012712125 | BT3: =2*((((Parameters!$C$21)/((Parameters!$C$21)^2+(C3*Parameters!$C$20)^2)))/((((Parameters!$C$21)/((Parameters!$C$21)^2+(C3*Parameters!$C$20)^2)))^2+((-(C3*Parameters!$C$20)/((Parameters!$C$21)^2+(C3*Parameters!$C$20)^2)+C3*Parameters!$C$22))^2)) -> 0.04 | BU3: =2*(-((-(C3*Parameters!$C$20)/((Parameters!$C$21)^2+(C3*Parameters!$C$20)^2)+C3*Parameters!$C$22))/((((Parameters!$C$21)/((Parameters!$C$21)^2+(C3*Parameters!$C$20)^2)))^2+((-(C3*Parameters!$C$20)/((Parameters!$C$21)^2+(C3*Parameters!$C$20)^2)+C3*Parameters!$C$22))^2)) -> 0.0864408 | BV3: =0 -> 0 | BW3: =0 -> 0 | BX3: =BL3 -> 0.99999598 | BY3: =BM3 -> 0.00012712506 | BZ3: =BN3+BL3*BT3-BM3*BU3 -> 0.11998853 | CA3: =BO3+BL3*BU3+BM3*BT3 -> 0.088992993 | CB3: =BP3 -> 4.0397385e-07 | CC3: =BQ3 -> 0.003178066 | CD3: =BR3+BP3*BT3-BQ3*BU3 -> 0.99972128 | CE3: =BS3+BP3*BU3+BQ3*BT3 -> 0.00025427881 | CF3: =0 -> 0 | CG3: =0 -> 0 | CH3: =(((Parameters!$C$25))/(((Parameters!$C$25))^2+((C3*Parameters!$C$24-1/(C3*Parameters!$C$23)))^2))+(((Parameters!$C$29+Parameters!$C$28))/(((Parameters!$C$29+Parameters!$C$28))^2+((C3*Parameters!$C$27-1/(C3*Parameters!$C$26)))^2)) -> 1.3421299e-06 | CI3: =(-((C3*Parameters!$C$24-1/(C3*Parameters!$C$23)))/(((Parameters!$C$25))^2+((C3*Parameters!$C$24-1/(C3*Parameters!$C$23)))^2))+(-((C3*Parameters!$C$27-1/(C3*Parameters!$C$26)))/(((Parameters!$C$29+Parameters!$C$28))^2+((C3*Parameters!$C$27-1/(C3*Parameters!$C$26)))^2)) -> 0.00059745246 | CJ3: =BX3+BZ3*CH3-CA3*CI3 -> 0.99994297 | CK3: =BY3+BZ3*CI3+CA3*CH3 -> 0.00019893194 | CL3: =BZ3 -> 0.11998853 | CM3: =CA3 -> 0.088992993 | CN3: =CB3+CD3*CH3-CE3*CI3 -> 1.5938102e-06 | CO3: =CC3+CD3*CI3+CE3*CH3 -> 0.0037753523 | CP3: =CD3 -> 0.99972128 | CQ3: =CE3 -> 0.00025427881 | CR3: =2*((((Parameters!$C$31)/((Parameters!$C$31)^2+(C3*Parameters!$C$30)^2)))/((((Parameters!$C$31)/((Parameters!$C$31)^2+(C3*Parameters!$C$30)^2)))^2+((-(C3*Parameters!$C$30)/((Parameters!$C$31)^2+(C3*Parameters!$C$30)^2)+C3*Parameters!$C$32))^2)) -> 0.04 | CS3: =2*(-((-(C3*Parameters!$C$30)/((Parameters!$C$31)^2+(C3*Parameters!$C$30)^2)+C3*Parameters!$C$32))/((((Parameters!$C$31)/((Parameters!$C$31)^2+(C3*Parameters!$C$30)^2)))^2+((-(C3*Parameters!$C$30)/((Parameters!$C$31)^2+(C3*Parameters!$C$30)^2)+C3*Parameters!$C$32))^2)) -> 0.041949212 | CT3: =0 -> 0 | CU3: =0 -> 0 | CV3: =CJ3 -> 0.99994297 | CW3: =CK3 -> 0.00019893194 | CX3: =CL3+CJ3*CR3-CK3*CS3 -> 0.1599779 | CY3: =CM3+CJ3*CS3+CK3*CR3 -> 0.13094777 | CZ3: =CN3 -> 1.5938102e-06 | DA3: =CO3 -> 0.0037753523 | DB3: =CP3+CN3*CR3-CO3*CS3 -> 0.99956297 | DC3: =CQ3+CN3*CS3+CO3*CR3 -> 0.00040535976 | DD3: =0 -> 0 | DE3: =0 -> 0 | DF3: =(((Parameters!$C$35))/(((Parameters!$C$35))^2+((C3*Parameters!$C$34-1/(C3*Parameters!$C$33)))^2))+(((Parameters!$C$39+Parameters!$C$38))/(((Parameters!$C$39+Parameters!$C$38))^2+((C3*Parameters!$C$37-1/(C3*Parameters!$C$36)))^2)) -> 1.3421299e-06 | DG3: =(-((C3*Parameters!$C$34-1/(C3*Parameters!$C$33)))/(((Parameters!$C$35))^2+((C3*Parameters!$C$34-1/(C3*Parameters!$C$33)))^2))+(-((C3*Parameters!$C$37-1/(C3*Parameters!$C$36)))/(((Parameters!$C$39+Parameters!$C$38))^2+((C3*Parameters!$C$37-1/(C3*Parameters!$C$36)))^2)) -> 0.00059745246 | DH3: =CV3+CX3*DF3-CY3*DG3 -> 0.99986495 | DI3: =CW3+CX3*DG3+CY3*DF3 -> 0.00029468688 | DJ3: =CX3 -> 0.1599779 | DK3: =CY3 -> 0.13094777 | DL3: =CZ3+DB3*DF3-DC3*DG3 -> 2.6931704e-06 | DM3: =DA3+DB3*DG3+DC3*DF3 -> 0.0043725442 | DN3: =DB3 -> 0.99956297 | DO3: =DC3 -> 0.00040535976 | DP3: =2*((((Parameters!$C$41)/((Parameters!$C$41)^2+(C3*(Parameters!$C$40*(1-Parameters!$C$42)))^2)))/((((Parameters!$C$41)/((Parameters!$C$41)^2+(C3*(Parameters!$C$40*(1-Parameters!$C$42)))^2)))^2+((-(C3*(Parameters!$C$40*(1-Parameters!$C$42)))/((Parameters!$C$41)^2+(C3*(Parameters!$C$40*(1-Parameters!$C$42)))^2)+C3*Parameters!$C$43))^2)) -> 0.2 | DQ3: =2*(-((-(C3*(Parameters!$C$40*(1-Parameters!$C$42)))/((Parameters!$C$41)^2+(C3*(Parameters!$C$40*(1-Parameters!$C$42)))^2)+C3*Parameters!$C$43))/((((Parameters!$C$41)/((Parameters!$C$41)^2+(C3*(Parameters!$C$40*(1-Parameters!$C$42)))^2)))^2+((-(C3*(Parameters!$C$40*(1-Parameters!$C$42)))/((Parameters!$C$41)^2+(C3*(Parameters!$C$40*(1-Parameters!$C$42)))^2)+C3*Parameters!$C$43))^2)) -> 0.0038135646 | DR3: =0 -> 0 | DS3: =0 -> 0 | DT3: =DH3 -> 0.99986495 | DU3: =DI3 -> 0.00029468688 | DV3: =DJ3+DH3*DP3-DI3*DQ3 -> 0.35994977 | DW3: =DK3+DH3*DQ3+DI3*DP3 -> 0.13481976 | DX3: =DL3 -> 2.6931704e-06 | DY3: =DM3 -> 0.0043725442 | DZ3: =DN3+DL3*DP3-DM3*DQ3 -> 0.99954683 | EA3: =DO3+DL3*DQ3+DM3*DP3 -> 0.0012798789 | EB3: =0 -> 0 | EC3: =0 -> 0 | ED3: =0 -> 0 | EE3: =C3*Parameters!$C$44 -> 6.3559412e-09 | EF3: =DT3+DV3*ED3-DW3*EE3 -> 0.99986495 | EG3: =DU3+DV3*EE3+DW3*ED3 -> 0.00029468917 | EH3: =DV3 -> 0.35994977 | EI3: =DW3 -> 0.13481976 | EJ3: =DX3+DZ3*ED3-EA3*EE3 -> 2.6931622e-06 | EK3: =DY3+DZ3*EE3+EA3*ED3 -> 0.0043725505 | EL3: =DZ3 -> 0.99954683 | EM3: =EA3 -> 0.0012798789 | EN3: =0 -> 0 | EO3: =0 -> 0 | EP3: =(((2*Parameters!$C$47))/(((2*Parameters!$C$47))^2+((2*(C3*Parameters!$C$46-1/(C3*Parameters!$C$45))))^2)) -> 1.9552626e-14 | EQ3: =(-((2*(C3*Parameters!$C$46-1/(C3*Parameters!$C$45))))/(((2*Parameters!$C$47))^2+((2*(C3*Parameters!$C$46-1/(C3*Parameters!$C$45))))^2)) -> 6.9915353e-07 | ER3: =EF3+EH3*EP3-EI3*EQ3 -> 0.99986485 | ES3: =EG3+EH3*EQ3+EI3*EP3 -> 0.00029494083 | ET3: =EH3 -> 0.35994977 | EU3: =EI3 -> 0.13481976 | EV3: =EJ3+EL3*EP3-EM3*EQ3 -> 2.6922674e-06 | EW3: =EK3+EL3*EQ3+EM3*EP3 -> 0.0043732494 | EX3: =EL3 -> 0.99954683 | EY3: =EM3 -> 0.0012798789 | EZ3: =(ER3+ET3/Parameters!$C$6+Parameters!$C$7*(EV3+EX3/Parameters!$C$6)) -> 1.0123848 | FA3: =(ES3+EU3/Parameters!$C$6+Parameters!$C$7*(EW3+EY3/Parameters!$C$6)) -> 0.0049843237 | FB3: =-20*LOG10(SQRT(EZ3^2+FA3^2)) -> -0.10701797 | FC3: =1/SQRT(EZ3^2+FA3^2) -> 0.98775469 | FD3: =(ER3+ET3/Parameters!$C$6+Parameters!$C$8*(EV3+EX3/Parameters!$C$6)) -> 2.7508618 | FE3: =(ES3+EU3/Parameters!$C$6+Parameters!$C$8*(EW3+EY3/Parameters!$C$6)) -> 0.22587267 | FF3: =-20*LOG10(SQRT(FD3^2+FE3^2)) -> -8.8185573 | FG3: =1/SQRT(FD3^2+FE3^2) -> 0.36230317
A4: =Parameters!$C$2*(Parameters!$C$3/Parameters!$C$2)^((ROW()-2)/(Parameters!$C$4-1)) -> 102.3293 | B4: =LOG10(A4) -> 2.01 | C4: =2*PI()*A4 -> 642.95395 | D4: =1 -> 1 | E4: =0 -> 0 | F4: =0 -> 0 | G4: =0 -> 0 | H4: =0 -> 0 | I4: =0 -> 0 | J4: =1 -> 1 | K4: =0 -> 0 | L4: =2*Parameters!$C$10 -> 0.04 | M4: =2*C4*Parameters!$C$9 -> 0.0012859079 | N4: =0 -> 0 | O4: =0 -> 0 | P4: =D4 -> 1 | Q4: =E4 -> 0 | R4: =F4+D4*L4-E4*M4 -> 0.04 | S4: =G4+D4*M4+E4*L4 -> 0.0012859079 | T4: =H4 -> 0 | U4: =I4 -> 0 | V4: =J4+H4*L4-I4*M4 -> 1 | W4: =K4+H4*M4+I4*L4 -> 0 | X4: =0 -> 0 | Y4: =0 -> 0 | Z4: =0 -> 0 | AA4: =C4*(Parameters!$C$12+Parameters!$C$11/2) -> 4.8221546e-08 | AB4: =P4+R4*Z4-S4*AA4 -> 1 | AC4: =Q4+R4*AA4+S4*Z4 -> 1.9288618e-09 | AD4: =R4 -> 0.04 | AE4: =S4 -> 0.0012859079 | AF4: =T4+V4*Z4-W4*AA4 -> 0 | AG4: =U4+V4*AA4+W4*Z4 -> 4.8221546e-08 | AH4: =V4 -> 1 | AI4: =W4 -> 0 | AJ4: =0 -> 0 | AK4: =0 -> 0 | AL4: =(((2*Parameters!$C$15))/(((2*Parameters!$C$15))^2+((2*(C4*Parameters!$C$14-1/(C4*Parameters!$C$13))))^2)) -> 4.1338981e-07 | AM4: =(-((2*(C4*Parameters!$C$14-1/(C4*Parameters!$C$13))))/(((2*Parameters!$C$15))^2+((2*(C4*Parameters!$C$14-1/(C4*Parameters!$C$13))))^2)) -> 0.0032147698 | AN4: =AB4+AD4*AL4-AE4*AM4 -> 0.99999588 | AO4: =AC4+AD4*AM4+AE4*AL4 -> 0.00012859325 | AP4: =AD4 -> 0.04 | AQ4: =AE4 -> 0.0012859079 | AR4: =AF4+AH4*AL4-AI4*AM4 -> 4.1338981e-07 | AS4: =AG4+AH4*AM4+AI4*AL4 -> 0.003214818 | AT4: =AH4 -> 1 | AU4: =AI4 -> 0 | AV4: =2*Parameters!$C$17 -> 0.04 | AW4: =2*C4*Parameters!$C$16 -> 0.0012859079 | AX4: =0 -> 0 | AY4: =0 -> 0 | AZ4: =AN4 -> 0.99999588 | BA4: =AO4 -> 0.00012859325 | BB4: =AP4+AN4*AV4-AO4*AW4 -> 0.07999967 | BC4: =AQ4+AN4*AW4+AO4*AV4 -> 0.0025769542 | BD4: =AR4 -> 4.1338981e-07 | BE4: =AS4 -> 0.003214818 | BF4: =AT4+AR4*AV4-AS4*AW4 -> 0.99999588 | BG4: =AU4+AR4*AW4+AS4*AV4 -> 0.00012859325 | BH4: =0 -> 0 | BI4: =0 -> 0 | BJ4: =0 -> 0 | BK4: =C4*(Parameters!$C$19+Parameters!$C$18/2) -> 4.8221546e-08 | BL4: =AZ4+BB4*BJ4-BC4*BK4 -> 0.99999588 | BM4: =BA4+BB4*BK4+BC4*BJ4 -> 0.00012859711 | BN4: =BB4 -> 0.07999967 | BO4: =BC4 -> 0.0025769542 | BP4: =BD4+BF4*BJ4-BG4*BK4 -> 4.1338361e-07 | BQ4: =BE4+BF4*BK4+BG4*BJ4 -> 0.0032148663 | BR4: =BF4 -> 0.99999588 | BS4: =BG4 -> 0.00012859325 | BT4: =2*((((Parameters!$C$21)/((Parameters!$C$21)^2+(C4*Parameters!$C$20)^2)))/((((Parameters!$C$21)/((Parameters!$C$21)^2+(C4*Parameters!$C$20)^2)))^2+((-(C4*Parameters!$C$20)/((Parameters!$C$21)^2+(C4*Parameters!$C$20)^2)+C4*Parameters!$C$22))^2)) -> 0.04 | BU4: =2*(-((-(C4*Parameters!$C$20)/((Parameters!$C$21)^2+(C4*Parameters!$C$20)^2)+C4*Parameters!$C$22))/((((Parameters!$C$21)/((Parameters!$C$21)^2+(C4*Parameters!$C$20)^2)))^2+((-(C4*Parameters!$C$20)/((Parameters!$C$21)^2+(C4*Parameters!$C$20)^2)+C4*Parameters!$C$22))^2)) -> 0.087441737 | BV4: =0 -> 0 | BW4: =0 -> 0 | BX4: =BL4 -> 0.99999588 | BY4: =BM4 -> 0.00012859711 | BZ4: =BN4+BL4*BT4-BM4*BU4 -> 0.11998826 | CA4: =BO4+BL4*BU4+BM4*BT4 -> 0.090023475 | CB4: =BP4 -> 4.1338361e-07 | CC4: =BQ4 -> 0.0032148663 | CD4: =BR4+BP4*BT4-BQ4*BU4 -> 0.99971479 | CE4: =BS4+BP4*BU4+BQ4*BT4 -> 0.00025722405 | CF4: =0 -> 0 | CG4: =0 -> 0 | CH4: =(((Parameters!$C$25))/(((Parameters!$C$25))^2+((C4*Parameters!$C$24-1/(C4*Parameters!$C$23)))^2))+(((Parameters!$C$29+Parameters!$C$28))/(((Parameters!$C$29+Parameters!$C$28))^2+((C4*Parameters!$C$27-1/(C4*Parameters!$C$26)))^2)) -> 1.3733915e-06 | CI4: =(-((C4*Parameters!$C$24-1/(C4*Parameters!$C$23)))/(((Parameters!$C$25))^2+((C4*Parameters!$C$24-1/(C4*Parameters!$C$23)))^2))+(-((C4*Parameters!$C$27-1/(C4*Parameters!$C$26)))/(((Parameters!$C$29+Parameters!$C$28))^2+((C4*Parameters!$C$27-1/(C4*Parameters!$C$26)))^2)) -> 0.00060437049 | CJ4: =BX4+BZ4*CH4-CA4*CI4 -> 0.99994164 | CK4: =BY4+BZ4*CI4+CA4*CH4 -> 0.00020123811 | CL4: =BZ4 -> 0.11998826 | CM4: =CA4 -> 0.090023475 | CN4: =CB4+CD4*CH4-CE4*CI4 -> 1.6309248e-06 | CO4: =CC4+CD4*CI4+CE4*CH4 -> 0.0038190647 | CP4: =CD4 -> 0.99971479 | CQ4: =CE4 -> 0.00025722405 | CR4: =2*((((Parameters!$C$31)/((Parameters!$C$31)^2+(C4*Parameters!$C$30)^2)))/((((Parameters!$C$31)/((Parameters!$C$31)^2+(C4*Parameters!$C$30)^2)))^2+((-(C4*Parameters!$C$30)/((Parameters!$C$31)^2+(C4*Parameters!$C$30)^2)+C4*Parameters!$C$32))^2)) -> 0.04 | CS4: =2*(-((-(C4*Parameters!$C$30)/((Parameters!$C$31)^2+(C4*Parameters!$C$30)^2)+C4*Parameters!$C$32))/((((Parameters!$C$31)/((Parameters!$C$31)^2+(C4*Parameters!$C$30)^2)))^2+((-(C4*Parameters!$C$30)/((Parameters!$C$31)^2+(C4*Parameters!$C$30)^2)+C4*Parameters!$C$32))^2)) -> 0.042434961 | CT4: =0 -> 0 | CU4: =0 -> 0 | CV4: =CJ4 -> 0.99994164 | CW4: =CK4 -> 0.00020123811 | CX4: =CL4+CJ4*CR4-CK4*CS4 -> 0.15997739 | CY4: =CM4+CJ4*CS4+CK4*CR4 -> 0.13246401 | CZ4: =CN4 -> 1.6309248e-06 | DA4: =CO4 -> 0.0038190647 | DB4: =CP4+CN4*CR4-CO4*CS4 -> 0.99955279 | DC4: =CQ4+CN4*CS4+CO4*CR4 -> 0.00041005585 | DD4: =0 -> 0 | DE4: =0 -> 0 | DF4: =(((Parameters!$C$35))/(((Parameters!$C$35))^2+((C4*Parameters!$C$34-1/(C4*Parameters!$C$33)))^2))+(((Parameters!$C$39+Parameters!$C$38))/(((Parameters!$C$39+Parameters!$C$38))^2+((C4*Parameters!$C$37-1/(C4*Parameters!$C$36)))^2)) -> 1.3733915e-06 | DG4: =(-((C4*Parameters!$C$34-1/(C4*Parameters!$C$33)))/(((Parameters!$C$35))^2+((C4*Parameters!$C$34-1/(C4*Parameters!$C$33)))^2))+(-((C4*Parameters!$C$37-1/(C4*Parameters!$C$36)))/(((Parameters!$C$39+Parameters!$C$38))^2+((C4*Parameters!$C$37-1/(C4*Parameters!$C$36)))^2)) -> 0.00060437049 | DH4: =CV4+CX4*DF4-CY4*DG4 -> 0.9998618 | DI4: =CW4+CX4*DG4+CY4*DF4 -> 0.00029810565 | DJ4: =CX4 -> 0.15997739 | DK4: =CY4 -> 0.13246401 | DL4: =CZ4+DB4*DF4-DC4*DG4 -> 2.7558764e-06 | DM4: =DA4+DB4*DG4+DC4*DF4 -> 0.0044231655 | DN4: =DB4 -> 0.99955279 | DO4: =DC4 -> 0.00041005585 | DP4: =2*((((Parameters!$C$41)/((Parameters!$C$41)^2+(C4*(Parameters!$C$40*(1-Parameters!$C$42)))^2)))/((((Parameters!$C$41)/((Parameters!$C$41)^2+(C4*(Parameters!$C$40*(1-Parameters!$C$42)))^2)))^2+((-(C4*(Parameters!$C$40*(1-Parameters!$C$42)))/((Parameters!$C$41)^2+(C4*(Parameters!$C$40*(1-Parameters!$C$42)))^2)+C4*Parameters!$C$43))^2)) -> 0.2 | DQ4: =2*(-((-(C4*(Parameters!$C$40*(1-Parameters!$C$42)))/((Parameters!$C$41)^2+(C4*(Parameters!$C$40*(1-Parameters!$C$42)))^2)+C4*Parameters!$C$43))/((((Parameters!$C$41)/((Parameters!$C$41)^2+(C4*(Parameters!$C$40*(1-Parameters!$C$42)))^2)))^2+((-(C4*(Parameters!$C$40*(1-Parameters!$C$42)))/((Parameters!$C$41)^2+(C4*(Parameters!$C$40*(1-Parameters!$C$42)))^2)+C4*Parameters!$C$43))^2)) -> 0.0038577236 | DR4: =0 -> 0 | DS4: =0 -> 0 | DT4: =DH4 -> 0.9998618 | DU4: =DI4 -> 0.00029810565 | DV4: =DJ4+DH4*DP4-DI4*DQ4 -> 0.3599486 | DW4: =DK4+DH4*DQ4+DI4*DP4 -> 0.13638082 | DX4: =DL4 -> 2.7558764e-06 | DY4: =DM4 -> 0.0044231655 | DZ4: =DN4+DL4*DP4-DM4*DQ4 -> 0.99953628 | EA4: =DO4+DL4*DQ4+DM4*DP4 -> 0.0012946996 | EB4: =0 -> 0 | EC4: =0 -> 0 | ED4: =0 -> 0 | EE4: =C4*Parameters!$C$44 -> 6.4295395e-09 | EF4: =DT4+DV4*ED4-DW4*EE4 -> 0.9998618 | EG4: =DU4+DV4*EE4+DW4*ED4 -> 0.00029810796 | EH4: =DV4 -> 0.3599486 | EI4: =DW4 -> 0.13638082 | EJ4: =DX4+DZ4*ED4-EA4*EE4 -> 2.7558681e-06 | EK4: =DY4+DZ4*EE4+EA4*ED4 -> 0.0044231719 | EL4: =DZ4 -> 0.99953628 | EM4: =EA4 -> 0.0012946996 | EN4: =0 -> 0 | EO4: =0 -> 0 | EP4: =(((2*Parameters!$C$47))/(((2*Parameters!$C$47))^2+((2*(C4*Parameters!$C$46-1/(C4*Parameters!$C$45))))^2)) -> 2.0008065e-14 | EQ4: =(-((2*(C4*Parameters!$C$46-1/(C4*Parameters!$C$45))))/(((2*Parameters!$C$47))^2+((2*(C4*Parameters!$C$46-1/(C4*Parameters!$C$45))))^2)) -> 7.0724934e-07 | ER4: =EF4+EH4*EP4-EI4*EQ4 -> 0.9998617 | ES4: =EG4+EH4*EQ4+EI4*EP4 -> 0.00029836254 | ET4: =EH4 -> 0.3599486 | EU4: =EI4 -> 0.13638082 | EV4: =EJ4+EL4*EP4-EM4*EQ4 -> 2.7549524e-06 | EW4: =EK4+EL4*EQ4+EM4*EP4 -> 0.0044238789 | EX4: =EL4 -> 0.99953628 | EY4: =EM4 -> 0.0012946996 | EZ4: =(ER4+ET4/Parameters!$C$6+Parameters!$C$7*(EV4+EX4/Parameters!$C$6)) -> 1.0123817 | FA4: =(ES4+EU4/Parameters!$C$6+Parameters!$C$7*(EW4+EY4/Parameters!$C$6)) -> 0.0050420432 | FB4: =-20*LOG10(SQRT(EZ4^2+FA4^2)) -> -0.10699307 | FC4: =1/SQRT(EZ4^2+FA4^2) -> 0.98775752 | FD4: =(ER4+ET4/Parameters!$C$6+Parameters!$C$8*(EV4+EX4/Parameters!$C$6)) -> 2.7508434 | FE4: =(ES4+EU4/Parameters!$C$6+Parameters!$C$8*(EW4+EY4/Parameters!$C$6)) -> 0.22848764 | FF4: =-20*LOG10(SQRT(FD4^2+FE4^2)) -> -8.8191768 | FG4: =1/SQRT(FD4^2+FE4^2) -> 0.36227733
A5: =Parameters!$C$2*(Parameters!$C$3/Parameters!$C$2)^((ROW()-2)/(Parameters!$C$4-1)) -> 103.51422 | B5: =LOG10(A5) -> 2.015 | C5: =2*PI()*A5 -> 650.39901 | D5: =1 -> 1 | E5: =0 -> 0 | F5: =0 -> 0 | G5: =0 -> 0 | H5: =0 -> 0 | I5: =0 -> 0 | J5: =1 -> 1 | K5: =0 -> 0 | L5: =2*Parameters!$C$10 -> 0.04 | M5: =2*C5*Parameters!$C$9 -> 0.001300798 | N5: =0 -> 0 | O5: =0 -> 0 | P5: =D5 -> 1 | Q5: =E5 -> 0 | R5: =F5+D5*L5-E5*M5 -> 0.04 | S5: =G5+D5*M5+E5*L5 -> 0.001300798 | T5: =H5 -> 0 | U5: =I5 -> 0 | V5: =J5+H5*L5-I5*M5 -> 1 | W5: =K5+H5*M5+I5*L5 -> 0 | X5: =0 -> 0 | Y5: =0 -> 0 | Z5: =0 -> 0 | AA5: =C5*(Parameters!$C$12+Parameters!$C$11/2) -> 4.8779925e-08 | AB5: =P5+R5*Z5-S5*AA5 -> 1 | AC5: =Q5+R5*AA5+S5*Z5 -> 1.951197e-09 | AD5: =R5 -> 0.04 | AE5: =S5 -> 0.001300798 | AF5: =T5+V5*Z5-W5*AA5 -> 0 | AG5: =U5+V5*AA5+W5*Z5 -> 4.8779925e-08 | AH5: =V5 -> 1 | AI5: =W5 -> 0 | AJ5: =0 -> 0 | AK5: =0 -> 0 | AL5: =(((2*Parameters!$C$15))/(((2*Parameters!$C$15))^2+((2*(C5*Parameters!$C$14-1/(C5*Parameters!$C$13))))^2)) -> 4.2301889e-07 | AM5: =(-((2*(C5*Parameters!$C$14-1/(C5*Parameters!$C$13))))/(((2*Parameters!$C$15))^2+((2*(C5*Parameters!$C$14-1/(C5*Parameters!$C$13))))^2)) -> 0.0032519951 | AN5: =AB5+AD5*AL5-AE5*AM5 -> 0.99999579 | AO5: =AC5+AD5*AM5+AE5*AL5 -> 0.00013008231 | AP5: =AD5 -> 0.04 | AQ5: =AE5 -> 0.001300798 | AR5: =AF5+AH5*AL5-AI5*AM5 -> 4.2301889e-07 | AS5: =AG5+AH5*AM5+AI5*AL5 -> 0.0032520439 | AT5: =AH5 -> 1 | AU5: =AI5 -> 0 | AV5: =2*Parameters!$C$17 -> 0.04 | AW5: =2*C5*Parameters!$C$16 -> 0.001300798 | AX5: =0 -> 0 | AY5: =0 -> 0 | AZ5: =AN5 -> 0.99999579 | BA5: =AO5 -> 0.00013008231 | BB5: =AP5+AN5*AV5-AO5*AW5 -> 0.079999662 | BC5: =AQ5+AN5*AW5+AO5*AV5 -> 0.0026067938 | BD5: =AR5 -> 4.2301889e-07 | BE5: =AS5 -> 0.0032520439 | BF5: =AT5+AR5*AV5-AS5*AW5 -> 0.99999579 | BG5: =AU5+AR5*AW5+AS5*AV5 -> 0.00013008231 | BH5: =0 -> 0 | BI5: =0 -> 0 | BJ5: =0 -> 0 | BK5: =C5*(Parameters!$C$19+Parameters!$C$18/2) -> 4.8779925e-08 | BL5: =AZ5+BB5*BJ5-BC5*BK5 -> 0.99999579 | BM5: =BA5+BB5*BK5+BC5*BJ5 -> 0.00013008621 | BN5: =BB5 -> 0.079999662 | BO5: =BC5 -> 0.0026067938 | BP5: =BD5+BF5*BJ5-BG5*BK5 -> 4.2301255e-07 | BQ5: =BE5+BF5*BK5+BG5*BJ5 -> 0.0032520927 | BR5: =BF5 -> 0.99999579 | BS5: =BG5 -> 0.00013008231 | BT5: =2*((((Parameters!$C$21)/((Parameters!$C$21)^2+(C5*Parameters!$C$20)^2)))/((((Parameters!$C$21)/((Parameters!$C$21)^2+(C5*Parameters!$C$20)^2)))^2+((-(C5*Parameters!$C$20)/((Parameters!$C$21)^2+(C5*Parameters!$C$20)^2)+C5*Parameters!$C$22))^2)) -> 0.04 | BU5: =2*(-((-(C5*Parameters!$C$20)/((Parameters!$C$21)^2+(C5*Parameters!$C$20)^2)+C5*Parameters!$C$22))/((((Parameters!$C$21)/((Parameters!$C$21)^2+(C5*Parameters!$C$20)^2)))^2+((-(C5*Parameters!$C$20)/((Parameters!$C$21)^2+(C5*Parameters!$C$20)^2)+C5*Parameters!$C$22))^2)) -> 0.088454265 | BV5: =0 -> 0 | BW5: =0 -> 0 | BX5: =BL5 -> 0.99999579 | BY5: =BM5 -> 0.00013008621 | BZ5: =BN5+BL5*BT5-BM5*BU5 -> 0.11998799 | CA5: =BO5+BL5*BU5+BM5*BT5 -> 0.091065889 | CB5: =BP5 -> 4.2301255e-07 | CC5: =BQ5 -> 0.0032520927 | CD5: =BR5+BP5*BT5-BQ5*BU5 -> 0.99970814 | CE5: =BS5+BP5*BU5+BQ5*BT5 -> 0.00026020343 | CF5: =0 -> 0 | CG5: =0 -> 0 | CH5: =(((Parameters!$C$25))/(((Parameters!$C$25))^2+((C5*Parameters!$C$24-1/(C5*Parameters!$C$23)))^2))+(((Parameters!$C$29+Parameters!$C$28))/(((Parameters!$C$29+Parameters!$C$28))^2+((C5*Parameters!$C$27-1/(C5*Parameters!$C$26)))^2)) -> 1.4053812e-06 | CI5: =(-((C5*Parameters!$C$24-1/(C5*Parameters!$C$23)))/(((Parameters!$C$25))^2+((C5*Parameters!$C$24-1/(C5*Parameters!$C$23)))^2))+(-((C5*Parameters!$C$27-1/(C5*Parameters!$C$26)))/(((Parameters!$C$29+Parameters!$C$28))^2+((C5*Parameters!$C$27-1/(C5*Parameters!$C$26)))^2)) -> 0.00061136862 | CJ5: =BX5+BZ5*CH5-CA5*CI5 -> 0.99994028 | CK5: =BY5+BZ5*CI5+CA5*CH5 -> 0.00020357108 | CL5: =BZ5 -> 0.11998799 | CM5: =CA5 -> 0.091065889 | CN5: =CB5+CD5*CH5-CE5*CI5 -> 1.6689034e-06 | CO5: =CC5+CD5*CI5+CE5*CH5 -> 0.0038632832 | CP5: =CD5 -> 0.99970814 | CQ5: =CE5 -> 0.00026020343 | CR5: =2*((((Parameters!$C$31)/((Parameters!$C$31)^2+(C5*Parameters!$C$30)^2)))/((((Parameters!$C$31)/((Parameters!$C$31)^2+(C5*Parameters!$C$30)^2)))^2+((-(C5*Parameters!$C$30)/((Parameters!$C$31)^2+(C5*Parameters!$C$30)^2)+C5*Parameters!$C$32))^2)) -> 0.04 | CS5: =2*(-((-(C5*Parameters!$C$30)/((Parameters!$C$31)^2+(C5*Parameters!$C$30)^2)+C5*Parameters!$C$32))/((((Parameters!$C$31)/((Parameters!$C$31)^2+(C5*Parameters!$C$30)^2)))^2+((-(C5*Parameters!$C$30)/((Parameters!$C$31)^2+(C5*Parameters!$C$30)^2)+C5*Parameters!$C$32))^2)) -> 0.042926334 | CT5: =0 -> 0 | CU5: =0 -> 0 | CV5: =CJ5 -> 0.99994028 | CW5: =CK5 -> 0.00020357108 | CX5: =CL5+CJ5*CR5-CK5*CS5 -> 0.15997686 | CY5: =CM5+CJ5*CS5+CK5*CR5 -> 0.1339978 | CZ5: =CN5 -> 1.6689034e-06 | DA5: =CO5 -> 0.0038632832 | DB5: =CP5+CN5*CR5-CO5*CS5 -> 0.99954237 | DC5: =CQ5+CN5*CS5+CO5*CR5 -> 0.0004148064 | DD5: =0 -> 0 | DE5: =0 -> 0 | DF5: =(((Parameters!$C$35))/(((Parameters!$C$35))^2+((C5*Parameters!$C$34-1/(C5*Parameters!$C$33)))^2))+(((Parameters!$C$39+Parameters!$C$38))/(((Parameters!$C$39+Parameters!$C$38))^2+((C5*Parameters!$C$37-1/(C5*Parameters!$C$36)))^2)) -> 1.4053812e-06 | DG5: =(-((C5*Parameters!$C$34-1/(C5*Parameters!$C$33)))/(((Parameters!$C$35))^2+((C5*Parameters!$C$34-1/(C5*Parameters!$C$33)))^2))+(-((C5*Parameters!$C$37-1/(C5*Parameters!$C$36)))/(((Parameters!$C$39+Parameters!$C$38))^2+((C5*Parameters!$C$37-1/(C5*Parameters!$C$36)))^2)) -> 0.00061136862 | DH5: =CV5+CX5*DF5-CY5*DG5 -> 0.99985858 | DI5: =CW5+CX5*DG5+CY5*DF5 -> 0.00030156423 | DJ5: =CX5 -> 0.15997686 | DK5: =CY5 -> 0.1339978 | DL5: =CZ5+DB5*DF5-DC5*DG5 -> 2.8200419e-06 | DM5: =DA5+DB5*DG5+DC5*DF5 -> 0.0044743726 | DN5: =DB5 -> 0.99954237 | DO5: =DC5 -> 0.0004148064 | DP5: =2*((((Parameters!$C$41)/((Parameters!$C$41)^2+(C5*(Parameters!$C$40*(1-Parameters!$C$42)))^2)))/((((Parameters!$C$41)/((Parameters!$C$41)^2+(C5*(Parameters!$C$40*(1-Parameters!$C$42)))^2)))^2+((-(C5*(Parameters!$C$40*(1-Parameters!$C$42)))/((Parameters!$C$41)^2+(C5*(Parameters!$C$40*(1-Parameters!$C$42)))^2)+C5*Parameters!$C$43))^2)) -> 0.2 | DQ5: =2*(-((-(C5*(Parameters!$C$40*(1-Parameters!$C$42)))/((Parameters!$C$41)^2+(C5*(Parameters!$C$40*(1-Parameters!$C$42)))^2)+C5*Parameters!$C$43))/((((Parameters!$C$41)/((Parameters!$C$41)^2+(C5*(Parameters!$C$40*(1-Parameters!$C$42)))^2)))^2+((-(C5*(Parameters!$C$40*(1-Parameters!$C$42)))/((Parameters!$C$41)^2+(C5*(Parameters!$C$40*(1-Parameters!$C$42)))^2)+C5*Parameters!$C$43))^2)) -> 0.003902394 | DR5: =0 -> 0 | DS5: =0 -> 0 | DT5: =DH5 -> 0.99985858 | DU5: =DI5 -> 0.00030156423 | DV5: =DJ5+DH5*DP5-DI5*DQ5 -> 0.3599474 | DW5: =DK5+DH5*DQ5+DI5*DP5 -> 0.13795996 | DX5: =DL5 -> 2.8200419e-06 | DY5: =DM5 -> 0.0044743726 | DZ5: =DN5+DL5*DP5-DM5*DQ5 -> 0.99952548 | EA5: =DO5+DL5*DQ5+DM5*DP5 -> 0.0013096919 | EB5: =0 -> 0 | EC5: =0 -> 0 | ED5: =0 -> 0 | EE5: =C5*Parameters!$C$44 -> 6.5039901e-09 | EF5: =DT5+DV5*ED5-DW5*EE5 -> 0.99985858 | EG5: =DU5+DV5*EE5+DW5*ED5 -> 0.00030156657 | EH5: =DV5 -> 0.3599474 | EI5: =DW5 -> 0.13795996 | EJ5: =DX5+DZ5*ED5-EA5*EE5 -> 2.8200333e-06 | EK5: =DY5+DZ5*EE5+EA5*ED5 -> 0.0044743792 | EL5: =DZ5 -> 0.99952548 | EM5: =EA5 -> 0.0013096919 | EN5: =0 -> 0 | EO5: =0 -> 0 | EP5: =(((2*Parameters!$C$47))/(((2*Parameters!$C$47))^2+((2*(C5*Parameters!$C$46-1/(C5*Parameters!$C$45))))^2)) -> 2.0474113e-14 | EQ5: =(-((2*(C5*Parameters!$C$46-1/(C5*Parameters!$C$45))))/(((2*Parameters!$C$47))^2+((2*(C5*Parameters!$C$46-1/(C5*Parameters!$C$45))))^2)) -> 7.1543891e-07 | ER5: =EF5+EH5*EP5-EI5*EQ5 -> 0.99985848 | ES5: =EG5+EH5*EQ5+EI5*EP5 -> 0.00030182409 | ET5: =EH5 -> 0.3599474 | EU5: =EI5 -> 0.13795996 | EV5: =EJ5+EL5*EP5-EM5*EQ5 -> 2.8190964e-06 | EW5: =EK5+EL5*EQ5+EM5*EP5 -> 0.0044750942 | EX5: =EL5 -> 0.99952548 | EY5: =EM5 -> 0.0013096919 | EZ5: =(ER5+ET5/Parameters!$C$6+Parameters!$C$7*(EV5+EX5/Parameters!$C$6)) -> 1.0123784 | FA5: =(ES5+EU5/Parameters!$C$6+Parameters!$C$7*(EW5+EY5/Parameters!$C$6)) -> 0.0051004313 | FB5: =-20*LOG10(SQRT(EZ5^2+FA5^2)) -> -0.10696758 | FC5: =1/SQRT(EZ5^2+FA5^2) -> 0.98776042 | FD5: =(ER5+ET5/Parameters!$C$6+Parameters!$C$8*(EV5+EX5/Parameters!$C$6)) -> 2.7508245 | FE5: =(ES5+EU5/Parameters!$C$6+Parameters!$C$8*(EW5+EY5/Parameters!$C$6)) -> 0.23113287 | FF5: =-20*LOG10(SQRT(FD5^2+FE5^2)) -> -8.8198107 | FG5: =1/SQRT(FD5^2+FE5^2) -> 0.36225089
A6: =Parameters!$C$2*(Parameters!$C$3/Parameters!$C$2)^((ROW()-2)/(Parameters!$C$4-1)) -> 104.71285 | B6: =LOG10(A6) -> 2.02 | C6: =2*PI()*A6 -> 657.93027 | D6: =1 -> 1 | E6: =0 -> 0 | F6: =0 -> 0 | G6: =0 -> 0 | H6: =0 -> 0 | I6: =0 -> 0 | J6: =1 -> 1 | K6: =0 -> 0 | L6: =2*Parameters!$C$10 -> 0.04 | M6: =2*C6*Parameters!$C$9 -> 0.0013158605 | N6: =0 -> 0 | O6: =0 -> 0 | P6: =D6 -> 1 | Q6: =E6 -> 0 | R6: =F6+D6*L6-E6*M6 -> 0.04 | S6: =G6+D6*M6+E6*L6 -> 0.0013158605 | T6: =H6 -> 0 | U6: =I6 -> 0 | V6: =J6+H6*L6-I6*M6 -> 1 | W6: =K6+H6*M6+I6*L6 -> 0 | X6: =0 -> 0 | Y6: =0 -> 0 | Z6: =0 -> 0 | AA6: =C6*(Parameters!$C$12+Parameters!$C$11/2) -> 4.934477e-08 | AB6: =P6+R6*Z6-S6*AA6 -> 1 | AC6: =Q6+R6*AA6+S6*Z6 -> 1.9737908e-09 | AD6: =R6 -> 0.04 | AE6: =S6 -> 0.0013158605 | AF6: =T6+V6*Z6-W6*AA6 -> 0 | AG6: =U6+V6*AA6+W6*Z6 -> 4.934477e-08 | AH6: =V6 -> 1 | AI6: =W6 -> 0 | AJ6: =0 -> 0 | AK6: =0 -> 0 | AL6: =(((2*Parameters!$C$15))/(((2*Parameters!$C$15))^2+((2*(C6*Parameters!$C$14-1/(C6*Parameters!$C$13))))^2)) -> 4.3287227e-07 | AM6: =(-((2*(C6*Parameters!$C$14-1/(C6*Parameters!$C$13))))/(((2*Parameters!$C$15))^2+((2*(C6*Parameters!$C$14-1/(C6*Parameters!$C$13))))^2)) -> 0.0032896514 | AN6: =AB6+AD6*AL6-AE6*AM6 -> 0.99999569 | AO6: =AC6+AD6*AM6+AE6*AL6 -> 0.0001315886 | AP6: =AD6 -> 0.04 | AQ6: =AE6 -> 0.0013158605 | AR6: =AF6+AH6*AL6-AI6*AM6 -> 4.3287227e-07 | AS6: =AG6+AH6*AM6+AI6*AL6 -> 0.0032897008 | AT6: =AH6 -> 1 | AU6: =AI6 -> 0 | AV6: =2*Parameters!$C$17 -> 0.04 | AW6: =2*C6*Parameters!$C$16 -> 0.0013158605 | AX6: =0 -> 0 | AY6: =0 -> 0 | AZ6: =AN6 -> 0.99999569 | BA6: =AO6 -> 0.0001315886 | BB6: =AP6+AN6*AV6-AO6*AW6 -> 0.079999654 | BC6: =AQ6+AN6*AW6+AO6*AV6 -> 0.002636979 | BD6: =AR6 -> 4.3287227e-07 | BE6: =AS6 -> 0.0032897008 | BF6: =AT6+AR6*AV6-AS6*AW6 -> 0.99999569 | BG6: =AU6+AR6*AW6+AS6*AV6 -> 0.0001315886 | BH6: =0 -> 0 | BI6: =0 -> 0 | BJ6: =0 -> 0 | BK6: =C6*(Parameters!$C$19+Parameters!$C$18/2) -> 4.934477e-08 | BL6: =AZ6+BB6*BJ6-BC6*BK6 -> 0.99999569 | BM6: =BA6+BB6*BK6+BC6*BJ6 -> 0.00013159255 | BN6: =BB6 -> 0.079999654 | BO6: =BC6 -> 0.002636979 | BP6: =BD6+BF6*BJ6-BG6*BK6 -> 4.3286578e-07 | BQ6: =BE6+BF6*BK6+BG6*BJ6 -> 0.0032897501 | BR6: =BF6 -> 0.99999569 | BS6: =BG6 -> 0.0001315886 | BT6: =2*((((Parameters!$C$21)/((Parameters!$C$21)^2+(C6*Parameters!$C$20)^2)))/((((Parameters!$C$21)/((Parameters!$C$21)^2+(C6*Parameters!$C$20)^2)))^2+((-(C6*Parameters!$C$20)/((Parameters!$C$21)^2+(C6*Parameters!$C$20)^2)+C6*Parameters!$C$22))^2)) -> 0.04 | BU6: =2*(-((-(C6*Parameters!$C$20)/((Parameters!$C$21)^2+(C6*Parameters!$C$20)^2)+C6*Parameters!$C$22))/((((Parameters!$C$21)/((Parameters!$C$21)^2+(C6*Parameters!$C$20)^2)))^2+((-(C6*Parameters!$C$20)/((Parameters!$C$21)^2+(C6*Parameters!$C$20)^2)+C6*Parameters!$C$22))^2)) -> 0.089478517 | BV6: =0 -> 0 | BW6: =0 -> 0 | BX6: =BL6 -> 0.99999569 | BY6: =BM6 -> 0.00013159255 | BZ6: =BN6+BL6*BT6-BM6*BU6 -> 0.11998771 | CA6: =BO6+BL6*BU6+BM6*BT6 -> 0.092120374 | CB6: =BP6 -> 4.3286578e-07 | CC6: =BQ6 -> 0.0032897501 | CD6: =BR6+BP6*BT6-BQ6*BU6 -> 0.99970134 | CE6: =BS6+BP6*BU6+BQ6*BT6 -> 0.00026321734 | CF6: =0 -> 0 | CG6: =0 -> 0 | CH6: =(((Parameters!$C$25))/(((Parameters!$C$25))^2+((C6*Parameters!$C$24-1/(C6*Parameters!$C$23)))^2))+(((Parameters!$C$29+Parameters!$C$28))/(((Parameters!$C$29+Parameters!$C$28))^2+((C6*Parameters!$C$27-1/(C6*Parameters!$C$26)))^2)) -> 1.4381161e-06 | CI6: =(-((C6*Parameters!$C$24-1/(C6*Parameters!$C$23)))/(((Parameters!$C$25))^2+((C6*Parameters!$C$24-1/(C6*Parameters!$C$23)))^2))+(-((C6*Parameters!$C$27-1/(C6*Parameters!$C$26)))/(((Parameters!$C$29+Parameters!$C$28))^2+((C6*Parameters!$C$27-1/(C6*Parameters!$C$26)))^2)) -> 0.00061844779 | CJ6: =BX6+BZ6*CH6-CA6*CI6 -> 0.99993889 | CK6: =BY6+BZ6*CI6+CA6*CH6 -> 0.00020593116 | CL6: =BZ6 -> 0.11998771 | CM6: =CA6 -> 0.092120374 | CN6: =CB6+CD6*CH6-CE6*CI6 -> 1.7077662e-06 | CO6: =CC6+CD6*CI6+CE6*CH6 -> 0.0039080136 | CP6: =CD6 -> 0.99970134 | CQ6: =CE6 -> 0.00026321734 | CR6: =2*((((Parameters!$C$31)/((Parameters!$C$31)^2+(C6*Parameters!$C$30)^2)))/((((Parameters!$C$31)/((Parameters!$C$31)^2+(C6*Parameters!$C$30)^2)))^2+((-(C6*Parameters!$C$30)/((Parameters!$C$31)^2+(C6*Parameters!$C$30)^2)+C6*Parameters!$C$32))^2)) -> 0.04 | CS6: =2*(-((-(C6*Parameters!$C$30)/((Parameters!$C$31)^2+(C6*Parameters!$C$30)^2)+C6*Parameters!$C$32))/((((Parameters!$C$31)/((Parameters!$C$31)^2+(C6*Parameters!$C$30)^2)))^2+((-(C6*Parameters!$C$30)/((Parameters!$C$31)^2+(C6*Parameters!$C$30)^2)+C6*Parameters!$C$32))^2)) -> 0.043423398 | CT6: =0 -> 0 | CU6: =0 -> 0 | CV6: =CJ6 -> 0.99993889 | CW6: =CK6 -> 0.00020593116 | CX6: =CL6+CJ6*CR6-CK6*CS6 -> 0.15997632 | CY6: =CM6+CJ6*CS6+CK6*CR6 -> 0.13554936 | CZ6: =CN6 -> 1.7077662e-06 | DA6: =CO6 -> 0.0039080136 | DB6: =CP6+CN6*CR6-CO6*CS6 -> 0.99953171 | DC6: =CQ6+CN6*CS6+CO6*CR6 -> 0.00041961204 | DD6: =0 -> 0 | DE6: =0 -> 0 | DF6: =(((Parameters!$C$35))/(((Parameters!$C$35))^2+((C6*Parameters!$C$34-1/(C6*Parameters!$C$33)))^2))+(((Parameters!$C$39+Parameters!$C$38))/(((Parameters!$C$39+Parameters!$C$38))^2+((C6*Parameters!$C$37-1/(C6*Parameters!$C$36)))^2)) -> 1.4381161e-06 | DG6: =(-((C6*Parameters!$C$34-1/(C6*Parameters!$C$33)))/(((Parameters!$C$35))^2+((C6*Parameters!$C$34-1/(C6*Parameters!$C$33)))^2))+(-((C6*Parameters!$C$37-1/(C6*Parameters!$C$36)))/(((Parameters!$C$39+Parameters!$C$38))^2+((C6*Parameters!$C$37-1/(C6*Parameters!$C$36)))^2)) -> 0.00061844779 | DH6: =CV6+CX6*DF6-CY6*DG6 -> 0.99985529 | DI6: =CW6+CX6*DG6+CY6*DF6 -> 0.0003050631 | DJ6: =CX6 -> 0.15997632 | DK6: =CY6 -> 0.13554936 | DL6: =CZ6+DB6*DF6-DC6*DG6 -> 2.8857006e-06 | DM6: =DA6+DB6*DG6+DC6*DF6 -> 0.0045261724 | DN6: =DB6 -> 0.99953171 | DO6: =DC6 -> 0.00041961204 | DP6: =2*((((Parameters!$C$41)/((Parameters!$C$41)^2+(C6*(Parameters!$C$40*(1-Parameters!$C$42)))^2)))/((((Parameters!$C$41)/((Parameters!$C$41)^2+(C6*(Parameters!$C$40*(1-Parameters!$C$42)))^2)))^2+((-(C6*(Parameters!$C$40*(1-Parameters!$C$42)))/((Parameters!$C$41)^2+(C6*(Parameters!$C$40*(1-Parameters!$C$42)))^2)+C6*Parameters!$C$43))^2)) -> 0.2 | DQ6: =2*(-((-(C6*(Parameters!$C$40*(1-Parameters!$C$42)))/((Parameters!$C$41)^2+(C6*(Parameters!$C$40*(1-Parameters!$C$42)))^2)+C6*Parameters!$C$43))/((((Parameters!$C$41)/((Parameters!$C$41)^2+(C6*(Parameters!$C$40*(1-Parameters!$C$42)))^2)))^2+((-(C6*(Parameters!$C$40*(1-Parameters!$C$42)))/((Parameters!$C$41)^2+(C6*(Parameters!$C$40*(1-Parameters!$C$42)))^2)+C6*Parameters!$C$43))^2)) -> 0.0039475816 | DR6: =0 -> 0 | DS6: =0 -> 0 | DT6: =DH6 -> 0.99985529 | DU6: =DI6 -> 0.0003050631 | DV6: =DJ6+DH6*DP6-DI6*DQ6 -> 0.35994617 | DW6: =DK6+DH6*DQ6+DI6*DP6 -> 0.13955738 | DX6: =DL6 -> 2.8857006e-06 | DY6: =DM6 -> 0.0045261724 | DZ6: =DN6+DL6*DP6-DM6*DQ6 -> 0.99951442 | EA6: =DO6+DL6*DQ6+DM6*DP6 -> 0.0013248579 | EB6: =0 -> 0 | EC6: =0 -> 0 | ED6: =0 -> 0 | EE6: =C6*Parameters!$C$44 -> 6.5793027e-09 | EF6: =DT6+DV6*ED6-DW6*EE6 -> 0.99985529 | EG6: =DU6+DV6*EE6+DW6*ED6 -> 0.00030506547 | EH6: =DV6 -> 0.35994617 | EI6: =DW6 -> 0.13955738 | EJ6: =DX6+DZ6*ED6-EA6*EE6 -> 2.8856919e-06 | EK6: =DY6+DZ6*EE6+EA6*ED6 -> 0.0045261789 | EL6: =DZ6 -> 0.99951442 | EM6: =EA6 -> 0.0013248579 | EN6: =0 -> 0 | EO6: =0 -> 0 | EP6: =(((2*Parameters!$C$47))/(((2*Parameters!$C$47))^2+((2*(C6*Parameters!$C$46-1/(C6*Parameters!$C$45))))^2)) -> 2.0951016e-14 | EQ6: =(-((2*(C6*Parameters!$C$46-1/(C6*Parameters!$C$45))))/(((2*Parameters!$C$47))^2+((2*(C6*Parameters!$C$46-1/(C6*Parameters!$C$45))))^2)) -> 7.237233e-07 | ER6: =EF6+EH6*EP6-EI6*EQ6 -> 0.99985519 | ES6: =EG6+EH6*EQ6+EI6*EP6 -> 0.00030532597 | ET6: =EH6 -> 0.35994617 | EU6: =EI6 -> 0.13955738 | EV6: =EJ6+EL6*EP6-EM6*EQ6 -> 2.8847331e-06 | EW6: =EK6+EL6*EQ6+EM6*EP6 -> 0.0045269023 | EX6: =EL6 -> 0.99951442 | EY6: =EM6 -> 0.0013248579 | EZ6: =(ER6+ET6/Parameters!$C$6+Parameters!$C$7*(EV6+EX6/Parameters!$C$6)) -> 1.0123751 | FA6: =(ES6+EU6/Parameters!$C$6+Parameters!$C$7*(EW6+EY6/Parameters!$C$6)) -> 0.0051594956 | FB6: =-20*LOG10(SQRT(EZ6^2+FA6^2)) -> -0.1069415 | FC6: =1/SQRT(EZ6^2+FA6^2) -> 0.98776339 | FD6: =(ER6+ET6/Parameters!$C$6+Parameters!$C$8*(EV6+EX6/Parameters!$C$6)) -> 2.7508052 | FE6: =(ES6+EU6/Parameters!$C$6+Parameters!$C$8*(EW6+EY6/Parameters!$C$6)) -> 0.23380871 | FF6: =-20*LOG10(SQRT(FD6^2+FE6^2)) -> -8.8204592 | FG6: =1/SQRT(FD6^2+FE6^2) -> 0.36222385
A7: =Parameters!$C$2*(Parameters!$C$3/Parameters!$C$2)^((ROW()-2)/(Parameters!$C$4-1)) -> 105.92537 | B7: =LOG10(A7) -> 2.025 | C7: =2*PI()*A7 -> 665.54874 | D7: =1 -> 1 | E7: =0 -> 0 | F7: =0 -> 0 | G7: =0 -> 0 | H7: =0 -> 0 | I7: =0 -> 0 | J7: =1 -> 1 | K7: =0 -> 0 | L7: =2*Parameters!$C$10 -> 0.04 | M7: =2*C7*Parameters!$C$9 -> 0.0013310975 | N7: =0 -> 0 | O7: =0 -> 0 | P7: =D7 -> 1 | Q7: =E7 -> 0 | R7: =F7+D7*L7-E7*M7 -> 0.04 | S7: =G7+D7*M7+E7*L7 -> 0.0013310975 | T7: =H7 -> 0 | U7: =I7 -> 0 | V7: =J7+H7*L7-I7*M7 -> 1 | W7: =K7+H7*M7+I7*L7 -> 0 | X7: =0 -> 0 | Y7: =0 -> 0 | Z7: =0 -> 0 | AA7: =C7*(Parameters!$C$12+Parameters!$C$11/2) -> 4.9916156e-08 | AB7: =P7+R7*Z7-S7*AA7 -> 1 | AC7: =Q7+R7*AA7+S7*Z7 -> 1.9966462e-09 | AD7: =R7 -> 0.04 | AE7: =S7 -> 0.0013310975 | AF7: =T7+V7*Z7-W7*AA7 -> 0 | AG7: =U7+V7*AA7+W7*Z7 -> 4.9916156e-08 | AH7: =V7 -> 1 | AI7: =W7 -> 0 | AJ7: =0 -> 0 | AK7: =0 -> 0 | AL7: =(((2*Parameters!$C$15))/(((2*Parameters!$C$15))^2+((2*(C7*Parameters!$C$14-1/(C7*Parameters!$C$13))))^2)) -> 4.4295516e-07 | AM7: =(-((2*(C7*Parameters!$C$14-1/(C7*Parameters!$C$13))))/(((2*Parameters!$C$15))^2+((2*(C7*Parameters!$C$14-1/(C7*Parameters!$C$13))))^2)) -> 0.0033277438 | AN7: =AB7+AD7*AL7-AE7*AM7 -> 0.99999559 | AO7: =AC7+AD7*AM7+AE7*AL7 -> 0.00013311234 | AP7: =AD7 -> 0.04 | AQ7: =AE7 -> 0.0013310975 | AR7: =AF7+AH7*AL7-AI7*AM7 -> 4.4295516e-07 | AS7: =AG7+AH7*AM7+AI7*AL7 -> 0.0033277937 | AT7: =AH7 -> 1 | AU7: =AI7 -> 0 | AV7: =2*Parameters!$C$17 -> 0.04 | AW7: =2*C7*Parameters!$C$16 -> 0.0013310975 | AX7: =0 -> 0 | AY7: =0 -> 0 | AZ7: =AN7 -> 0.99999559 | BA7: =AO7 -> 0.00013311234 | BB7: =AP7+AN7*AV7-AO7*AW7 -> 0.079999646 | BC7: =AQ7+AN7*AW7+AO7*AV7 -> 0.0026675136 | BD7: =AR7 -> 4.4295516e-07 | BE7: =AS7 -> 0.0033277937 | BF7: =AT7+AR7*AV7-AS7*AW7 -> 0.99999559 | BG7: =AU7+AR7*AW7+AS7*AV7 -> 0.00013311234 | BH7: =0 -> 0 | BI7: =0 -> 0 | BJ7: =0 -> 0 | BK7: =C7*(Parameters!$C$19+Parameters!$C$18/2) -> 4.9916156e-08 | BL7: =AZ7+BB7*BJ7-BC7*BK7 -> 0.99999559 | BM7: =BA7+BB7*BK7+BC7*BJ7 -> 0.00013311633 | BN7: =BB7 -> 0.079999646 | BO7: =BC7 -> 0.0026675136 | BP7: =BD7+BF7*BJ7-BG7*BK7 -> 4.4294852e-07 | BQ7: =BE7+BF7*BK7+BG7*BJ7 -> 0.0033278436 | BR7: =BF7 -> 0.99999559 | BS7: =BG7 -> 0.00013311234 | BT7: =2*((((Parameters!$C$21)/((Parameters!$C$21)^2+(C7*Parameters!$C$20)^2)))/((((Parameters!$C$21)/((Parameters!$C$21)^2+(C7*Parameters!$C$20)^2)))^2+((-(C7*Parameters!$C$20)/((Parameters!$C$21)^2+(C7*Parameters!$C$20)^2)+C7*Parameters!$C$22))^2)) -> 0.04 | BU7: =2*(-((-(C7*Parameters!$C$20)/((Parameters!$C$21)^2+(C7*Parameters!$C$20)^2)+C7*Parameters!$C$22))/((((Parameters!$C$21)/((Parameters!$C$21)^2+(C7*Parameters!$C$20)^2)))^2+((-(C7*Parameters!$C$20)/((Parameters!$C$21)^2+(C7*Parameters!$C$20)^2)+C7*Parameters!$C$22))^2)) -> 0.090514629 | BV7: =0 -> 0 | BW7: =0 -> 0 | BX7: =BL7 -> 0.99999559 | BY7: =BM7 -> 0.00013311633 | BZ7: =BN7+BL7*BT7-BM7*BU7 -> 0.11998742 | CA7: =BO7+BL7*BU7+BM7*BT7 -> 0.093187068 | CB7: =BP7 -> 4.4294852e-07 | CC7: =BQ7 -> 0.0033278436 | CD7: =BR7+BP7*BT7-BQ7*BU7 -> 0.99969439 | CE7: =BS7+BP7*BU7+BQ7*BT7 -> 0.00026626618 | CF7: =0 -> 0 | CG7: =0 -> 0 | CH7: =(((Parameters!$C$25))/(((Parameters!$C$25))^2+((C7*Parameters!$C$24-1/(C7*Parameters!$C$23)))^2))+(((Parameters!$C$29+Parameters!$C$28))/(((Parameters!$C$29+Parameters!$C$28))^2+((C7*Parameters!$C$27-1/(C7*Parameters!$C$26)))^2)) -> 1.4716133e-06 | CI7: =(-((C7*Parameters!$C$24-1/(C7*Parameters!$C$23)))/(((Parameters!$C$25))^2+((C7*Parameters!$C$24-1/(C7*Parameters!$C$23)))^2))+(-((C7*Parameters!$C$27-1/(C7*Parameters!$C$26)))/(((Parameters!$C$29+Parameters!$C$28))^2+((C7*Parameters!$C$27-1/(C7*Parameters!$C$26)))^2)) -> 0.00062560892 | CJ7: =BX7+BZ7*CH7-CA7*CI7 -> 0.99993747 | CK7: =BY7+BZ7*CI7+CA7*CH7 -> 0.00020831867 | CL7: =BZ7 -> 0.11998742 | CM7: =CA7 -> 0.093187068 | CN7: =CB7+CD7*CH7-CE7*CI7 -> 1.7475336e-06 | CO7: =CC7+CD7*CI7+CE7*CH7 -> 0.0039532618 | CP7: =CD7 -> 0.99969439 | CQ7: =CE7 -> 0.00026626618 | CR7: =2*((((Parameters!$C$31)/((Parameters!$C$31)^2+(C7*Parameters!$C$30)^2)))/((((Parameters!$C$31)/((Parameters!$C$31)^2+(C7*Parameters!$C$30)^2)))^2+((-(C7*Parameters!$C$30)/((Parameters!$C$31)^2+(C7*Parameters!$C$30)^2)+C7*Parameters!$C$32))^2)) -> 0.04 | CS7: =2*(-((-(C7*Parameters!$C$30)/((Parameters!$C$31)^2+(C7*Parameters!$C$30)^2)+C7*Parameters!$C$32))/((((Parameters!$C$31)/((Parameters!$C$31)^2+(C7*Parameters!$C$30)^2)))^2+((-(C7*Parameters!$C$30)/((Parameters!$C$31)^2+(C7*Parameters!$C$30)^2)+C7*Parameters!$C$32))^2)) -> 0.043926217 | CT7: =0 -> 0 | CU7: =0 -> 0 | CV7: =CJ7 -> 0.99993747 | CW7: =CK7 -> 0.00020831867 | CX7: =CL7+CJ7*CR7-CK7*CS7 -> 0.15997577 | CY7: =CM7+CJ7*CS7+CK7*CR7 -> 0.13711887 | CZ7: =CN7 -> 1.7475336e-06 | DA7: =CO7 -> 0.0039532618 | DB7: =CP7+CN7*CR7-CO7*CS7 -> 0.99952081 | DC7: =CQ7+CN7*CS7+CO7*CR7 -> 0.00042447341 | DD7: =0 -> 0 | DE7: =0 -> 0 | DF7: =(((Parameters!$C$35))/(((Parameters!$C$35))^2+((C7*Parameters!$C$34-1/(C7*Parameters!$C$33)))^2))+(((Parameters!$C$39+Parameters!$C$38))/(((Parameters!$C$39+Parameters!$C$38))^2+((C7*Parameters!$C$37-1/(C7*Parameters!$C$36)))^2)) -> 1.4716133e-06 | DG7: =(-((C7*Parameters!$C$34-1/(C7*Parameters!$C$33)))/(((Parameters!$C$35))^2+((C7*Parameters!$C$34-1/(C7*Parameters!$C$33)))^2))+(-((C7*Parameters!$C$37-1/(C7*Parameters!$C$36)))/(((Parameters!$C$39+Parameters!$C$38))^2+((C7*Parameters!$C$37-1/(C7*Parameters!$C$36)))^2)) -> 0.00062560892 | DH7: =CV7+CX7*DF7-CY7*DG7 -> 0.99985192 | DI7: =CW7+CX7*DG7+CY7*DF7 -> 0.00030860272 | DJ7: =CX7 -> 0.15997577 | DK7: =CY7 -> 0.13711887 | DL7: =CZ7+DB7*DF7-DC7*DG7 -> 2.9528874e-06 | DM7: =DA7+DB7*DG7+DC7*DF7 -> 0.0045785715 | DN7: =DB7 -> 0.99952081 | DO7: =DC7 -> 0.00042447341 | DP7: =2*((((Parameters!$C$41)/((Parameters!$C$41)^2+(C7*(Parameters!$C$40*(1-Parameters!$C$42)))^2)))/((((Parameters!$C$41)/((Parameters!$C$41)^2+(C7*(Parameters!$C$40*(1-Parameters!$C$42)))^2)))^2+((-(C7*(Parameters!$C$40*(1-Parameters!$C$42)))/((Parameters!$C$41)^2+(C7*(Parameters!$C$40*(1-Parameters!$C$42)))^2)+C7*Parameters!$C$43))^2)) -> 0.2 | DQ7: =2*(-((-(C7*(Parameters!$C$40*(1-Parameters!$C$42)))/((Parameters!$C$41)^2+(C7*(Parameters!$C$40*(1-Parameters!$C$42)))^2)+C7*Parameters!$C$43))/((((Parameters!$C$41)/((Parameters!$C$41)^2+(C7*(Parameters!$C$40*(1-Parameters!$C$42)))^2)))^2+((-(C7*(Parameters!$C$40*(1-Parameters!$C$42)))/((Parameters!$C$41)^2+(C7*(Parameters!$C$40*(1-Parameters!$C$42)))^2)+C7*Parameters!$C$43))^2)) -> 0.0039932924 | DR7: =0 -> 0 | DS7: =0 -> 0 | DT7: =DH7 -> 0.99985192 | DU7: =DI7 -> 0.00030860272 | DV7: =DJ7+DH7*DP7-DI7*DQ7 -> 0.35994492 | DW7: =DK7+DH7*DQ7+DI7*DP7 -> 0.14117329 | DX7: =DL7 -> 2.9528874e-06 | DY7: =DM7 -> 0.0045785715 | DZ7: =DN7+DL7*DP7-DM7*DQ7 -> 0.99950311 | EA7: =DO7+DL7*DQ7+DM7*DP7 -> 0.0013401995 | EB7: =0 -> 0 | EC7: =0 -> 0 | ED7: =0 -> 0 | EE7: =C7*Parameters!$C$44 -> 6.6554874e-09 | EF7: =DT7+DV7*ED7-DW7*EE7 -> 0.99985192 | EG7: =DU7+DV7*EE7+DW7*ED7 -> 0.00030860512 | EH7: =DV7 -> 0.35994492 | EI7: =DW7 -> 0.14117329 | EJ7: =DX7+DZ7*ED7-EA7*EE7 -> 2.9528785e-06 | EK7: =DY7+DZ7*EE7+EA7*ED7 -> 0.0045785782 | EL7: =DZ7 -> 0.99950311 | EM7: =EA7 -> 0.0013401995 | EN7: =0 -> 0 | EO7: =0 -> 0 | EP7: =(((2*Parameters!$C$47))/(((2*Parameters!$C$47))^2+((2*(C7*Parameters!$C$46-1/(C7*Parameters!$C$45))))^2)) -> 2.1439028e-14 | EQ7: =(-((2*(C7*Parameters!$C$46-1/(C7*Parameters!$C$45))))/(((2*Parameters!$C$47))^2+((2*(C7*Parameters!$C$46-1/(C7*Parameters!$C$45))))^2)) -> 7.3210362e-07 | ER7: =EF7+EH7*EP7-EI7*EQ7 -> 0.99985181 | ES7: =EG7+EH7*EQ7+EI7*EP7 -> 0.00030886863 | ET7: =EH7 -> 0.35994492 | EU7: =EI7 -> 0.14117329 | EV7: =EJ7+EL7*EP7-EM7*EQ7 -> 2.9518974e-06 | EW7: =EK7+EL7*EQ7+EM7*EP7 -> 0.0045793099 | EX7: =EL7 -> 0.99950311 | EY7: =EM7 -> 0.0013401995 | EZ7: =(ER7+ET7/Parameters!$C$6+Parameters!$C$7*(EV7+EX7/Parameters!$C$6)) -> 1.0123716 | FA7: =(ES7+EU7/Parameters!$C$6+Parameters!$C$7*(EW7+EY7/Parameters!$C$6)) -> 0.005219244 | FB7: =-20*LOG10(SQRT(EZ7^2+FA7^2)) -> -0.10691482 | FC7: =1/SQRT(EZ7^2+FA7^2) -> 0.98776642 | FD7: =(ER7+ET7/Parameters!$C$6+Parameters!$C$8*(EV7+EX7/Parameters!$C$6)) -> 2.7507855 | FE7: =(ES7+EU7/Parameters!$C$6+Parameters!$C$8*(EW7+EY7/Parameters!$C$6)) -> 0.23651552 | FF7: =-20*LOG10(SQRT(FD7^2+FE7^2)) -> -8.8211228 | FG7: =1/SQRT(FD7^2+FE7^2) -> 0.36219618
A8: =Parameters!$C$2*(Parameters!$C$3/Parameters!$C$2)^((ROW()-2)/(Parameters!$C$4-1)) -> 107.15193 | B8: =LOG10(A8) -> 2.03 | C8: =2*PI()*A8 -> 673.25544 | D8: =1 -> 1 | E8: =0 -> 0 | F8: =0 -> 0 | G8: =0 -> 0 | H8: =0 -> 0 | I8: =0 -> 0 | J8: =1 -> 1 | K8: =0 -> 0 | L8: =2*Parameters!$C$10 -> 0.04 | M8: =2*C8*Parameters!$C$9 -> 0.0013465109 | N8: =0 -> 0 | O8: =0 -> 0 | P8: =D8 -> 1 | Q8: =E8 -> 0 | R8: =F8+D8*L8-E8*M8 -> 0.04 | S8: =G8+D8*M8+E8*L8 -> 0.0013465109 | T8: =H8 -> 0 | U8: =I8 -> 0 | V8: =J8+H8*L8-I8*M8 -> 1 | W8: =K8+H8*M8+I8*L8 -> 0 | X8: =0 -> 0 | Y8: =0 -> 0 | Z8: =0 -> 0 | AA8: =C8*(Parameters!$C$12+Parameters!$C$11/2) -> 5.0494158e-08 | AB8: =P8+R8*Z8-S8*AA8 -> 1 | AC8: =Q8+R8*AA8+S8*Z8 -> 2.0197663e-09 | AD8: =R8 -> 0.04 | AE8: =S8 -> 0.0013465109 | AF8: =T8+V8*Z8-W8*AA8 -> 0 | AG8: =U8+V8*AA8+W8*Z8 -> 5.0494158e-08 | AH8: =V8 -> 1 | AI8: =W8 -> 0 | AJ8: =0 -> 0 | AK8: =0 -> 0 | AL8: =(((2*Parameters!$C$15))/(((2*Parameters!$C$15))^2+((2*(C8*Parameters!$C$14-1/(C8*Parameters!$C$13))))^2)) -> 4.5327291e-07 | AM8: =(-((2*(C8*Parameters!$C$14-1/(C8*Parameters!$C$13))))/(((2*Parameters!$C$15))^2+((2*(C8*Parameters!$C$14-1/(C8*Parameters!$C$13))))^2)) -> 0.0033662773 | AN8: =AB8+AD8*AL8-AE8*AM8 -> 0.99999549 | AO8: =AC8+AD8*AM8+AE8*AL8 -> 0.00013465372 | AP8: =AD8 -> 0.04 | AQ8: =AE8 -> 0.0013465109 | AR8: =AF8+AH8*AL8-AI8*AM8 -> 4.5327291e-07 | AS8: =AG8+AH8*AM8+AI8*AL8 -> 0.0033663278 | AT8: =AH8 -> 1 | AU8: =AI8 -> 0 | AV8: =2*Parameters!$C$17 -> 0.04 | AW8: =2*C8*Parameters!$C$16 -> 0.0013465109 | AX8: =0 -> 0 | AY8: =0 -> 0 | AZ8: =AN8 -> 0.99999549 | BA8: =AO8 -> 0.00013465372 | BB8: =AP8+AN8*AV8-AO8*AW8 -> 0.079999638 | BC8: =AQ8+AN8*AW8+AO8*AV8 -> 0.0026984018 | BD8: =AR8 -> 4.5327291e-07 | BE8: =AS8 -> 0.0033663278 | BF8: =AT8+AR8*AV8-AS8*AW8 -> 0.99999549 | BG8: =AU8+AR8*AW8+AS8*AV8 -> 0.00013465372 | BH8: =0 -> 0 | BI8: =0 -> 0 | BJ8: =0 -> 0 | BK8: =C8*(Parameters!$C$19+Parameters!$C$18/2) -> 5.0494158e-08 | BL8: =AZ8+BB8*BJ8-BC8*BK8 -> 0.99999549 | BM8: =BA8+BB8*BK8+BC8*BJ8 -> 0.00013465776 | BN8: =BB8 -> 0.079999638 | BO8: =BC8 -> 0.0026984018 | BP8: =BD8+BF8*BJ8-BG8*BK8 -> 4.5326612e-07 | BQ8: =BE8+BF8*BK8+BG8*BJ8 -> 0.0033663783 | BR8: =BF8 -> 0.99999549 | BS8: =BG8 -> 0.00013465372 | BT8: =2*((((Parameters!$C$21)/((Parameters!$C$21)^2+(C8*Parameters!$C$20)^2)))/((((Parameters!$C$21)/((Parameters!$C$21)^2+(C8*Parameters!$C$20)^2)))^2+((-(C8*Parameters!$C$20)/((Parameters!$C$21)^2+(C8*Parameters!$C$20)^2)+C8*Parameters!$C$22))^2)) -> 0.04 | BU8: =2*(-((-(C8*Parameters!$C$20)/((Parameters!$C$21)^2+(C8*Parameters!$C$20)^2)+C8*Parameters!$C$22))/((((Parameters!$C$21)/((Parameters!$C$21)^2+(C8*Parameters!$C$20)^2)))^2+((-(C8*Parameters!$C$20)/((Parameters!$C$21)^2+(C8*Parameters!$C$20)^2)+C8*Parameters!$C$22))^2)) -> 0.091562739 | BV8: =0 -> 0 | BW8: =0 -> 0 | BX8: =BL8 -> 0.99999549 | BY8: =BM8 -> 0.00013465776 | BZ8: =BN8+BL8*BT8-BM8*BU8 -> 0.11998713 | CA8: =BO8+BL8*BU8+BM8*BT8 -> 0.094266114 | CB8: =BP8 -> 4.5326612e-07 | CC8: =BQ8 -> 0.0033663783 | CD8: =BR8+BP8*BT8-BQ8*BU8 -> 0.99968727 | CE8: =BS8+BP8*BU8+BQ8*BT8 -> 0.00026935035 | CF8: =0 -> 0 | CG8: =0 -> 0 | CH8: =(((Parameters!$C$25))/(((Parameters!$C$25))^2+((C8*Parameters!$C$24-1/(C8*Parameters!$C$23)))^2))+(((Parameters!$C$29+Parameters!$C$28))/(((Parameters!$C$29+Parameters!$C$28))^2+((C8*Parameters!$C$27-1/(C8*Parameters!$C$26)))^2)) -> 1.5058908e-06 | CI8: =(-((C8*Parameters!$C$24-1/(C8*Parameters!$C$23)))/(((Parameters!$C$25))^2+((C8*Parameters!$C$24-1/(C8*Parameters!$C$23)))^2))+(-((C8*Parameters!$C$27-1/(C8*Parameters!$C$26)))/(((Parameters!$C$29+Parameters!$C$28))^2+((C8*Parameters!$C$27-1/(C8*Parameters!$C$26)))^2)) -> 0.00063285296 | CJ8: =BX8+BZ8*CH8-CA8*CI8 -> 0.99993601 | CK8: =BY8+BZ8*CI8+CA8*CH8 -> 0.00021073392 | CL8: =BZ8 -> 0.11998713 | CM8: =CA8 -> 0.094266114 | CN8: =CB8+CD8*CH8-CE8*CI8 -> 1.7882269e-06 | CO8: =CC8+CD8*CI8+CE8*CH8 -> 0.0039990337 | CP8: =CD8 -> 0.99968727 | CQ8: =CE8 -> 0.00026935035 | CR8: =2*((((Parameters!$C$31)/((Parameters!$C$31)^2+(C8*Parameters!$C$30)^2)))/((((Parameters!$C$31)/((Parameters!$C$31)^2+(C8*Parameters!$C$30)^2)))^2+((-(C8*Parameters!$C$30)/((Parameters!$C$31)^2+(C8*Parameters!$C$30)^2)+C8*Parameters!$C$32))^2)) -> 0.04 | CS8: =2*(-((-(C8*Parameters!$C$30)/((Parameters!$C$31)^2+(C8*Parameters!$C$30)^2)+C8*Parameters!$C$32))/((((Parameters!$C$31)/((Parameters!$C$31)^2+(C8*Parameters!$C$30)^2)))^2+((-(C8*Parameters!$C$30)/((Parameters!$C$31)^2+(C8*Parameters!$C$30)^2)+C8*Parameters!$C$32))^2)) -> 0.044434859 | CT8: =0 -> 0 | CU8: =0 -> 0 | CV8: =CJ8 -> 0.99993601 | CW8: =CK8 -> 0.00021073392 | CX8: =CL8+CJ8*CR8-CK8*CS8 -> 0.1599752 | CY8: =CM8+CJ8*CS8+CK8*CR8 -> 0.13870656 | CZ8: =CN8 -> 1.7882269e-06 | DA8: =CO8 -> 0.0039990337 | DB8: =CP8+CN8*CR8-CO8*CS8 -> 0.99950964 | DC8: =CQ8+CN8*CS8+CO8*CR8 -> 0.00042939116 | DD8: =0 -> 0 | DE8: =0 -> 0 | DF8: =(((Parameters!$C$35))/(((Parameters!$C$35))^2+((C8*Parameters!$C$34-1/(C8*Parameters!$C$33)))^2))+(((Parameters!$C$39+Parameters!$C$38))/(((Parameters!$C$39+Parameters!$C$38))^2+((C8*Parameters!$C$37-1/(C8*Parameters!$C$36)))^2)) -> 1.5058908e-06 | DG8: =(-((C8*Parameters!$C$34-1/(C8*Parameters!$C$33)))/(((Parameters!$C$35))^2+((C8*Parameters!$C$34-1/(C8*Parameters!$C$33)))^2))+(-((C8*Parameters!$C$37-1/(C8*Parameters!$C$36)))/(((Parameters!$C$39+Parameters!$C$38))^2+((C8*Parameters!$C$37-1/(C8*Parameters!$C$36)))^2)) -> 0.00063285296 | DH8: =CV8+CX8*DF8-CY8*DG8 -> 0.99984847 | DI8: =CW8+CX8*DG8+CY8*DF8 -> 0.00031218358 | DJ8: =CX8 -> 0.1599752 | DK8: =CY8 -> 0.13870656 | DL8: =CZ8+DB8*DF8-DC8*DG8 -> 3.0216378e-06 | DM8: =DA8+DB8*DG8+DC8*DF8 -> 0.004631577 | DN8: =DB8 -> 0.99950964 | DO8: =DC8 -> 0.00042939116 | DP8: =2*((((Parameters!$C$41)/((Parameters!$C$41)^2+(C8*(Parameters!$C$40*(1-Parameters!$C$42)))^2)))/((((Parameters!$C$41)/((Parameters!$C$41)^2+(C8*(Parameters!$C$40*(1-Parameters!$C$42)))^2)))^2+((-(C8*(Parameters!$C$40*(1-Parameters!$C$42)))/((Parameters!$C$41)^2+(C8*(Parameters!$C$40*(1-Parameters!$C$42)))^2)+C8*Parameters!$C$43))^2)) -> 0.2 | DQ8: =2*(-((-(C8*(Parameters!$C$40*(1-Parameters!$C$42)))/((Parameters!$C$41)^2+(C8*(Parameters!$C$40*(1-Parameters!$C$42)))^2)+C8*Parameters!$C$43))/((((Parameters!$C$41)/((Parameters!$C$41)^2+(C8*(Parameters!$C$40*(1-Parameters!$C$42)))^2)))^2+((-(C8*(Parameters!$C$40*(1-Parameters!$C$42)))/((Parameters!$C$41)^2+(C8*(Parameters!$C$40*(1-Parameters!$C$42)))^2)+C8*Parameters!$C$43))^2)) -> 0.0040395325 | DR8: =0 -> 0 | DS8: =0 -> 0 | DT8: =DH8 -> 0.99984847 | DU8: =DI8 -> 0.00031218358 | DV8: =DJ8+DH8*DP8-DI8*DQ8 -> 0.35994364 | DW8: =DK8+DH8*DQ8+DI8*DP8 -> 0.14280792 | DX8: =DL8 -> 3.0216378e-06 | DY8: =DM8 -> 0.004631577 | DZ8: =DN8+DL8*DP8-DM8*DQ8 -> 0.99949154 | EA8: =DO8+DL8*DQ8+DM8*DP8 -> 0.0013557188 | EB8: =0 -> 0 | EC8: =0 -> 0 | ED8: =0 -> 0 | EE8: =C8*Parameters!$C$44 -> 6.7325544e-09 | EF8: =DT8+DV8*ED8-DW8*EE8 -> 0.99984847 | EG8: =DU8+DV8*EE8+DW8*ED8 -> 0.00031218601 | EH8: =DV8 -> 0.35994364 | EI8: =DW8 -> 0.14280792 | EJ8: =DX8+DZ8*ED8-EA8*EE8 -> 3.0216287e-06 | EK8: =DY8+DZ8*EE8+EA8*ED8 -> 0.0046315837 | EL8: =DZ8 -> 0.99949154 | EM8: =EA8 -> 0.0013557188 | EN8: =0 -> 0 | EO8: =0 -> 0 | EP8: =(((2*Parameters!$C$47))/(((2*Parameters!$C$47))^2+((2*(C8*Parameters!$C$46-1/(C8*Parameters!$C$45))))^2)) -> 2.1938407e-14 | EQ8: =(-((2*(C8*Parameters!$C$46-1/(C8*Parameters!$C$45))))/(((2*Parameters!$C$47))^2+((2*(C8*Parameters!$C$46-1/(C8*Parameters!$C$45))))^2)) -> 7.4058098e-07 | ER8: =EF8+EH8*EP8-EI8*EQ8 -> 0.99984836 | ES8: =EG8+EH8*EQ8+EI8*EP8 -> 0.00031245257 | ET8: =EH8 -> 0.35994364 | EU8: =EI8 -> 0.14280792 | EV8: =EJ8+EL8*EP8-EM8*EQ8 -> 3.0206247e-06 | EW8: =EK8+EL8*EQ8+EM8*EP8 -> 0.0046323239 | EX8: =EL8 -> 0.99949154 | EY8: =EM8 -> 0.0013557188 | EZ8: =(ER8+ET8/Parameters!$C$6+Parameters!$C$7*(EV8+EX8/Parameters!$C$6)) -> 1.0123681 | FA8: =(ES8+EU8/Parameters!$C$6+Parameters!$C$7*(EW8+EY8/Parameters!$C$6)) -> 0.0052796844 | FB8: =-20*LOG10(SQRT(EZ8^2+FA8^2)) -> -0.10688751 | FC8: =1/SQRT(EZ8^2+FA8^2) -> 0.98776953 | FD8: =(ER8+ET8/Parameters!$C$6+Parameters!$C$8*(EV8+EX8/Parameters!$C$6)) -> 2.7507653 | FE8: =(ES8+EU8/Parameters!$C$6+Parameters!$C$8*(EW8+EY8/Parameters!$C$6)) -> 0.23925365 | FF8: =-20*LOG10(SQRT(FD8^2+FE8^2)) -> -8.8218016 | FG8: =1/SQRT(FD8^2+FE8^2) -> 0.36216787
A9: =Parameters!$C$2*(Parameters!$C$3/Parameters!$C$2)^((ROW()-2)/(Parameters!$C$4-1)) -> 108.39269 | B9: =LOG10(A9) -> 2.035 | C9: =2*PI()*A9 -> 681.05137 | D9: =1 -> 1 | E9: =0 -> 0 | F9: =0 -> 0 | G9: =0 -> 0 | H9: =0 -> 0 | I9: =0 -> 0 | J9: =1 -> 1 | K9: =0 -> 0 | L9: =2*Parameters!$C$10 -> 0.04 | M9: =2*C9*Parameters!$C$9 -> 0.0013621027 | N9: =0 -> 0 | O9: =0 -> 0 | P9: =D9 -> 1 | Q9: =E9 -> 0 | R9: =F9+D9*L9-E9*M9 -> 0.04 | S9: =G9+D9*M9+E9*L9 -> 0.0013621027 | T9: =H9 -> 0 | U9: =I9 -> 0 | V9: =J9+H9*L9-I9*M9 -> 1 | W9: =K9+H9*M9+I9*L9 -> 0 | X9: =0 -> 0 | Y9: =0 -> 0 | Z9: =0 -> 0 | AA9: =C9*(Parameters!$C$12+Parameters!$C$11/2) -> 5.1078852e-08 | AB9: =P9+R9*Z9-S9*AA9 -> 1 | AC9: =Q9+R9*AA9+S9*Z9 -> 2.0431541e-09 | AD9: =R9 -> 0.04 | AE9: =S9 -> 0.0013621027 | AF9: =T9+V9*Z9-W9*AA9 -> 0 | AG9: =U9+V9*AA9+W9*Z9 -> 5.1078852e-08 | AH9: =V9 -> 1 | AI9: =W9 -> 0 | AJ9: =0 -> 0 | AK9: =0 -> 0 | AL9: =(((2*Parameters!$C$15))/(((2*Parameters!$C$15))^2+((2*(C9*Parameters!$C$14-1/(C9*Parameters!$C$13))))^2)) -> 4.63831e-07 | AM9: =(-((2*(C9*Parameters!$C$14-1/(C9*Parameters!$C$13))))/(((2*Parameters!$C$15))^2+((2*(C9*Parameters!$C$14-1/(C9*Parameters!$C$13))))^2)) -> 0.0034052569 | AN9: =AB9+AD9*AL9-AE9*AM9 -> 0.99999538 | AO9: =AC9+AD9*AM9+AE9*AL9 -> 0.00013621295 | AP9: =AD9 -> 0.04 | AQ9: =AE9 -> 0.0013621027 | AR9: =AF9+AH9*AL9-AI9*AM9 -> 4.63831e-07 | AS9: =AG9+AH9*AM9+AI9*AL9 -> 0.003405308 | AT9: =AH9 -> 1 | AU9: =AI9 -> 0 | AV9: =2*Parameters!$C$17 -> 0.04 | AW9: =2*C9*Parameters!$C$16 -> 0.0013621027 | AX9: =0 -> 0 | AY9: =0 -> 0 | AZ9: =AN9 -> 0.99999538 | BA9: =AO9 -> 0.00013621295 | BB9: =AP9+AN9*AV9-AO9*AW9 -> 0.07999963 | BC9: =AQ9+AN9*AW9+AO9*AV9 -> 0.0027296477 | BD9: =AR9 -> 4.63831e-07 | BE9: =AS9 -> 0.003405308 | BF9: =AT9+AR9*AV9-AS9*AW9 -> 0.99999538 | BG9: =AU9+AR9*AW9+AS9*AV9 -> 0.00013621295 | BH9: =0 -> 0 | BI9: =0 -> 0 | BJ9: =0 -> 0 | BK9: =C9*(Parameters!$C$19+Parameters!$C$18/2) -> 5.1078852e-08 | BL9: =AZ9+BB9*BJ9-BC9*BK9 -> 0.99999538 | BM9: =BA9+BB9*BK9+BC9*BJ9 -> 0.00013621704 | BN9: =BB9 -> 0.07999963 | BO9: =BC9 -> 0.0027296477 | BP9: =BD9+BF9*BJ9-BG9*BK9 -> 4.6382404e-07 | BQ9: =BE9+BF9*BK9+BG9*BJ9 -> 0.0034053591 | BR9: =BF9 -> 0.99999538 | BS9: =BG9 -> 0.00013621295 | BT9: =2*((((Parameters!$C$21)/((Parameters!$C$21)^2+(C9*Parameters!$C$20)^2)))/((((Parameters!$C$21)/((Parameters!$C$21)^2+(C9*Parameters!$C$20)^2)))^2+((-(C9*Parameters!$C$20)/((Parameters!$C$21)^2+(C9*Parameters!$C$20)^2)+C9*Parameters!$C$22))^2)) -> 0.04 | BU9: =2*(-((-(C9*Parameters!$C$20)/((Parameters!$C$21)^2+(C9*Parameters!$C$20)^2)+C9*Parameters!$C$22))/((((Parameters!$C$21)/((Parameters!$C$21)^2+(C9*Parameters!$C$20)^2)))^2+((-(C9*Parameters!$C$20)/((Parameters!$C$21)^2+(C9*Parameters!$C$20)^2)+C9*Parameters!$C$22))^2)) -> 0.092622986 | BV9: =0 -> 0 | BW9: =0 -> 0 | BX9: =BL9 -> 0.99999538 | BY9: =BM9 -> 0.00013621704 | BZ9: =BN9+BL9*BT9-BM9*BU9 -> 0.11998683 | CA9: =BO9+BL9*BU9+BM9*BT9 -> 0.095357654 | CB9: =BP9 -> 4.6382404e-07 | CC9: =BQ9 -> 0.0034053591 | CD9: =BR9+BP9*BT9-BQ9*BU9 -> 0.99967998 | CE9: =BS9+BP9*BU9+BQ9*BT9 -> 0.00027247028 | CF9: =0 -> 0 | CG9: =0 -> 0 | CH9: =(((Parameters!$C$25))/(((Parameters!$C$25))^2+((C9*Parameters!$C$24-1/(C9*Parameters!$C$23)))^2))+(((Parameters!$C$29+Parameters!$C$28))/(((Parameters!$C$29+Parameters!$C$28))^2+((C9*Parameters!$C$27-1/(C9*Parameters!$C$26)))^2)) -> 1.5409667e-06 | CI9: =(-((C9*Parameters!$C$24-1/(C9*Parameters!$C$23)))/(((Parameters!$C$25))^2+((C9*Parameters!$C$24-1/(C9*Parameters!$C$23)))^2))+(-((C9*Parameters!$C$27-1/(C9*Parameters!$C$26)))/(((Parameters!$C$29+Parameters!$C$28))^2+((C9*Parameters!$C$27-1/(C9*Parameters!$C$26)))^2)) -> 0.00064018089 | CJ9: =BX9+BZ9*CH9-CA9*CI9 -> 0.99993452 | CK9: =BY9+BZ9*CI9+CA9*CH9 -> 0.00021317726 | CL9: =BZ9 -> 0.11998683 | CM9: =CA9 -> 0.095357654 | CN9: =CB9+CD9*CH9-CE9*CI9 -> 1.8298674e-06 | CO9: =CC9+CD9*CI9+CE9*CH9 -> 0.0040453355 | CP9: =CD9 -> 0.99967998 | CQ9: =CE9 -> 0.00027247028 | CR9: =2*((((Parameters!$C$31)/((Parameters!$C$31)^2+(C9*Parameters!$C$30)^2)))/((((Parameters!$C$31)/((Parameters!$C$31)^2+(C9*Parameters!$C$30)^2)))^2+((-(C9*Parameters!$C$30)/((Parameters!$C$31)^2+(C9*Parameters!$C$30)^2)+C9*Parameters!$C$32))^2)) -> 0.04 | CS9: =2*(-((-(C9*Parameters!$C$30)/((Parameters!$C$31)^2+(C9*Parameters!$C$30)^2)+C9*Parameters!$C$32))/((((Parameters!$C$31)/((Parameters!$C$31)^2+(C9*Parameters!$C$30)^2)))^2+((-(C9*Parameters!$C$30)/((Parameters!$C$31)^2+(C9*Parameters!$C$30)^2)+C9*Parameters!$C$32))^2)) -> 0.04494939 | CT9: =0 -> 0 | CU9: =0 -> 0 | CV9: =CJ9 -> 0.99993452 | CW9: =CK9 -> 0.00021317726 | CX9: =CL9+CJ9*CR9-CK9*CS9 -> 0.15997463 | CY9: =CM9+CJ9*CS9+CK9*CR9 -> 0.14031263 | CZ9: =CN9 -> 1.8298674e-06 | DA9: =CO9 -> 0.0040453355 | DB9: =CP9+CN9*CR9-CO9*CS9 -> 0.99949822 | DC9: =CQ9+CN9*CS9+CO9*CR9 -> 0.00043436595 | DD9: =0 -> 0 | DE9: =0 -> 0 | DF9: =(((Parameters!$C$35))/(((Parameters!$C$35))^2+((C9*Parameters!$C$34-1/(C9*Parameters!$C$33)))^2))+(((Parameters!$C$39+Parameters!$C$38))/(((Parameters!$C$39+Parameters!$C$38))^2+((C9*Parameters!$C$37-1/(C9*Parameters!$C$36)))^2)) -> 1.5409667e-06 | DG9: =(-((C9*Parameters!$C$34-1/(C9*Parameters!$C$33)))/(((Parameters!$C$35))^2+((C9*Parameters!$C$34-1/(C9*Parameters!$C$33)))^2))+(-((C9*Parameters!$C$37-1/(C9*Parameters!$C$36)))/(((Parameters!$C$39+Parameters!$C$38))^2+((C9*Parameters!$C$37-1/(C9*Parameters!$C$36)))^2)) -> 0.00064018089 | DH9: =CV9+CX9*DF9-CY9*DG9 -> 0.99984494 | DI9: =CW9+CX9*DG9+CY9*DF9 -> 0.00031580617 | DJ9: =CX9 -> 0.15997463 | DK9: =CY9 -> 0.14031263 | DL9: =CZ9+DB9*DF9-DC9*DG9 -> 3.0919881e-06 | DM9: =DA9+DB9*DG9+DC9*DF9 -> 0.0046851958 | DN9: =DB9 -> 0.99949822 | DO9: =DC9 -> 0.00043436595 | DP9: =2*((((Parameters!$C$41)/((Parameters!$C$41)^2+(C9*(Parameters!$C$40*(1-Parameters!$C$42)))^2)))/((((Parameters!$C$41)/((Parameters!$C$41)^2+(C9*(Parameters!$C$40*(1-Parameters!$C$42)))^2)))^2+((-(C9*(Parameters!$C$40*(1-Parameters!$C$42)))/((Parameters!$C$41)^2+(C9*(Parameters!$C$40*(1-Parameters!$C$42)))^2)+C9*Parameters!$C$43))^2)) -> 0.2 | DQ9: =2*(-((-(C9*(Parameters!$C$40*(1-Parameters!$C$42)))/((Parameters!$C$41)^2+(C9*(Parameters!$C$40*(1-Parameters!$C$42)))^2)+C9*Parameters!$C$43))/((((Parameters!$C$41)/((Parameters!$C$41)^2+(C9*(Parameters!$C$40*(1-Parameters!$C$42)))^2)))^2+((-(C9*(Parameters!$C$40*(1-Parameters!$C$42)))/((Parameters!$C$41)^2+(C9*(Parameters!$C$40*(1-Parameters!$C$42)))^2)+C9*Parameters!$C$43))^2)) -> 0.0040863081 | DR9: =0 -> 0 | DS9: =0 -> 0 | DT9: =DH9 -> 0.99984494 | DU9: =DI9 -> 0.00031580617 | DV9: =DJ9+DH9*DP9-DI9*DQ9 -> 0.35994232 | DW9: =DK9+DH9*DQ9+DI9*DP9 -> 0.14446146 | DX9: =DL9 -> 3.0919881e-06 | DY9: =DM9 -> 0.0046851958 | DZ9: =DN9+DL9*DP9-DM9*DQ9 -> 0.9994797 | EA9: =DO9+DL9*DQ9+DM9*DP9 -> 0.0013714178 | EB9: =0 -> 0 | EC9: =0 -> 0 | ED9: =0 -> 0 | EE9: =C9*Parameters!$C$44 -> 6.8105137e-09 | EF9: =DT9+DV9*ED9-DW9*EE9 -> 0.99984494 | EG9: =DU9+DV9*EE9+DW9*ED9 -> 0.00031580862 | EH9: =DV9 -> 0.35994232 | EI9: =DW9 -> 0.14446146 | EJ9: =DX9+DZ9*ED9-EA9*EE9 -> 3.0919788e-06 | EK9: =DY9+DZ9*EE9+EA9*ED9 -> 0.0046852027 | EL9: =DZ9 -> 0.9994797 | EM9: =EA9 -> 0.0013714178 | EN9: =0 -> 0 | EO9: =0 -> 0 | EP9: =(((2*Parameters!$C$47))/(((2*Parameters!$C$47))^2+((2*(C9*Parameters!$C$46-1/(C9*Parameters!$C$45))))^2)) -> 2.2449419e-14 | EQ9: =(-((2*(C9*Parameters!$C$46-1/(C9*Parameters!$C$45))))/(((2*Parameters!$C$47))^2+((2*(C9*Parameters!$C$46-1/(C9*Parameters!$C$45))))^2)) -> 7.491565e-07 | ER9: =EF9+EH9*EP9-EI9*EQ9 -> 0.99984483 | ES9: =EG9+EH9*EQ9+EI9*EP9 -> 0.00031607828 | ET9: =EH9 -> 0.35994232 | EU9: =EI9 -> 0.14446146 | EV9: =EJ9+EL9*EP9-EM9*EQ9 -> 3.0909514e-06 | EW9: =EK9+EL9*EQ9+EM9*EP9 -> 0.0046859514 | EX9: =EL9 -> 0.9994797 | EY9: =EM9 -> 0.0013714178 | EZ9: =(ER9+ET9/Parameters!$C$6+Parameters!$C$7*(EV9+EX9/Parameters!$C$6)) -> 1.0123646 | FA9: =(ES9+EU9/Parameters!$C$6+Parameters!$C$7*(EW9+EY9/Parameters!$C$6)) -> 0.0053408248 | FB9: =-20*LOG10(SQRT(EZ9^2+FA9^2)) -> -0.10685957 | FC9: =1/SQRT(EZ9^2+FA9^2) -> 0.98777271 | FD9: =(ER9+ET9/Parameters!$C$6+Parameters!$C$8*(EV9+EX9/Parameters!$C$6)) -> 2.7507447 | FE9: =(ES9+EU9/Parameters!$C$6+Parameters!$C$8*(EW9+EY9/Parameters!$C$6)) -> 0.24202347 | FF9: =-20*LOG10(SQRT(FD9^2+FE9^2)) -> -8.8224962 | FG9: =1/SQRT(FD9^2+FE9^2) -> 0.36213891
A10: =Parameters!$C$2*(Parameters!$C$3/Parameters!$C$2)^((ROW()-2)/(Parameters!$C$4-1)) -> 109.64782 | B10: =LOG10(A10) -> 2.04 | C10: =2*PI()*A10 -> 688.93757 | D10: =1 -> 1 | E10: =0 -> 0 | F10: =0 -> 0 | G10: =0 -> 0 | H10: =0 -> 0 | I10: =0 -> 0 | J10: =1 -> 1 | K10: =0 -> 0 | L10: =2*Parameters!$C$10 -> 0.04 | M10: =2*C10*Parameters!$C$9 -> 0.0013778751 | N10: =0 -> 0 | O10: =0 -> 0 | P10: =D10 -> 1 | Q10: =E10 -> 0 | R10: =F10+D10*L10-E10*M10 -> 0.04 | S10: =G10+D10*M10+E10*L10 -> 0.0013778751 | T10: =H10 -> 0 | U10: =I10 -> 0 | V10: =J10+H10*L10-I10*M10 -> 1 | W10: =K10+H10*M10+I10*L10 -> 0 | X10: =0 -> 0 | Y10: =0 -> 0 | Z10: =0 -> 0 | AA10: =C10*(Parameters!$C$12+Parameters!$C$11/2) -> 5.1670318e-08 | AB10: =P10+R10*Z10-S10*AA10 -> 1 | AC10: =Q10+R10*AA10+S10*Z10 -> 2.0668127e-09 | AD10: =R10 -> 0.04 | AE10: =S10 -> 0.0013778751 | AF10: =T10+V10*Z10-W10*AA10 -> 0 | AG10: =U10+V10*AA10+W10*Z10 -> 5.1670318e-08 | AH10: =V10 -> 1 | AI10: =W10 -> 0 | AJ10: =0 -> 0 | AK10: =0 -> 0 | AL10: =(((2*Parameters!$C$15))/(((2*Parameters!$C$15))^2+((2*(C10*Parameters!$C$14-1/(C10*Parameters!$C$13))))^2)) -> 4.7463501e-07 | AM10: =(-((2*(C10*Parameters!$C$14-1/(C10*Parameters!$C$13))))/(((2*Parameters!$C$15))^2+((2*(C10*Parameters!$C$14-1/(C10*Parameters!$C$13))))^2)) -> 0.0034446879 | AN10: =AB10+AD10*AL10-AE10*AM10 -> 0.99999527 | AO10: =AC10+AD10*AM10+AE10*AL10 -> 0.00013779024 | AP10: =AD10 -> 0.04 | AQ10: =AE10 -> 0.0013778751 | AR10: =AF10+AH10*AL10-AI10*AM10 -> 4.7463501e-07 | AS10: =AG10+AH10*AM10+AI10*AL10 -> 0.0034447396 | AT10: =AH10 -> 1 | AU10: =AI10 -> 0 | AV10: =2*Parameters!$C$17 -> 0.04 | AW10: =2*C10*Parameters!$C$16 -> 0.0013778751 | AX10: =0 -> 0 | AY10: =0 -> 0 | AZ10: =AN10 -> 0.99999527 | BA10: =AO10 -> 0.00013779024 | BB10: =AP10+AN10*AV10-AO10*AW10 -> 0.079999621 | BC10: =AQ10+AN10*AW10+AO10*AV10 -> 0.0027612554 | BD10: =AR10 -> 4.7463501e-07 | BE10: =AS10 -> 0.0034447396 | BF10: =AT10+AR10*AV10-AS10*AW10 -> 0.99999527 | BG10: =AU10+AR10*AW10+AS10*AV10 -> 0.00013779024 | BH10: =0 -> 0 | BI10: =0 -> 0 | BJ10: =0 -> 0 | BK10: =C10*(Parameters!$C$19+Parameters!$C$18/2) -> 5.1670318e-08 | BL10: =AZ10+BB10*BJ10-BC10*BK10 -> 0.99999527 | BM10: =BA10+BB10*BK10+BC10*BJ10 -> 0.00013779437 | BN10: =BB10 -> 0.079999621 | BO10: =BC10 -> 0.0027612554 | BP10: =BD10+BF10*BJ10-BG10*BK10 -> 4.7462789e-07 | BQ10: =BE10+BF10*BK10+BG10*BJ10 -> 0.0034447913 | BR10: =BF10 -> 0.99999527 | BS10: =BG10 -> 0.00013779024 | BT10: =2*((((Parameters!$C$21)/((Parameters!$C$21)^2+(C10*Parameters!$C$20)^2)))/((((Parameters!$C$21)/((Parameters!$C$21)^2+(C10*Parameters!$C$20)^2)))^2+((-(C10*Parameters!$C$20)/((Parameters!$C$21)^2+(C10*Parameters!$C$20)^2)+C10*Parameters!$C$22))^2)) -> 0.04 | BU10: =2*(-((-(C10*Parameters!$C$20)/((Parameters!$C$21)^2+(C10*Parameters!$C$20)^2)+C10*Parameters!$C$22))/((((Parameters!$C$21)/((Parameters!$C$21)^2+(C10*Parameters!$C$20)^2)))^2+((-(C10*Parameters!$C$20)/((Parameters!$C$21)^2+(C10*Parameters!$C$20)^2)+C10*Parameters!$C$22))^2)) -> 0.093695509 | BV10: =0 -> 0 | BW10: =0 -> 0 | BX10: =BL10 -> 0.99999527 | BY10: =BM10 -> 0.00013779437 | BZ10: =BN10+BL10*BT10-BM10*BU10 -> 0.11998652 | CA10: =BO10+BL10*BU10+BM10*BT10 -> 0.096461834 | CB10: =BP10 -> 4.7462789e-07 | CC10: =BQ10 -> 0.0034447913 | CD10: =BR10+BP10*BT10-BQ10*BU10 -> 0.99967253 | CE10: =BS10+BP10*BU10+BQ10*BT10 -> 0.00027562636 | CF10: =0 -> 0 | CG10: =0 -> 0 | CH10: =(((Parameters!$C$25))/(((Parameters!$C$25))^2+((C10*Parameters!$C$24-1/(C10*Parameters!$C$23)))^2))+(((Parameters!$C$29+Parameters!$C$28))/(((Parameters!$C$29+Parameters!$C$28))^2+((C10*Parameters!$C$27-1/(C10*Parameters!$C$26)))^2)) -> 1.5768596e-06 | CI10: =(-((C10*Parameters!$C$24-1/(C10*Parameters!$C$23)))/(((Parameters!$C$25))^2+((C10*Parameters!$C$24-1/(C10*Parameters!$C$23)))^2))+(-((C10*Parameters!$C$27-1/(C10*Parameters!$C$26)))/(((Parameters!$C$29+Parameters!$C$28))^2+((C10*Parameters!$C$27-1/(C10*Parameters!$C$26)))^2)) -> 0.00064759366 | CJ10: =BX10+BZ10*CH10-CA10*CI10 -> 0.99993299 | CK10: =BY10+BZ10*CI10+CA10*CH10 -> 0.00021564899 | CL10: =BZ10 -> 0.11998652 | CM10: =CA10 -> 0.096461834 | CN10: =CB10+CD10*CH10-CE10*CI10 -> 1.8724773e-06 | CO10: =CC10+CD10*CI10+CE10*CH10 -> 0.0040921733 | CP10: =CD10 -> 0.99967253 | CQ10: =CE10 -> 0.00027562636 | CR10: =2*((((Parameters!$C$31)/((Parameters!$C$31)^2+(C10*Parameters!$C$30)^2)))/((((Parameters!$C$31)/((Parameters!$C$31)^2+(C10*Parameters!$C$30)^2)))^2+((-(C10*Parameters!$C$30)/((Parameters!$C$31)^2+(C10*Parameters!$C$30)^2)+C10*Parameters!$C$32))^2)) -> 0.04 | CS10: =2*(-((-(C10*Parameters!$C$30)/((Parameters!$C$31)^2+(C10*Parameters!$C$30)^2)+C10*Parameters!$C$32))/((((Parameters!$C$31)/((Parameters!$C$31)^2+(C10*Parameters!$C$30)^2)))^2+((-(C10*Parameters!$C$30)/((Parameters!$C$31)^2+(C10*Parameters!$C$30)^2)+C10*Parameters!$C$32))^2)) -> 0.04546988 | CT10: =0 -> 0 | CU10: =0 -> 0 | CV10: =CJ10 -> 0.99993299 | CW10: =CK10 -> 0.00021564899 | CX10: =CL10+CJ10*CR10-CK10*CS10 -> 0.15997404 | CY10: =CM10+CJ10*CS10+CK10*CR10 -> 0.14193729 | CZ10: =CN10 -> 1.8724773e-06 | DA10: =CO10 -> 0.0040921733 | DB10: =CP10+CN10*CR10-CO10*CS10 -> 0.99948653 | DC10: =CQ10+CN10*CS10+CO10*CR10 -> 0.00043939843 | DD10: =0 -> 0 | DE10: =0 -> 0 | DF10: =(((Parameters!$C$35))/(((Parameters!$C$35))^2+((C10*Parameters!$C$34-1/(C10*Parameters!$C$33)))^2))+(((Parameters!$C$39+Parameters!$C$38))/(((Parameters!$C$39+Parameters!$C$38))^2+((C10*Parameters!$C$37-1/(C10*Parameters!$C$36)))^2)) -> 1.5768596e-06 | DG10: =(-((C10*Parameters!$C$34-1/(C10*Parameters!$C$33)))/(((Parameters!$C$35))^2+((C10*Parameters!$C$34-1/(C10*Parameters!$C$33)))^2))+(-((C10*Parameters!$C$37-1/(C10*Parameters!$C$36)))/(((Parameters!$C$39+Parameters!$C$38))^2+((C10*Parameters!$C$37-1/(C10*Parameters!$C$36)))^2)) -> 0.00064759366 | DH10: =CV10+CX10*DF10-CY10*DG10 -> 0.99984133 | DI10: =CW10+CX10*DG10+CY10*DF10 -> 0.00031947098 | DJ10: =CX10 -> 0.15997404 | DK10: =CY10 -> 0.14193729 | DL10: =CZ10+DB10*DF10-DC10*DG10 -> 3.1639756e-06 | DM10: =DA10+DB10*DG10+DC10*DF10 -> 0.0047394351 | DN10: =DB10 -> 0.99948653 | DO10: =DC10 -> 0.00043939843 | DP10: =2*((((Parameters!$C$41)/((Parameters!$C$41)^2+(C10*(Parameters!$C$40*(1-Parameters!$C$42)))^2)))/((((Parameters!$C$41)/((Parameters!$C$41)^2+(C10*(Parameters!$C$40*(1-Parameters!$C$42)))^2)))^2+((-(C10*(Parameters!$C$40*(1-Parameters!$C$42)))/((Parameters!$C$41)^2+(C10*(Parameters!$C$40*(1-Parameters!$C$42)))^2)+C10*Parameters!$C$43))^2)) -> 0.2 | DQ10: =2*(-((-(C10*(Parameters!$C$40*(1-Parameters!$C$42)))/((Parameters!$C$41)^2+(C10*(Parameters!$C$40*(1-Parameters!$C$42)))^2)+C10*Parameters!$C$43))/((((Parameters!$C$41)/((Parameters!$C$41)^2+(C10*(Parameters!$C$40*(1-Parameters!$C$42)))^2)))^2+((-(C10*(Parameters!$C$40*(1-Parameters!$C$42)))/((Parameters!$C$41)^2+(C10*(Parameters!$C$40*(1-Parameters!$C$42)))^2)+C10*Parameters!$C$43))^2)) -> 0.0041336253 | DR10: =0 -> 0 | DS10: =0 -> 0 | DT10: =DH10 -> 0.99984133 | DU10: =DI10 -> 0.00031947098 | DV10: =DJ10+DH10*DP10-DI10*DQ10 -> 0.35994098 | DW10: =DK10+DH10*DQ10+DI10*DP10 -> 0.14613416 | DX10: =DL10 -> 3.1639756e-06 | DY10: =DM10 -> 0.0047394351 | DZ10: =DN10+DL10*DP10-DM10*DQ10 -> 0.99946758 | EA10: =DO10+DL10*DQ10+DM10*DP10 -> 0.0013872985 | EB10: =0 -> 0 | EC10: =0 -> 0 | ED10: =0 -> 0 | EE10: =C10*Parameters!$C$44 -> 6.8893757e-09 | EF10: =DT10+DV10*ED10-DW10*EE10 -> 0.99984133 | EG10: =DU10+DV10*EE10+DW10*ED10 -> 0.00031947345 | EH10: =DV10 -> 0.35994098 | EI10: =DW10 -> 0.14613416 | EJ10: =DX10+DZ10*ED10-EA10*EE10 -> 3.163966e-06 | EK10: =DY10+DZ10*EE10+EA10*ED10 -> 0.004739442 | EL10: =DZ10 -> 0.99946758 | EM10: =EA10 -> 0.0013872985 | EN10: =0 -> 0 | EO10: =0 -> 0 | EP10: =(((2*Parameters!$C$47))/(((2*Parameters!$C$47))^2+((2*(C10*Parameters!$C$46-1/(C10*Parameters!$C$45))))^2)) -> 2.2972333e-14 | EQ10: =(-((2*(C10*Parameters!$C$46-1/(C10*Parameters!$C$45))))/(((2*Parameters!$C$47))^2+((2*(C10*Parameters!$C$46-1/(C10*Parameters!$C$45))))^2)) -> 7.5783133e-07 | ER10: =EF10+EH10*EP10-EI10*EQ10 -> 0.99984122 | ES10: =EG10+EH10*EQ10+EI10*EP10 -> 0.00031974623 | ET10: =EH10 -> 0.35994098 | EU10: =EI10 -> 0.14613416 | EV10: =EJ10+EL10*EP10-EM10*EQ10 -> 3.1629147e-06 | EW10: =EK10+EL10*EQ10+EM10*EP10 -> 0.0047401995 | EX10: =EL10 -> 0.99946758 | EY10: =EM10 -> 0.0013872985 | EZ10: =(ER10+ET10/Parameters!$C$6+Parameters!$C$7*(EV10+EX10/Parameters!$C$6)) -> 1.0123609 | FA10: =(ES10+EU10/Parameters!$C$6+Parameters!$C$7*(EW10+EY10/Parameters!$C$6)) -> 0.0054026734 | FB10: =-20*LOG10(SQRT(EZ10^2+FA10^2)) -> -0.10683097 | FC10: =1/SQRT(EZ10^2+FA10^2) -> 0.98777596 | FD10: =(ER10+ET10/Parameters!$C$6+Parameters!$C$8*(EV10+EX10/Parameters!$C$6)) -> 2.7507235 | FE10: =(ES10+EU10/Parameters!$C$6+Parameters!$C$8*(EW10+EY10/Parameters!$C$6)) -> 0.24482534 | FF10: =-20*LOG10(SQRT(FD10^2+FE10^2)) -> -8.8232068 | FG10: =1/SQRT(FD10^2+FE10^2) -> 0.36210928
A11: =Parameters!$C$2*(Parameters!$C$3/Parameters!$C$2)^((ROW()-2)/(Parameters!$C$4-1)) -> 110.91748 | B11: =LOG10(A11) -> 2.045 | C11: =2*PI()*A11 -> 696.91509 | D11: =1 -> 1 | E11: =0 -> 0 | F11: =0 -> 0 | G11: =0 -> 0 | H11: =0 -> 0 | I11: =0 -> 0 | J11: =1 -> 1 | K11: =0 -> 0 | L11: =2*Parameters!$C$10 -> 0.04 | M11: =2*C11*Parameters!$C$9 -> 0.0013938302 | N11: =0 -> 0 | O11: =0 -> 0 | P11: =D11 -> 1 | Q11: =E11 -> 0 | R11: =F11+D11*L11-E11*M11 -> 0.04 | S11: =G11+D11*M11+E11*L11 -> 0.0013938302 | T11: =H11 -> 0 | U11: =I11 -> 0 | V11: =J11+H11*L11-I11*M11 -> 1 | W11: =K11+H11*M11+I11*L11 -> 0 | X11: =0 -> 0 | Y11: =0 -> 0 | Z11: =0 -> 0 | AA11: =C11*(Parameters!$C$12+Parameters!$C$11/2) -> 5.2268632e-08 | AB11: =P11+R11*Z11-S11*AA11 -> 1 | AC11: =Q11+R11*AA11+S11*Z11 -> 2.0907453e-09 | AD11: =R11 -> 0.04 | AE11: =S11 -> 0.0013938302 | AF11: =T11+V11*Z11-W11*AA11 -> 0 | AG11: =U11+V11*AA11+W11*Z11 -> 5.2268632e-08 | AH11: =V11 -> 1 | AI11: =W11 -> 0 | AJ11: =0 -> 0 | AK11: =0 -> 0 | AL11: =(((2*Parameters!$C$15))/(((2*Parameters!$C$15))^2+((2*(C11*Parameters!$C$14-1/(C11*Parameters!$C$13))))^2)) -> 4.8569068e-07 | AM11: =(-((2*(C11*Parameters!$C$14-1/(C11*Parameters!$C$13))))/(((2*Parameters!$C$15))^2+((2*(C11*Parameters!$C$14-1/(C11*Parameters!$C$13))))^2)) -> 0.0034845756 | AN11: =AB11+AD11*AL11-AE11*AM11 -> 0.99999516 | AO11: =AC11+AD11*AM11+AE11*AL11 -> 0.00013938579 | AP11: =AD11 -> 0.04 | AQ11: =AE11 -> 0.0013938302 | AR11: =AF11+AH11*AL11-AI11*AM11 -> 4.8569068e-07 | AS11: =AG11+AH11*AM11+AI11*AL11 -> 0.0034846278 | AT11: =AH11 -> 1 | AU11: =AI11 -> 0 | AV11: =2*Parameters!$C$17 -> 0.04 | AW11: =2*C11*Parameters!$C$16 -> 0.0013938302 | AX11: =0 -> 0 | AY11: =0 -> 0 | AZ11: =AN11 -> 0.99999516 | BA11: =AO11 -> 0.00013938579 | BB11: =AP11+AN11*AV11-AO11*AW11 -> 0.079999612 | BC11: =AQ11+AN11*AW11+AO11*AV11 -> 0.002793229 | BD11: =AR11 -> 4.8569068e-07 | BE11: =AS11 -> 0.0034846278 | BF11: =AT11+AR11*AV11-AS11*AW11 -> 0.99999516 | BG11: =AU11+AR11*AW11+AS11*AV11 -> 0.00013938579 | BH11: =0 -> 0 | BI11: =0 -> 0 | BJ11: =0 -> 0 | BK11: =C11*(Parameters!$C$19+Parameters!$C$18/2) -> 5.2268632e-08 | BL11: =AZ11+BB11*BJ11-BC11*BK11 -> 0.99999516 | BM11: =BA11+BB11*BK11+BC11*BJ11 -> 0.00013938997 | BN11: =BB11 -> 0.079999612 | BO11: =BC11 -> 0.002793229 | BP11: =BD11+BF11*BJ11-BG11*BK11 -> 4.856834e-07 | BQ11: =BE11+BF11*BK11+BG11*BJ11 -> 0.0034846801 | BR11: =BF11 -> 0.99999516 | BS11: =BG11 -> 0.00013938579 | BT11: =2*((((Parameters!$C$21)/((Parameters!$C$21)^2+(C11*Parameters!$C$20)^2)))/((((Parameters!$C$21)/((Parameters!$C$21)^2+(C11*Parameters!$C$20)^2)))^2+((-(C11*Parameters!$C$20)/((Parameters!$C$21)^2+(C11*Parameters!$C$20)^2)+C11*Parameters!$C$22))^2)) -> 0.04 | BU11: =2*(-((-(C11*Parameters!$C$20)/((Parameters!$C$21)^2+(C11*Parameters!$C$20)^2)+C11*Parameters!$C$22))/((((Parameters!$C$21)/((Parameters!$C$21)^2+(C11*Parameters!$C$20)^2)))^2+((-(C11*Parameters!$C$20)/((Parameters!$C$21)^2+(C11*Parameters!$C$20)^2)+C11*Parameters!$C$22))^2)) -> 0.094780452 | BV11: =0 -> 0 | BW11: =0 -> 0 | BX11: =BL11 -> 0.99999516 | BY11: =BM11 -> 0.00013938997 | BZ11: =BN11+BL11*BT11-BM11*BU11 -> 0.11998621 | CA11: =BO11+BL11*BU11+BM11*BT11 -> 0.097578798 | CB11: =BP11 -> 4.856834e-07 | CC11: =BQ11 -> 0.0034846801 | CD11: =BR11+BP11*BT11-BQ11*BU11 -> 0.9996649 | CE11: =BS11+BP11*BU11+BQ11*BT11 -> 0.00027881903 | CF11: =0 -> 0 | CG11: =0 -> 0 | CH11: =(((Parameters!$C$25))/(((Parameters!$C$25))^2+((C11*Parameters!$C$24-1/(C11*Parameters!$C$23)))^2))+(((Parameters!$C$29+Parameters!$C$28))/(((Parameters!$C$29+Parameters!$C$28))^2+((C11*Parameters!$C$27-1/(C11*Parameters!$C$26)))^2)) -> 1.6135885e-06 | CI11: =(-((C11*Parameters!$C$24-1/(C11*Parameters!$C$23)))/(((Parameters!$C$25))^2+((C11*Parameters!$C$24-1/(C11*Parameters!$C$23)))^2))+(-((C11*Parameters!$C$27-1/(C11*Parameters!$C$26)))/(((Parameters!$C$29+Parameters!$C$28))^2+((C11*Parameters!$C$27-1/(C11*Parameters!$C$26)))^2)) -> 0.00065509226 | CJ11: =BX11+BZ11*CH11-CA11*CI11 -> 0.99993143 | CK11: =BY11+BZ11*CI11+CA11*CH11 -> 0.00021814946 | CL11: =BZ11 -> 0.11998621 | CM11: =CA11 -> 0.097578798 | CN11: =CB11+CD11*CH11-CE11*CI11 -> 1.916079e-06 | CO11: =CC11+CD11*CI11+CE11*CH11 -> 0.0041395533 | CP11: =CD11 -> 0.9996649 | CQ11: =CE11 -> 0.00027881903 | CR11: =2*((((Parameters!$C$31)/((Parameters!$C$31)^2+(C11*Parameters!$C$30)^2)))/((((Parameters!$C$31)/((Parameters!$C$31)^2+(C11*Parameters!$C$30)^2)))^2+((-(C11*Parameters!$C$30)/((Parameters!$C$31)^2+(C11*Parameters!$C$30)^2)+C11*Parameters!$C$32))^2)) -> 0.04 | CS11: =2*(-((-(C11*Parameters!$C$30)/((Parameters!$C$31)^2+(C11*Parameters!$C$30)^2)+C11*Parameters!$C$32))/((((Parameters!$C$31)/((Parameters!$C$31)^2+(C11*Parameters!$C$30)^2)))^2+((-(C11*Parameters!$C$30)/((Parameters!$C$31)^2+(C11*Parameters!$C$30)^2)+C11*Parameters!$C$32))^2)) -> 0.045996396 | CT11: =0 -> 0 | CU11: =0 -> 0 | CV11: =CJ11 -> 0.99993143 | CW11: =CK11 -> 0.00021814946 | CX11: =CL11+CJ11*CR11-CK11*CS11 -> 0.15997343 | CY11: =CM11+CJ11*CS11+CK11*CR11 -> 0.14358077 | CZ11: =CN11 -> 1.916079e-06 | DA11: =CO11 -> 0.0041395533 | DB11: =CP11+CN11*CR11-CO11*CS11 -> 0.99947457 | DC11: =CQ11+CN11*CS11+CO11*CR11 -> 0.00044448929 | DD11: =0 -> 0 | DE11: =0 -> 0 | DF11: =(((Parameters!$C$35))/(((Parameters!$C$35))^2+((C11*Parameters!$C$34-1/(C11*Parameters!$C$33)))^2))+(((Parameters!$C$39+Parameters!$C$38))/(((Parameters!$C$39+Parameters!$C$38))^2+((C11*Parameters!$C$37-1/(C11*Parameters!$C$36)))^2)) -> 1.6135885e-06 | DG11: =(-((C11*Parameters!$C$34-1/(C11*Parameters!$C$33)))/(((Parameters!$C$35))^2+((C11*Parameters!$C$34-1/(C11*Parameters!$C$33)))^2))+(-((C11*Parameters!$C$37-1/(C11*Parameters!$C$36)))/(((Parameters!$C$39+Parameters!$C$38))^2+((C11*Parameters!$C$37-1/(C11*Parameters!$C$36)))^2)) -> 0.00065509226 | DH11: =CV11+CX11*DF11-CY11*DG11 -> 0.99983763 | DI11: =CW11+CX11*DG11+CY11*DF11 -> 0.00032317849 | DJ11: =CX11 -> 0.15997343 | DK11: =CY11 -> 0.14358077 | DL11: =CZ11+DB11*DF11-DC11*DG11 -> 3.2376382e-06 | DM11: =DA11+DB11*DG11+DC11*DF11 -> 0.0047943021 | DN11: =DB11 -> 0.99947457 | DO11: =DC11 -> 0.00044448929 | DP11: =2*((((Parameters!$C$41)/((Parameters!$C$41)^2+(C11*(Parameters!$C$40*(1-Parameters!$C$42)))^2)))/((((Parameters!$C$41)/((Parameters!$C$41)^2+(C11*(Parameters!$C$40*(1-Parameters!$C$42)))^2)))^2+((-(C11*(Parameters!$C$40*(1-Parameters!$C$42)))/((Parameters!$C$41)^2+(C11*(Parameters!$C$40*(1-Parameters!$C$42)))^2)+C11*Parameters!$C$43))^2)) -> 0.2 | DQ11: =2*(-((-(C11*(Parameters!$C$40*(1-Parameters!$C$42)))/((Parameters!$C$41)^2+(C11*(Parameters!$C$40*(1-Parameters!$C$42)))^2)+C11*Parameters!$C$43))/((((Parameters!$C$41)/((Parameters!$C$41)^2+(C11*(Parameters!$C$40*(1-Parameters!$C$42)))^2)))^2+((-(C11*(Parameters!$C$40*(1-Parameters!$C$42)))/((Parameters!$C$41)^2+(C11*(Parameters!$C$40*(1-Parameters!$C$42)))^2)+C11*Parameters!$C$43))^2)) -> 0.0041814905 | DR11: =0 -> 0 | DS11: =0 -> 0 | DT11: =DH11 -> 0.99983763 | DU11: =DI11 -> 0.00032317849 | DV11: =DJ11+DH11*DP11-DI11*DQ11 -> 0.35993961 | DW11: =DK11+DH11*DQ11+DI11*DP11 -> 0.14782621 | DX11: =DL11 -> 3.2376382e-06 | DY11: =DM11 -> 0.0047943021 | DZ11: =DN11+DL11*DP11-DM11*DQ11 -> 0.99945517 | EA11: =DO11+DL11*DQ11+DM11*DP11 -> 0.0014033632 | EB11: =0 -> 0 | EC11: =0 -> 0 | ED11: =0 -> 0 | EE11: =C11*Parameters!$C$44 -> 6.9691509e-09 | EF11: =DT11+DV11*ED11-DW11*EE11 -> 0.99983763 | EG11: =DU11+DV11*EE11+DW11*ED11 -> 0.000323181 | EH11: =DV11 -> 0.35993961 | EI11: =DW11 -> 0.14782621 | EJ11: =DX11+DZ11*ED11-EA11*EE11 -> 3.2376284e-06 | EK11: =DY11+DZ11*EE11+EA11*ED11 -> 0.004794309 | EL11: =DZ11 -> 0.99945517 | EM11: =EA11 -> 0.0014033632 | EN11: =0 -> 0 | EO11: =0 -> 0 | EP11: =(((2*Parameters!$C$47))/(((2*Parameters!$C$47))^2+((2*(C11*Parameters!$C$46-1/(C11*Parameters!$C$45))))^2)) -> 2.3507427e-14 | EQ11: =(-((2*(C11*Parameters!$C$46-1/(C11*Parameters!$C$45))))/(((2*Parameters!$C$47))^2+((2*(C11*Parameters!$C$46-1/(C11*Parameters!$C$45))))^2)) -> 7.666066e-07 | ER11: =EF11+EH11*EP11-EI11*EQ11 -> 0.99983752 | ES11: =EG11+EH11*EQ11+EI11*EP11 -> 0.00032345694 | ET11: =EH11 -> 0.35993961 | EU11: =EI11 -> 0.14782621 | EV11: =EJ11+EL11*EP11-EM11*EQ11 -> 3.2365526e-06 | EW11: =EK11+EL11*EQ11+EM11*EP11 -> 0.0047950752 | EX11: =EL11 -> 0.99945517 | EY11: =EM11 -> 0.0014033632 | EZ11: =(ER11+ET11/Parameters!$C$6+Parameters!$C$7*(EV11+EX11/Parameters!$C$6)) -> 1.0123572 | FA11: =(ES11+EU11/Parameters!$C$6+Parameters!$C$7*(EW11+EY11/Parameters!$C$6)) -> 0.0054652383 | FB11: =-20*LOG10(SQRT(EZ11^2+FA11^2)) -> -0.10680171 | FC11: =1/SQRT(EZ11^2+FA11^2) -> 0.98777929 | FD11: =(ER11+ET11/Parameters!$C$6+Parameters!$C$8*(EV11+EX11/Parameters!$C$6)) -> 2.7507019 | FE11: =(ES11+EU11/Parameters!$C$6+Parameters!$C$8*(EW11+EY11/Parameters!$C$6)) -> 0.24765963 | FF11: =-20*LOG10(SQRT(FD11^2+FE11^2)) -> -8.8239339 | FG11: =1/SQRT(FD11^2+FE11^2) -> 0.36207897
A12: =Parameters!$C$2*(Parameters!$C$3/Parameters!$C$2)^((ROW()-2)/(Parameters!$C$4-1)) -> 112.20185 | B12: =LOG10(A12) -> 2.05 | C12: =2*PI()*A12 -> 704.98499 | D12: =1 -> 1 | E12: =0 -> 0 | F12: =0 -> 0 | G12: =0 -> 0 | H12: =0 -> 0 | I12: =0 -> 0 | J12: =1 -> 1 | K12: =0 -> 0 | L12: =2*Parameters!$C$10 -> 0.04 | M12: =2*C12*Parameters!$C$9 -> 0.00140997 | N12: =0 -> 0 | O12: =0 -> 0 | P12: =D12 -> 1 | Q12: =E12 -> 0 | R12: =F12+D12*L12-E12*M12 -> 0.04 | S12: =G12+D12*M12+E12*L12 -> 0.00140997 | T12: =H12 -> 0 | U12: =I12 -> 0 | V12: =J12+H12*L12-I12*M12 -> 1 | W12: =K12+H12*M12+I12*L12 -> 0 | X12: =0 -> 0 | Y12: =0 -> 0 | Z12: =0 -> 0 | AA12: =C12*(Parameters!$C$12+Parameters!$C$11/2) -> 5.2873874e-08 | AB12: =P12+R12*Z12-S12*AA12 -> 1 | AC12: =Q12+R12*AA12+S12*Z12 -> 2.114955e-09 | AD12: =R12 -> 0.04 | AE12: =S12 -> 0.00140997 | AF12: =T12+V12*Z12-W12*AA12 -> 0 | AG12: =U12+V12*AA12+W12*Z12 -> 5.2873874e-08 | AH12: =V12 -> 1 | AI12: =W12 -> 0 | AJ12: =0 -> 0 | AK12: =0 -> 0 | AL12: =(((2*Parameters!$C$15))/(((2*Parameters!$C$15))^2+((2*(C12*Parameters!$C$14-1/(C12*Parameters!$C$13))))^2)) -> 4.9700387e-07 | AM12: =(-((2*(C12*Parameters!$C$14-1/(C12*Parameters!$C$13))))/(((2*Parameters!$C$15))^2+((2*(C12*Parameters!$C$14-1/(C12*Parameters!$C$13))))^2)) -> 0.003524925 | AN12: =AB12+AD12*AL12-AE12*AM12 -> 0.99999505 | AO12: =AC12+AD12*AM12+AE12*AL12 -> 0.00014099982 | AP12: =AD12 -> 0.04 | AQ12: =AE12 -> 0.00140997 | AR12: =AF12+AH12*AL12-AI12*AM12 -> 4.9700387e-07 | AS12: =AG12+AH12*AM12+AI12*AL12 -> 0.0035249779 | AT12: =AH12 -> 1 | AU12: =AI12 -> 0 | AV12: =2*Parameters!$C$17 -> 0.04 | AW12: =2*C12*Parameters!$C$16 -> 0.00140997 | AX12: =0 -> 0 | AY12: =0 -> 0 | AZ12: =AN12 -> 0.99999505 | BA12: =AO12 -> 0.00014099982 | BB12: =AP12+AN12*AV12-AO12*AW12 -> 0.079999603 | BC12: =AQ12+AN12*AW12+AO12*AV12 -> 0.002825573 | BD12: =AR12 -> 4.9700387e-07 | BE12: =AS12 -> 0.0035249779 | BF12: =AT12+AR12*AV12-AS12*AW12 -> 0.99999505 | BG12: =AU12+AR12*AW12+AS12*AV12 -> 0.00014099982 | BH12: =0 -> 0 | BI12: =0 -> 0 | BJ12: =0 -> 0 | BK12: =C12*(Parameters!$C$19+Parameters!$C$18/2) -> 5.2873874e-08 | BL12: =AZ12+BB12*BJ12-BC12*BK12 -> 0.99999505 | BM12: =BA12+BB12*BK12+BC12*BJ12 -> 0.00014100405 | BN12: =BB12 -> 0.079999603 | BO12: =BC12 -> 0.002825573 | BP12: =BD12+BF12*BJ12-BG12*BK12 -> 4.9699642e-07 | BQ12: =BE12+BF12*BK12+BG12*BJ12 -> 0.0035250308 | BR12: =BF12 -> 0.99999505 | BS12: =BG12 -> 0.00014099982 | BT12: =2*((((Parameters!$C$21)/((Parameters!$C$21)^2+(C12*Parameters!$C$20)^2)))/((((Parameters!$C$21)/((Parameters!$C$21)^2+(C12*Parameters!$C$20)^2)))^2+((-(C12*Parameters!$C$20)/((Parameters!$C$21)^2+(C12*Parameters!$C$20)^2)+C12*Parameters!$C$22))^2)) -> 0.04 | BU12: =2*(-((-(C12*Parameters!$C$20)/((Parameters!$C$21)^2+(C12*Parameters!$C$20)^2)+C12*Parameters!$C$22))/((((Parameters!$C$21)/((Parameters!$C$21)^2+(C12*Parameters!$C$20)^2)))^2+((-(C12*Parameters!$C$20)/((Parameters!$C$21)^2+(C12*Parameters!$C$20)^2)+C12*Parameters!$C$22))^2)) -> 0.095877958 | BV12: =0 -> 0 | BW12: =0 -> 0 | BX12: =BL12 -> 0.99999505 | BY12: =BM12 -> 0.00014100405 | BZ12: =BN12+BL12*BT12-BM12*BU12 -> 0.11998589 | CA12: =BO12+BL12*BU12+BM12*BT12 -> 0.098708697 | CB12: =BP12 -> 4.9699642e-07 | CC12: =BQ12 -> 0.0035250308 | CD12: =BR12+BP12*BT12-BQ12*BU12 -> 0.9996571 | CE12: =BS12+BP12*BU12+BQ12*BT12 -> 0.0002820487 | CF12: =0 -> 0 | CG12: =0 -> 0 | CH12: =(((Parameters!$C$25))/(((Parameters!$C$25))^2+((C12*Parameters!$C$24-1/(C12*Parameters!$C$23)))^2))+(((Parameters!$C$29+Parameters!$C$28))/(((Parameters!$C$29+Parameters!$C$28))^2+((C12*Parameters!$C$27-1/(C12*Parameters!$C$26)))^2)) -> 1.6511729e-06 | CI12: =(-((C12*Parameters!$C$24-1/(C12*Parameters!$C$23)))/(((Parameters!$C$25))^2+((C12*Parameters!$C$24-1/(C12*Parameters!$C$23)))^2))+(-((C12*Parameters!$C$27-1/(C12*Parameters!$C$26)))/(((Parameters!$C$29+Parameters!$C$28))^2+((C12*Parameters!$C$27-1/(C12*Parameters!$C$26)))^2)) -> 0.00066267768 | CJ12: =BX12+BZ12*CH12-CA12*CI12 -> 0.99992984 | CK12: =BY12+BZ12*CI12+CA12*CH12 -> 0.000220679 | CL12: =BZ12 -> 0.11998589 | CM12: =CA12 -> 0.098708697 | CN12: =CB12+CD12*CH12-CE12*CI12 -> 1.9606957e-06 | CO12: =CC12+CD12*CI12+CE12*CH12 -> 0.0041874817 | CP12: =CD12 -> 0.9996571 | CQ12: =CE12 -> 0.0002820487 | CR12: =2*((((Parameters!$C$31)/((Parameters!$C$31)^2+(C12*Parameters!$C$30)^2)))/((((Parameters!$C$31)/((Parameters!$C$31)^2+(C12*Parameters!$C$30)^2)))^2+((-(C12*Parameters!$C$30)/((Parameters!$C$31)^2+(C12*Parameters!$C$30)^2)+C12*Parameters!$C$32))^2)) -> 0.04 | CS12: =2*(-((-(C12*Parameters!$C$30)/((Parameters!$C$31)^2+(C12*Parameters!$C$30)^2)+C12*Parameters!$C$32))/((((Parameters!$C$31)/((Parameters!$C$31)^2+(C12*Parameters!$C$30)^2)))^2+((-(C12*Parameters!$C$30)/((Parameters!$C$31)^2+(C12*Parameters!$C$30)^2)+C12*Parameters!$C$32))^2)) -> 0.046529009 | CT12: =0 -> 0 | CU12: =0 -> 0 | CV12: =CJ12 -> 0.99992984 | CW12: =CK12 -> 0.000220679 | CX12: =CL12+CJ12*CR12-CK12*CS12 -> 0.15997281 | CY12: =CM12+CJ12*CS12+CK12*CR12 -> 0.14524327 | CZ12: =CN12 -> 1.9606957e-06 | DA12: =CO12 -> 0.0041874817 | DB12: =CP12+CN12*CR12-CO12*CS12 -> 0.99946234 | DC12: =CQ12+CN12*CS12+CO12*CR12 -> 0.0004496392 | DD12: =0 -> 0 | DE12: =0 -> 0 | DF12: =(((Parameters!$C$35))/(((Parameters!$C$35))^2+((C12*Parameters!$C$34-1/(C12*Parameters!$C$33)))^2))+(((Parameters!$C$39+Parameters!$C$38))/(((Parameters!$C$39+Parameters!$C$38))^2+((C12*Parameters!$C$37-1/(C12*Parameters!$C$36)))^2)) -> 1.6511729e-06 | DG12: =(-((C12*Parameters!$C$34-1/(C12*Parameters!$C$33)))/(((Parameters!$C$35))^2+((C12*Parameters!$C$34-1/(C12*Parameters!$C$33)))^2))+(-((C12*Parameters!$C$37-1/(C12*Parameters!$C$36)))/(((Parameters!$C$39+Parameters!$C$38))^2+((C12*Parameters!$C$37-1/(C12*Parameters!$C$36)))^2)) -> 0.00066267768 | DH12: =CV12+CX12*DF12-CY12*DG12 -> 0.99983385 | DI12: =CW12+CX12*DG12+CY12*DF12 -> 0.00032692923 | DJ12: =CX12 -> 0.15997281 | DK12: =CY12 -> 0.14524327 | DL12: =CZ12+DB12*DF12-DC12*DG12 -> 3.313015e-06 | DM12: =DA12+DB12*DG12+DC12*DF12 -> 0.0048498038 | DN12: =DB12 -> 0.99946234 | DO12: =DC12 -> 0.0004496392 | DP12: =2*((((Parameters!$C$41)/((Parameters!$C$41)^2+(C12*(Parameters!$C$40*(1-Parameters!$C$42)))^2)))/((((Parameters!$C$41)/((Parameters!$C$41)^2+(C12*(Parameters!$C$40*(1-Parameters!$C$42)))^2)))^2+((-(C12*(Parameters!$C$40*(1-Parameters!$C$42)))/((Parameters!$C$41)^2+(C12*(Parameters!$C$40*(1-Parameters!$C$42)))^2)+C12*Parameters!$C$43))^2)) -> 0.2 | DQ12: =2*(-((-(C12*(Parameters!$C$40*(1-Parameters!$C$42)))/((Parameters!$C$41)^2+(C12*(Parameters!$C$40*(1-Parameters!$C$42)))^2)+C12*Parameters!$C$43))/((((Parameters!$C$41)/((Parameters!$C$41)^2+(C12*(Parameters!$C$40*(1-Parameters!$C$42)))^2)))^2+((-(C12*(Parameters!$C$40*(1-Parameters!$C$42)))/((Parameters!$C$41)^2+(C12*(Parameters!$C$40*(1-Parameters!$C$42)))^2)+C12*Parameters!$C$43))^2)) -> 0.0042299098 | DR12: =0 -> 0 | DS12: =0 -> 0 | DT12: =DH12 -> 0.99983385 | DU12: =DI12 -> 0.00032692923 | DV12: =DJ12+DH12*DP12-DI12*DQ12 -> 0.3599382 | DW12: =DK12+DH12*DQ12+DI12*DP12 -> 0.14953786 | DX12: =DL12 -> 3.313015e-06 | DY12: =DM12 -> 0.0048498038 | DZ12: =DN12+DL12*DP12-DM12*DQ12 -> 0.99944248 | EA12: =DO12+DL12*DQ12+DM12*DP12 -> 0.001419614 | EB12: =0 -> 0 | EC12: =0 -> 0 | ED12: =0 -> 0 | EE12: =C12*Parameters!$C$44 -> 7.0498499e-09 | EF12: =DT12+DV12*ED12-DW12*EE12 -> 0.99983385 | EG12: =DU12+DV12*EE12+DW12*ED12 -> 0.00032693177 | EH12: =DV12 -> 0.3599382 | EI12: =DW12 -> 0.14953786 | EJ12: =DX12+DZ12*ED12-EA12*EE12 -> 3.313005e-06 | EK12: =DY12+DZ12*EE12+EA12*ED12 -> 0.0048498109 | EL12: =DZ12 -> 0.99944248 | EM12: =EA12 -> 0.001419614 | EN12: =0 -> 0 | EO12: =0 -> 0 | EP12: =(((2*Parameters!$C$47))/(((2*Parameters!$C$47))^2+((2*(C12*Parameters!$C$46-1/(C12*Parameters!$C$45))))^2)) -> 2.4054985e-14 | EQ12: =(-((2*(C12*Parameters!$C$46-1/(C12*Parameters!$C$45))))/(((2*Parameters!$C$47))^2+((2*(C12*Parameters!$C$46-1/(C12*Parameters!$C$45))))^2)) -> 7.7548349e-07 | ER12: =EF12+EH12*EP12-EI12*EQ12 -> 0.99983373 | ES12: =EG12+EH12*EQ12+EI12*EP12 -> 0.0003272109 | ET12: =EH12 -> 0.3599382 | EU12: =EI12 -> 0.14953786 | EV12: =EJ12+EL12*EP12-EM12*EQ12 -> 3.3119041e-06 | EW12: =EK12+EL12*EQ12+EM12*EP12 -> 0.0048505859 | EX12: =EL12 -> 0.99944248 | EY12: =EM12 -> 0.001419614 | EZ12: =(ER12+ET12/Parameters!$C$6+Parameters!$C$7*(EV12+EX12/Parameters!$C$6)) -> 1.0123533 | FA12: =(ES12+EU12/Parameters!$C$6+Parameters!$C$7*(EW12+EY12/Parameters!$C$6)) -> 0.0055285278 | FB12: =-20*LOG10(SQRT(EZ12^2+FA12^2)) -> -0.10677177 | FC12: =1/SQRT(EZ12^2+FA12^2) -> 0.98778269 | FD12: =(ER12+ET12/Parameters!$C$6+Parameters!$C$8*(EV12+EX12/Parameters!$C$6)) -> 2.7506798 | FE12: =(ES12+EU12/Parameters!$C$6+Parameters!$C$8*(EW12+EY12/Parameters!$C$6)) -> 0.25052672 | FF12: =-20*LOG10(SQRT(FD12^2+FE12^2)) -> -8.8246777 | FG12: =1/SQRT(FD12^2+FE12^2) -> 0.36204797
A13: =Parameters!$C$2*(Parameters!$C$3/Parameters!$C$2)^((ROW()-2)/(Parameters!$C$4-1)) -> 113.50108 | B13: =LOG10(A13) -> 2.055 | C13: =2*PI()*A13 -> 713.14833 | D13: =1 -> 1 | E13: =0 -> 0 | F13: =0 -> 0 | G13: =0 -> 0 | H13: =0 -> 0 | I13: =0 -> 0 | J13: =1 -> 1 | K13: =0 -> 0 | L13: =2*Parameters!$C$10 -> 0.04 | M13: =2*C13*Parameters!$C$9 -> 0.0014262967 | N13: =0 -> 0 | O13: =0 -> 0 | P13: =D13 -> 1 | Q13: =E13 -> 0 | R13: =F13+D13*L13-E13*M13 -> 0.04 | S13: =G13+D13*M13+E13*L13 -> 0.0014262967 | T13: =H13 -> 0 | U13: =I13 -> 0 | V13: =J13+H13*L13-I13*M13 -> 1 | W13: =K13+H13*M13+I13*L13 -> 0 | X13: =0 -> 0 | Y13: =0 -> 0 | Z13: =0 -> 0 | AA13: =C13*(Parameters!$C$12+Parameters!$C$11/2) -> 5.3486125e-08 | AB13: =P13+R13*Z13-S13*AA13 -> 1 | AC13: =Q13+R13*AA13+S13*Z13 -> 2.139445e-09 | AD13: =R13 -> 0.04 | AE13: =S13 -> 0.0014262967 | AF13: =T13+V13*Z13-W13*AA13 -> 0 | AG13: =U13+V13*AA13+W13*Z13 -> 5.3486125e-08 | AH13: =V13 -> 1 | AI13: =W13 -> 0 | AJ13: =0 -> 0 | AK13: =0 -> 0 | AL13: =(((2*Parameters!$C$15))/(((2*Parameters!$C$15))^2+((2*(C13*Parameters!$C$14-1/(C13*Parameters!$C$13))))^2)) -> 5.0858058e-07 | AM13: =(-((2*(C13*Parameters!$C$14-1/(C13*Parameters!$C$13))))/(((2*Parameters!$C$15))^2+((2*(C13*Parameters!$C$14-1/(C13*Parameters!$C$13))))^2)) -> 0.0035657417 | AN13: =AB13+AD13*AL13-AE13*AM13 -> 0.99999493 | AO13: =AC13+AD13*AM13+AE13*AL13 -> 0.00014263253 | AP13: =AD13 -> 0.04 | AQ13: =AE13 -> 0.0014262967 | AR13: =AF13+AH13*AL13-AI13*AM13 -> 5.0858058e-07 | AS13: =AG13+AH13*AM13+AI13*AL13 -> 0.0035657952 | AT13: =AH13 -> 1 | AU13: =AI13 -> 0 | AV13: =2*Parameters!$C$17 -> 0.04 | AW13: =2*C13*Parameters!$C$16 -> 0.0014262967 | AX13: =0 -> 0 | AY13: =0 -> 0 | AZ13: =AN13 -> 0.99999493 | BA13: =AO13 -> 0.00014263253 | BB13: =AP13+AN13*AV13-AO13*AW13 -> 0.079999594 | BC13: =AQ13+AN13*AW13+AO13*AV13 -> 0.0028582914 | BD13: =AR13 -> 5.0858058e-07 | BE13: =AS13 -> 0.0035657952 | BF13: =AT13+AR13*AV13-AS13*AW13 -> 0.99999493 | BG13: =AU13+AR13*AW13+AS13*AV13 -> 0.00014263253 | BH13: =0 -> 0 | BI13: =0 -> 0 | BJ13: =0 -> 0 | BK13: =C13*(Parameters!$C$19+Parameters!$C$18/2) -> 5.3486125e-08 | BL13: =AZ13+BB13*BJ13-BC13*BK13 -> 0.99999493 | BM13: =BA13+BB13*BK13+BC13*BJ13 -> 0.00014263681 | BN13: =BB13 -> 0.079999594 | BO13: =BC13 -> 0.0028582914 | BP13: =BD13+BF13*BJ13-BG13*BK13 -> 5.0857295e-07 | BQ13: =BE13+BF13*BK13+BG13*BJ13 -> 0.0035658487 | BR13: =BF13 -> 0.99999493 | BS13: =BG13 -> 0.00014263253 | BT13: =2*((((Parameters!$C$21)/((Parameters!$C$21)^2+(C13*Parameters!$C$20)^2)))/((((Parameters!$C$21)/((Parameters!$C$21)^2+(C13*Parameters!$C$20)^2)))^2+((-(C13*Parameters!$C$20)/((Parameters!$C$21)^2+(C13*Parameters!$C$20)^2)+C13*Parameters!$C$22))^2)) -> 0.04 | BU13: =2*(-((-(C13*Parameters!$C$20)/((Parameters!$C$21)^2+(C13*Parameters!$C$20)^2)+C13*Parameters!$C$22))/((((Parameters!$C$21)/((Parameters!$C$21)^2+(C13*Parameters!$C$20)^2)))^2+((-(C13*Parameters!$C$20)/((Parameters!$C$21)^2+(C13*Parameters!$C$20)^2)+C13*Parameters!$C$22))^2)) -> 0.096988173 | BV13: =0 -> 0 | BW13: =0 -> 0 | BX13: =BL13 -> 0.99999493 | BY13: =BM13 -> 0.00014263681 | BZ13: =BN13+BL13*BT13-BM13*BU13 -> 0.11998556 | CA13: =BO13+BL13*BU13+BM13*BT13 -> 0.099851678 | CB13: =BP13 -> 5.0857295e-07 | CC13: =BQ13 -> 0.0035658487 | CD13: =BR13+BP13*BT13-BQ13*BU13 -> 0.99964911 | CE13: =BS13+BP13*BU13+BQ13*BT13 -> 0.00028531581 | CF13: =0 -> 0 | CG13: =0 -> 0 | CH13: =(((Parameters!$C$25))/(((Parameters!$C$25))^2+((C13*Parameters!$C$24-1/(C13*Parameters!$C$23)))^2))+(((Parameters!$C$29+Parameters!$C$28))/(((Parameters!$C$29+Parameters!$C$28))^2+((C13*Parameters!$C$27-1/(C13*Parameters!$C$26)))^2)) -> 1.6896327e-06 | CI13: =(-((C13*Parameters!$C$24-1/(C13*Parameters!$C$23)))/(((Parameters!$C$25))^2+((C13*Parameters!$C$24-1/(C13*Parameters!$C$23)))^2))+(-((C13*Parameters!$C$27-1/(C13*Parameters!$C$26)))/(((Parameters!$C$29+Parameters!$C$28))^2+((C13*Parameters!$C$27-1/(C13*Parameters!$C$26)))^2)) -> 0.00067035093 | CJ13: =BX13+BZ13*CH13-CA13*CI13 -> 0.9999282 | CK13: =BY13+BZ13*CI13+CA13*CH13 -> 0.00022323796 | CL13: =BZ13 -> 0.11998556 | CM13: =CA13 -> 0.099851678 | CN13: =CB13+CD13*CH13-CE13*CI13 -> 2.006351e-06 | CO13: =CC13+CD13*CI13+CE13*CH13 -> 0.0042359649 | CP13: =CD13 -> 0.99964911 | CQ13: =CE13 -> 0.00028531581 | CR13: =2*((((Parameters!$C$31)/((Parameters!$C$31)^2+(C13*Parameters!$C$30)^2)))/((((Parameters!$C$31)/((Parameters!$C$31)^2+(C13*Parameters!$C$30)^2)))^2+((-(C13*Parameters!$C$30)/((Parameters!$C$31)^2+(C13*Parameters!$C$30)^2)+C13*Parameters!$C$32))^2)) -> 0.04 | CS13: =2*(-((-(C13*Parameters!$C$30)/((Parameters!$C$31)^2+(C13*Parameters!$C$30)^2)+C13*Parameters!$C$32))/((((Parameters!$C$31)/((Parameters!$C$31)^2+(C13*Parameters!$C$30)^2)))^2+((-(C13*Parameters!$C$30)/((Parameters!$C$31)^2+(C13*Parameters!$C$30)^2)+C13*Parameters!$C$32))^2)) -> 0.04706779 | CT13: =0 -> 0 | CU13: =0 -> 0 | CV13: =CJ13 -> 0.9999282 | CW13: =CK13 -> 0.00022323796 | CX13: =CL13+CJ13*CR13-CK13*CS13 -> 0.15997218 | CY13: =CM13+CJ13*CS13+CK13*CR13 -> 0.14692502 | CZ13: =CN13 -> 2.006351e-06 | DA13: =CO13 -> 0.0042359649 | DB13: =CP13+CN13*CR13-CO13*CS13 -> 0.99944981 | DC13: =CQ13+CN13*CS13+CO13*CR13 -> 0.00045484884 | DD13: =0 -> 0 | DE13: =0 -> 0 | DF13: =(((Parameters!$C$35))/(((Parameters!$C$35))^2+((C13*Parameters!$C$34-1/(C13*Parameters!$C$33)))^2))+(((Parameters!$C$39+Parameters!$C$38))/(((Parameters!$C$39+Parameters!$C$38))^2+((C13*Parameters!$C$37-1/(C13*Parameters!$C$36)))^2)) -> 1.6896327e-06 | DG13: =(-((C13*Parameters!$C$34-1/(C13*Parameters!$C$33)))/(((Parameters!$C$35))^2+((C13*Parameters!$C$34-1/(C13*Parameters!$C$33)))^2))+(-((C13*Parameters!$C$37-1/(C13*Parameters!$C$36)))/(((Parameters!$C$39+Parameters!$C$38))^2+((C13*Parameters!$C$37-1/(C13*Parameters!$C$36)))^2)) -> 0.00067035093 | DH13: =CV13+CX13*DF13-CY13*DG13 -> 0.99982998 | DI13: =CW13+CX13*DG13+CY13*DF13 -> 0.00033072371 | DJ13: =CX13 -> 0.15997218 | DK13: =CY13 -> 0.14692502 | DL13: =CZ13+DB13*DF13-DC13*DG13 -> 3.3901457e-06 | DM13: =DA13+DB13*DG13+DC13*DF13 -> 0.0049059478 | DN13: =DB13 -> 0.99944981 | DO13: =DC13 -> 0.00045484884 | DP13: =2*((((Parameters!$C$41)/((Parameters!$C$41)^2+(C13*(Parameters!$C$40*(1-Parameters!$C$42)))^2)))/((((Parameters!$C$41)/((Parameters!$C$41)^2+(C13*(Parameters!$C$40*(1-Parameters!$C$42)))^2)))^2+((-(C13*(Parameters!$C$40*(1-Parameters!$C$42)))/((Parameters!$C$41)^2+(C13*(Parameters!$C$40*(1-Parameters!$C$42)))^2)+C13*Parameters!$C$43))^2)) -> 0.2 | DQ13: =2*(-((-(C13*(Parameters!$C$40*(1-Parameters!$C$42)))/((Parameters!$C$41)^2+(C13*(Parameters!$C$40*(1-Parameters!$C$42)))^2)+C13*Parameters!$C$43))/((((Parameters!$C$41)/((Parameters!$C$41)^2+(C13*(Parameters!$C$40*(1-Parameters!$C$42)))^2)))^2+((-(C13*(Parameters!$C$40*(1-Parameters!$C$42)))/((Parameters!$C$41)^2+(C13*(Parameters!$C$40*(1-Parameters!$C$42)))^2)+C13*Parameters!$C$43))^2)) -> 0.0042788899 | DR13: =0 -> 0 | DS13: =0 -> 0 | DT13: =DH13 -> 0.99982998 | DU13: =DI13 -> 0.00033072371 | DV13: =DJ13+DH13*DP13-DI13*DQ13 -> 0.35993676 | DW13: =DK13+DH13*DQ13+DI13*DP13 -> 0.15126933 | DX13: =DL13 -> 3.3901457e-06 | DY13: =DM13 -> 0.0049059478 | DZ13: =DN13+DL13*DP13-DM13*DQ13 -> 0.9994295 | EA13: =DO13+DL13*DQ13+DM13*DP13 -> 0.0014360529 | EB13: =0 -> 0 | EC13: =0 -> 0 | ED13: =0 -> 0 | EE13: =C13*Parameters!$C$44 -> 7.1314833e-09 | EF13: =DT13+DV13*ED13-DW13*EE13 -> 0.99982998 | EG13: =DU13+DV13*EE13+DW13*ED13 -> 0.00033072627 | EH13: =DV13 -> 0.35993676 | EI13: =DW13 -> 0.15126933 | EJ13: =DX13+DZ13*ED13-EA13*EE13 -> 3.3901355e-06 | EK13: =DY13+DZ13*EE13+EA13*ED13 -> 0.0049059549 | EL13: =DZ13 -> 0.9994295 | EM13: =EA13 -> 0.0014360529 | EN13: =0 -> 0 | EO13: =0 -> 0 | EP13: =(((2*Parameters!$C$47))/(((2*Parameters!$C$47))^2+((2*(C13*Parameters!$C$46-1/(C13*Parameters!$C$45))))^2)) -> 2.4615298e-14 | EQ13: =(-((2*(C13*Parameters!$C$46-1/(C13*Parameters!$C$45))))/(((2*Parameters!$C$47))^2+((2*(C13*Parameters!$C$46-1/(C13*Parameters!$C$45))))^2)) -> 7.8446316e-07 | ER13: =EF13+EH13*EP13-EI13*EQ13 -> 0.99982986 | ES13: =EG13+EH13*EQ13+EI13*EP13 -> 0.00033100863 | ET13: =EH13 -> 0.35993676 | EU13: =EI13 -> 0.15126933 | EV13: =EJ13+EL13*EP13-EM13*EQ13 -> 3.389009e-06 | EW13: =EK13+EL13*EQ13+EM13*EP13 -> 0.0049067389 | EX13: =EL13 -> 0.9994295 | EY13: =EM13 -> 0.0014360529 | EZ13: =(ER13+ET13/Parameters!$C$6+Parameters!$C$7*(EV13+EX13/Parameters!$C$6)) -> 1.0123494 | FA13: =(ES13+EU13/Parameters!$C$6+Parameters!$C$7*(EW13+EY13/Parameters!$C$6)) -> 0.0055925504 | FB13: =-20*LOG10(SQRT(EZ13^2+FA13^2)) -> -0.10674113 | FC13: =1/SQRT(EZ13^2+FA13^2) -> 0.98778617 | FD13: =(ER13+ET13/Parameters!$C$6+Parameters!$C$8*(EV13+EX13/Parameters!$C$6)) -> 2.7506571 | FE13: =(ES13+EU13/Parameters!$C$6+Parameters!$C$8*(EW13+EY13/Parameters!$C$6)) -> 0.25342698 | FF13: =-20*LOG10(SQRT(FD13^2+FE13^2)) -> -8.8254388 | FG13: =1/SQRT(FD13^2+FE13^2) -> 0.36201625
... A1202: =Parameters!$C$2*(Parameters!$C$3/Parameters!$C$2)^((ROW()-2)/(Parameters!$C$4-1)) -> 100000000 | B1202: =LOG10(A1202) -> 8 | C1202: =2*PI()*A1202 -> 6.2831853e+08 | D1202: =1 -> 1 | E1202: =0 -> 0 | F1202: =0 -> 0 | G1202: =0 -> 0 | H1202: =0 -> 0 | I1202: =0 -> 0 | J1202: =1 -> 1 | K1202: =0 -> 0 | L1202: =2*Parameters!$C$10 -> 0.04 | M1202: =2*C1202*Parameters!$C$9 -> 1256.6371 | N1202: =0 -> 0 | O1202: =0 -> 0 | P1202: =D1202 -> 1 | Q1202: =E1202 -> 0 | R1202: =F1202+D1202*L1202-E1202*M1202 -> 0.04 | S1202: =G1202+D1202*M1202+E1202*L1202 -> 1256.6371 | T1202: =H1202 -> 0 | U1202: =I1202 -> 0 | V1202: =J1202+H1202*L1202-I1202*M1202 -> 1 | W1202: =K1202+H1202*M1202+I1202*L1202 -> 0 | X1202: =0 -> 0 | Y1202: =0 -> 0 | Z1202: =0 -> 0 | AA1202: =C1202*(Parameters!$C$12+Parameters!$C$11/2) -> 0.04712389 | AB1202: =P1202+R1202*Z1202-S1202*AA1202 -> -58.217626 | AC1202: =Q1202+R1202*AA1202+S1202*Z1202 -> 0.0018849556 | AD1202: =R1202 -> 0.04 | AE1202: =S1202 -> 1256.6371 | AF1202: =T1202+V1202*Z1202-W1202*AA1202 -> 0 | AG1202: =U1202+V1202*AA1202+W1202*Z1202 -> 0.04712389 | AH1202: =V1202 -> 1 | AI1202: =W1202 -> 0 | AJ1202: =0 -> 0 | AK1202: =0 -> 0 | AL1202: =(((2*Parameters!$C$15))/(((2*Parameters!$C$15))^2+((2*(C1202*Parameters!$C$14-1/(C1202*Parameters!$C$13))))^2)) -> 0.00025331323 | AM1202: =(-((2*(C1202*Parameters!$C$14-1/(C1202*Parameters!$C$13))))/(((2*Parameters!$C$15))^2+((2*(C1202*Parameters!$C$14-1/(C1202*Parameters!$C$13))))^2)) -> -0.079578681 | AN1202: =AB1202+AD1202*AL1202-AE1202*AM1202 -> 41.783904 | AO1202: =AC1202+AD1202*AM1202+AE1202*AL1202 -> 0.3170246 | AP1202: =AD1202 -> 0.04 | AQ1202: =AE1202 -> 1256.6371 | AR1202: =AF1202+AH1202*AL1202-AI1202*AM1202 -> 0.00025331323 | AS1202: =AG1202+AH1202*AM1202+AI1202*AL1202 -> -0.032454791 | AT1202: =AH1202 -> 1 | AU1202: =AI1202 -> 0 | AV1202: =2*Parameters!$C$17 -> 0.04 | AW1202: =2*C1202*Parameters!$C$16 -> 1256.6371 | AX1202: =0 -> 0 | AY1202: =0 -> 0 | AZ1202: =AN1202 -> 41.783904 | BA1202: =AO1202 -> 0.3170246 | BB1202: =AP1202+AN1202*AV1202-AO1202*AW1202 -> -396.6735 | BC1202: =AQ1202+AN1202*AW1202+AO1202*AV1202 -> 53763.852 | BD1202: =AR1202 -> 0.00025331323 | BE1202: =AS1202 -> -0.032454791 | BF1202: =AT1202+AR1202*AV1202-AS1202*AW1202 -> 41.783904 | BG1202: =AU1202+AR1202*AW1202+AS1202*AV1202 -> 0.3170246 | BH1202: =0 -> 0 | BI1202: =0 -> 0 | BJ1202: =0 -> 0 | BK1202: =C1202*(Parameters!$C$19+Parameters!$C$18/2) -> 0.04712389 | BL1202: =AZ1202+BB1202*BJ1202-BC1202*BK1202 -> -2491.7779 | BM1202: =BA1202+BB1202*BK1202+BC1202*BJ1202 -> -18.375774 | BN1202: =BB1202 -> -396.6735 | BO1202: =BC1202 -> 53763.852 | BP1202: =BD1202+BF1202*BJ1202-BG1202*BK1202 -> -0.014686119 | BQ1202: =BE1202+BF1202*BK1202+BG1202*BJ1202 -> 1.9365653 | BR1202: =BF1202 -> 41.783904 | BS1202: =BG1202 -> 0.3170246 | BT1202: =2*((((Parameters!$C$21)/((Parameters!$C$21)^2+(C1202*Parameters!$C$20)^2)))/((((Parameters!$C$21)/((Parameters!$C$21)^2+(C1202*Parameters!$C$20)^2)))^2+((-(C1202*Parameters!$C$20)/((Parameters!$C$21)^2+(C1202*Parameters!$C$20)^2)+C1202*Parameters!$C$22))^2)) -> 2.2536059e-06 | BU1202: =2*(-((-(C1202*Parameters!$C$20)/((Parameters!$C$21)^2+(C1202*Parameters!$C$20)^2)+C1202*Parameters!$C$22))/((((Parameters!$C$21)/((Parameters!$C$21)^2+(C1202*Parameters!$C$20)^2)))^2+((-(C1202*Parameters!$C$20)/((Parameters!$C$21)^2+(C1202*Parameters!$C$20)^2)+C1202*Parameters!$C$22))^2)) -> -641.39825 | BV1202: =0 -> 0 | BW1202: =0 -> 0 | BX1202: =BL1202 -> -2491.7779 | BY1202: =BM1202 -> -18.375774 | BZ1202: =BN1202+BL1202*BT1202-BM1202*BU1202 -> -12182.868 | CA1202: =BO1202+BL1202*BU1202+BM1202*BT1202 -> 1651985.8 | CB1202: =BP1202 -> -0.014686119 | CC1202: =BQ1202 -> 1.9365653 | CD1202: =BR1202+BP1202*BT1202-BQ1202*BU1202 -> 1283.8935 | CE1202: =BS1202+BP1202*BU1202+BQ1202*BT1202 -> 9.7366798 | CF1202: =0 -> 0 | CG1202: =0 -> 0 | CH1202: =(((Parameters!$C$25))/(((Parameters!$C$25))^2+((C1202*Parameters!$C$24-1/(C1202*Parameters!$C$23)))^2))+(((Parameters!$C$29+Parameters!$C$28))/(((Parameters!$C$29+Parameters!$C$28))^2+((C1202*Parameters!$C$27-1/(C1202*Parameters!$C$26)))^2)) -> 0.057178635 | CI1202: =(-((C1202*Parameters!$C$24-1/(C1202*Parameters!$C$23)))/(((Parameters!$C$25))^2+((C1202*Parameters!$C$24-1/(C1202*Parameters!$C$23)))^2))+(-((C1202*Parameters!$C$27-1/(C1202*Parameters!$C$26)))/(((Parameters!$C$29+Parameters!$C$28))^2+((C1202*Parameters!$C$27-1/(C1202*Parameters!$C$26)))^2)) -> -0.18293326 | CJ1202: =BX1202+BZ1202*CH1202-CA1202*CI1202 -> 299014.78 | CK1202: =BY1202+BZ1202*CI1202+CA1202*CH1202 -> 96668.57 | CL1202: =BZ1202 -> -12182.868 | CM1202: =CA1202 -> 1651985.8 | CN1202: =CB1202+CD1202*CH1202-CE1202*CI1202 -> 75.177752 | CO1202: =CC1202+CD1202*CI1202+CE1202*CH1202 -> -232.37352 | CP1202: =CD1202 -> 1283.8935 | CQ1202: =CE1202 -> 9.7366798 | CR1202: =2*((((Parameters!$C$31)/((Parameters!$C$31)^2+(C1202*Parameters!$C$30)^2)))/((((Parameters!$C$31)/((Parameters!$C$31)^2+(C1202*Parameters!$C$30)^2)))^2+((-(C1202*Parameters!$C$30)/((Parameters!$C$31)^2+(C1202*Parameters!$C$30)^2)+C1202*Parameters!$C$32))^2)) -> 9.7232254e-06 | CS1202: =2*(-((-(C1202*Parameters!$C$30)/((Parameters!$C$31)^2+(C1202*Parameters!$C$30)^2)+C1202*Parameters!$C$32))/((((Parameters!$C$31)/((Parameters!$C$31)^2+(C1202*Parameters!$C$30)^2)))^2+((-(C1202*Parameters!$C$30)/((Parameters!$C$31)^2+(C1202*Parameters!$C$30)^2)+C1202*Parameters!$C$32))^2)) -> -646.54534 | CT1202: =0 -> 0 | CU1202: =0 -> 0 | CV1202: =CJ1202 -> 299014.78 | CW1202: =CK1202 -> 96668.57 | CX1202: =CL1202+CJ1202*CR1202-CK1202*CS1202 -> 62488434 | CY1202: =CM1202+CJ1202*CS1202+CK1202*CR1202 -> -1.9167462e+08 | CZ1202: =CN1202 -> 75.177752 | DA1202: =CO1202 -> -232.37352 | DB1202: =CP1202+CN1202*CR1202-CO1202*CS1202 -> -148956.12 | DC1202: =CQ1202+CN1202*CS1202+CO1202*CR1202 -> -48596.091 | DD1202: =0 -> 0 | DE1202: =0 -> 0 | DF1202: =(((Parameters!$C$35))/(((Parameters!$C$35))^2+((C1202*Parameters!$C$34-1/(C1202*Parameters!$C$33)))^2))+(((Parameters!$C$39+Parameters!$C$38))/(((Parameters!$C$39+Parameters!$C$38))^2+((C1202*Parameters!$C$37-1/(C1202*Parameters!$C$36)))^2)) -> 0.057178635 | DG1202: =(-((C1202*Parameters!$C$34-1/(C1202*Parameters!$C$33)))/(((Parameters!$C$35))^2+((C1202*Parameters!$C$34-1/(C1202*Parameters!$C$33)))^2))+(-((C1202*Parameters!$C$37-1/(C1202*Parameters!$C$36)))/(((Parameters!$C$39+Parameters!$C$38))^2+((C1202*Parameters!$C$37-1/(C1202*Parameters!$C$36)))^2)) -> -0.18293326 | DH1202: =CV1202+CX1202*DF1202-CY1202*DG1202 -> -31191646 | DI1202: =CW1202+CX1202*DG1202+CY1202*DF1202 -> -22294238 | DJ1202: =CX1202 -> 62488434 | DK1202: =CY1202 -> -1.9167462e+08 | DL1202: =CZ1202+DB1202*DF1202-DC1202*DG1202 -> -17331.771 | DM1202: =DA1202+DB1202*DG1202+DC1202*DF1202 -> 24237.998 | DN1202: =DB1202 -> -148956.12 | DO1202: =DC1202 -> -48596.091 | DP1202: =2*((((Parameters!$C$41)/((Parameters!$C$41)^2+(C1202*(Parameters!$C$40*(1-Parameters!$C$42)))^2)))/((((Parameters!$C$41)/((Parameters!$C$41)^2+(C1202*(Parameters!$C$40*(1-Parameters!$C$42)))^2)))^2+((-(C1202*(Parameters!$C$40*(1-Parameters!$C$42)))/((Parameters!$C$41)^2+(C1202*(Parameters!$C$40*(1-Parameters!$C$42)))^2)+C1202*Parameters!$C$43))^2)) -> 0.0082563608 | DQ1202: =2*(-((-(C1202*(Parameters!$C$40*(1-Parameters!$C$42)))/((Parameters!$C$41)^2+(C1202*(Parameters!$C$40*(1-Parameters!$C$42)))^2)+C1202*Parameters!$C$43))/((((Parameters!$C$41)/((Parameters!$C$41)^2+(C1202*(Parameters!$C$40*(1-Parameters!$C$42)))^2)))^2+((-(C1202*(Parameters!$C$40*(1-Parameters!$C$42)))/((Parameters!$C$41)^2+(C1202*(Parameters!$C$40*(1-Parameters!$C$42)))^2)+C1202*Parameters!$C$43))^2)) -> -765.96769 | DR1202: =0 -> 0 | DS1202: =0 -> 0 | DT1202: =DH1202 -> -31191646 | DU1202: =DI1202 -> -22294238 | DV1202: =DJ1202+DH1202*DP1202-DI1202*DQ1202 -> -1.7014435e+10 | DW1202: =DK1202+DH1202*DQ1202+DI1202*DP1202 -> 2.3699934e+10 | DX1202: =DL1202 -> -17331.771 | DY1202: =DM1202 -> 24237.998 | DZ1202: =DN1202+DL1202*DP1202-DM1202*DQ1202 -> 18416424 | EA1202: =DO1202+DL1202*DQ1202+DM1202*DP1202 -> 13227181 | EB1202: =0 -> 0 | EC1202: =0 -> 0 | ED1202: =0 -> 0 | EE1202: =C1202*Parameters!$C$44 -> 0.0062831853 | EF1202: =DT1202+DV1202*ED1202-DW1202*EE1202 -> -1.8010273e+08 | EG1202: =DU1202+DV1202*EE1202+DW1202*ED1202 -> -1.2919909e+08 | EH1202: =DV1202 -> -1.7014435e+10 | EI1202: =DW1202 -> 2.3699934e+10 | EJ1202: =DX1202+DZ1202*ED1202-EA1202*EE1202 -> -100440.6 | EK1202: =DY1202+DZ1202*EE1202+EA1202*ED1202 -> 139951.8 | EL1202: =DZ1202 -> 18416424 | EM1202: =EA1202 -> 13227181 | EN1202: =0 -> 0 | EO1202: =0 -> 0 | EP1202: =(((2*Parameters!$C$47))/(((2*Parameters!$C$47))^2+((2*(C1202*Parameters!$C$46-1/(C1202*Parameters!$C$45))))^2)) -> 0.00032350669 | EQ1202: =(-((2*(C1202*Parameters!$C$46-1/(C1202*Parameters!$C$45))))/(((2*Parameters!$C$47))^2+((2*(C1202*Parameters!$C$46-1/(C1202*Parameters!$C$45))))^2)) -> -0.089930877 | ER1202: =EF1202+EH1202*EP1202-EI1202*EQ1202 -> 1.9457489e+09 | ES1202: =EG1202+EH1202*EQ1202+EI1202*EP1202 -> 1.4085911e+09 | ET1202: =EH1202 -> -1.7014435e+10 | EU1202: =EI1202 -> 2.3699934e+10 | EV1202: =EJ1202+EL1202*EP1202-EM1202*EQ1202 -> 1095049.2 | EW1202: =EK1202+EL1202*EQ1202+EM1202*EP1202 -> -1511974.3 | EX1202: =EL1202 -> 18416424 | EY1202: =EM1202 -> 13227181 | EZ1202: =(ER1202+ET1202/Parameters!$C$6+Parameters!$C$7*(EV1202+EX1202/Parameters!$C$6)) -> 1.3539424e+09 | FA1202: =(ES1202+EU1202/Parameters!$C$6+Parameters!$C$7*(EW1202+EY1202/Parameters!$C$6)) -> 2.2329366e+09 | FB1202: =-20*LOG10(SQRT(EZ1202^2+FA1202^2)) -> -188.33731 | FC1202: =1/SQRT(EZ1202^2+FA1202^2) -> 3.8294321e-10 | FD1202: =(ER1202+ET1202/Parameters!$C$6+Parameters!$C$8*(EV1202+EX1202/Parameters!$C$6)) -> 1.4407235e+09 | FE1202: =(ES1202+EU1202/Parameters!$C$6+Parameters!$C$8*(EW1202+EY1202/Parameters!$C$6)) -> 2.1803417e+09 | FF1202: =-20*LOG10(SQRT(FD1202^2+FE1202^2)) -> -188.34394 | FG1202: =1/SQRT(FD1202^2+FE1202^2) -> 3.826513e-10

Sheet Check_Points
A1: Frequency_Hz | B1: Python_ROUT0_dB | C1: Excel_nearest_ROUT0_dB | D1: Diff0_dB | E1: Python_ROUT50_dB | F1: Excel_nearest_ROUT50_dB | G1: Diff50_dB
A2: 100 | B2: -0.10704231 | C2: =INDEX(Results!$C$2:$C$1202,MATCH(LOG10(A2),Results!$B$2:$B$1202,1)) -> -0.10704231 | D2: =C2-B2 -> 0 | E2: -8.8179518 | F2: =INDEX(Results!$D$2:$D$1202,MATCH(LOG10(A2),Results!$B$2:$B$1202,1)) -> -8.8179518 | G2: =F2-E2 -> 0
A3: 400 | B3: -0.091365417 | C3: =INDEX(Results!$C$2:$C$1202,MATCH(LOG10(A3),Results!$B$2:$B$1202,1)) -> -0.091523345 | D3: =C3-B3 -> -0.00015792817 | E3: -9.1903369 | F3: =INDEX(Results!$D$2:$D$1202,MATCH(LOG10(A3),Results!$B$2:$B$1202,1)) -> -9.1867518 | G3: =F3-E3 -> 0.0035850391
A4: 1000 | B4: -0.0034165263 | C4: =INDEX(Results!$C$2:$C$1202,MATCH(LOG10(A4),Results!$B$2:$B$1202,1)) -> -0.0034165263 | D4: =C4-B4 -> -7.6891618e-16 | E4: -10.807727 | F4: =INDEX(Results!$D$2:$D$1202,MATCH(LOG10(A4),Results!$B$2:$B$1202,1)) -> -10.807727 | G4: =F4-E4 -> 0
A5: 10000 | B5: 4.8280228 | C5: =INDEX(Results!$C$2:$C$1202,MATCH(LOG10(A5),Results!$B$2:$B$1202,1)) -> 4.8280228 | D5: =C5-B5 -> 0 | E5: -18.456081 | F5: =INDEX(Results!$D$2:$D$1202,MATCH(LOG10(A5),Results!$B$2:$B$1202,1)) -> -18.456081 | G5: =F5-E5 -> 0
A6: 100000 | B6: -59.475187 | C6: =INDEX(Results!$C$2:$C$1202,MATCH(LOG10(A6),Results!$B$2:$B$1202,1)) -> -59.475187 | D6: =C6-B6 -> 0 | E6: -93.886515 | F6: =INDEX(Results!$D$2:$D$1202,MATCH(LOG10(A6),Results!$B$2:$B$1202,1)) -> -93.886515 | G6: =F6-E6 -> 0
A7: 1000000 | B7: -178.99992 | C7: =INDEX(Results!$C$2:$C$1202,MATCH(LOG10(A7),Results!$B$2:$B$1202,1)) -> -178.99992 | D7: =C7-B7 -> 0 | E7: -191.21325 | F7: =INDEX(Results!$D$2:$D$1202,MATCH(LOG10(A7),Results!$B$2:$B$1202,1)) -> -191.21325 | G7: =F7-E7 -> 0
A8: 10000000 | B8: -240.88493 | C8: =INDEX(Results!$C$2:$C$1202,MATCH(LOG10(A8),Results!$B$2:$B$1202,1)) -> -240.88493 | D8: =C8-B8 -> 0 | E8: -241.51317 | F8: =INDEX(Results!$D$2:$D$1202,MATCH(LOG10(A8),Results!$B$2:$B$1202,1)) -> -241.51317 | G8: =F8-E8 -> 0
A9: 100000000 | B9: -188.33731 | C9: =INDEX(Results!$C$2:$C$1202,MATCH(LOG10(A9),Results!$B$2:$B$1202,1)) -> -188.33731 | D9: =C9-B9 -> 0 | E9: -188.34394 | F9: =INDEX(Results!$D$2:$D$1202,MATCH(LOG10(A9),Results!$B$2:$B$1202,1)) -> -188.34394 | G9: =F9-E9 -> 0
