Workbook
Name C_THROUGH_C: Parameters!$B$10
Name C_THROUGH_ESL: Parameters!$B$12
Name C_THROUGH_ESR: Parameters!$B$11
Name CMC_CLINE: Parameters!$B$41
Name CMC_CPA: Parameters!$B$40
Name CMC_DCR: Parameters!$B$38
Name CMC_K: Parameters!$B$39
Name CMC_L: Parameters!$B$37
Name CX1_C: Parameters!$B$20
Name CX1_ESL: Parameters!$B$22
Name CX1_ESR: Parameters!$B$21
Name CX2_C: Parameters!$B$30
Name CX2_ESL: Parameters!$B$32
Name CX2_ESR: Parameters!$B$31
Name CY_C: Parameters!$B$42
Name CY_ESL: Parameters!$B$44
Name CY_ESR: Parameters!$B$43
Name DUMMY_R: Parameters!$B$45
Name DUMP1_C: Parameters!$B$23
Name DUMP1_ESL: Parameters!$B$25
Name DUMP1_ESR: Parameters!$B$24
Name DUMP1_R: Parameters!$B$26
Name DUMP2_C: Parameters!$B$33
Name DUMP2_ESL: Parameters!$B$35
Name DUMP2_ESR: Parameters!$B$34
Name DUMP2_R: Parameters!$B$36
Name F_START: Parameters!$B$2
Name F_STOP: Parameters!$B$3
Name I_DM_SOURCE: Parameters!$B$5
Name LDM1_CPA: Parameters!$B$19
Name LDM1_DCR: Parameters!$B$18
Name LDM1_L: Parameters!$B$17
Name LDM2_CPA: Parameters!$B$29
Name LDM2_DCR: Parameters!$B$28
Name LDM2_L: Parameters!$B$27
Name LINE_INPUT_CCHA: Parameters!$B$15
Name LINE_INPUT_CLINE: Parameters!$B$16
Name LINE_INPUT_DCR: Parameters!$B$14
Name LINE_INPUT_L: Parameters!$B$13
Name LINE_PS_CCHA: Parameters!$B$8
Name LINE_PS_CLINE: Parameters!$B$9
Name LINE_PS_DCR: Parameters!$B$7
Name LINE_PS_L: Parameters!$B$6
Name N_POINTS: Parameters!$B$4

Sheet Summary
A1: Normal-mode current source model
A3: Purpose | B3: DUMMY HOT-RTN間に振幅1 Aのノーマルモード電流源を置き、LDM1入力点のI_HOT, I_RTN, I_NMを計算します。
A4: Definition | B4: I_NM = (I_HOT - I_RTN) / 2. 対称回路では I_RTN = -I_HOT となります。
A5: Frequency range | B5: 100 Hz to 100 MHz, 1201 logarithmic points.
A6: Main sheets | B6: Parameters: editable SI values. Calc_Formulas: Excel complex formulas. Results: graph with logarithmic x-axis. Python_Reference and LTspice_Compare: verification data.

Sheet Parameters
A1: Name | B1: Value (SI) | C1: Unit | D1: Description
A2: F_START | B2: 100 | C2: Hz | D2: Start frequency
A3: F_STOP | B3: 100000000 | C3: Hz | D3: Stop frequency
A4: N_POINTS | B4: 1201 | C4: - | D4: Number of logarithmic frequency points
A5: I_DM_SOURCE | B5: 1 | C5: A | D5: Current source between DUMMY HOT and RTN
A6: LINE_PS_L | B6: 1e-06 | C6: H | D6: LINE_PS inductance per conductor
A7: LINE_PS_DCR | B7: 0.02 | C7: ohm | D7: LINE_PS DCR per conductor
A8: LINE_PS_CCHA | B8: 5e-11 | C8: F | D8: LINE_PS capacitance from each line to chassis
A9: LINE_PS_CLINE | B9: 5e-11 | C9: F | D9: LINE_PS line-to-line capacitance
A10: C_THROUGH_C | B10: 1e-05 | C10: F | D10: Feedthrough capacitance per line to chassis
A11: C_THROUGH_ESR | B11: 0.02 | C11: ohm | D11: Feedthrough capacitor ESR
A12: C_THROUGH_ESL | B12: 1e-08 | C12: H | D12: Feedthrough capacitor ESL
A13: LINE_INPUT_L | B13: 1e-06 | C13: H | D13: LINE_INPUT inductance per conductor
... A45: DUMMY_R | B45: 28.75 | C45: ohm | D45: DUMMY load resistance between HOT and RTN

Sheet Calc_Formulas
A1: f_Hz | B1: omega | C1: Z_LINE_PS | D1: Y_SH1 | E1: Z_LINE_INPUT | F1: Y_SH2 | G1: Z_LDM1_DM | H1: Y_X1_DUMP1 | I1: Z_LDM2_DM | J1: Y_X2_DUMP2 | K1: Z_CMC_DM | L1: Y_SH5_LOAD | M1: YLEFT1 | N1: YB2 | O1: YLEFT2 | P1: YB3 | Q1: YLEFT3 | R1: YB4 | S1: YLEFT4 | T1: YB5 | U1: YLEFT5 | V1: VLOAD_DM | W1: I_CMC_DM | X1: V4 | Y1: I_LDM2_DM | Z1: V3 | AA1: I_LDM1_DM | AB1: I_HOT | AC1: I_RTN | AD1: I_NM | AE1: I_HOT_abs_A | AF1: I_RTN_abs_A | AG1: I_NM_abs_A | AH1: I_HOT_dBuA | AI1: I_RTN_dBuA | AJ1: I_NM_dBuA | AK1: I_HOT_phase_deg | AL1: I_RTN_phase_deg | AM1: I_NM_phase_deg
A2: =10^(LOG10(F_START)+(ROW()-ROW($A$2))*(LOG10(F_STOP)-LOG10(F_START))/(N_POINTS-1)) -> 0 | B2: =2*PI()*A2 -> 0 | C2: =COMPLEX(2*LINE_PS_DCR,2*B2*LINE_PS_L) -> 0 | D2: =IMSUM(COMPLEX(0,B2*(LINE_PS_CLINE+LINE_PS_CCHA/2)),IMDIV("1",IMPRODUCT("2",COMPLEX(C_THROUGH_ESR,B2*C_THROUGH_ESL-1/(B2*C_THROUGH_C))))) -> 0 | E2: =COMPLEX(2*LINE_INPUT_DCR,2*B2*LINE_INPUT_L) -> 0 | F2: =COMPLEX(0,B2*(LINE_INPUT_CLINE+LINE_INPUT_CCHA/2)) -> 0 | G2: =IMPRODUCT("2",IMDIV("1",IMSUM(IMDIV("1",COMPLEX(LDM1_DCR,B2*LDM1_L)),COMPLEX(0,B2*LDM1_CPA)))) -> 0 | H2: =IMSUM(IMDIV("1",COMPLEX(CX1_ESR,B2*CX1_ESL-1/(B2*CX1_C))),IMDIV("1",IMSUM(COMPLEX(DUMP1_R,0),COMPLEX(DUMP1_ESR,B2*DUMP1_ESL-1/(B2*DUMP1_C))))) -> 0 | I2: =IMPRODUCT("2",IMDIV("1",IMSUM(IMDIV("1",COMPLEX(LDM2_DCR,B2*LDM2_L)),COMPLEX(0,B2*LDM2_CPA)))) -> 0 | J2: =IMSUM(IMDIV("1",COMPLEX(CX2_ESR,B2*CX2_ESL-1/(B2*CX2_C))),IMDIV("1",IMSUM(COMPLEX(DUMP2_R,0),COMPLEX(DUMP2_ESR,B2*DUMP2_ESL-1/(B2*DUMP2_C))))) -> 0 | K2: =IMPRODUCT("2",IMDIV("1",IMSUM(IMDIV("1",COMPLEX(CMC_DCR,B2*CMC_L*(1-CMC_K))),COMPLEX(0,B2*CMC_CPA)))) -> 0 | L2: =IMSUM(COMPLEX(0,B2*CMC_CLINE),IMDIV("1",IMPRODUCT("2",COMPLEX(CY_ESR,B2*CY_ESL-1/(B2*CY_C)))),COMPLEX(1/DUMMY_R,0)) -> 0 | M2: =IMSUM(D2,IMDIV("1",C2)) -> 0 | N2: =IMDIV("1",IMSUM(E2,IMDIV("1",M2))) -> 0 | O2: =IMSUM(F2,N2) -> 0 | P2: =IMDIV("1",IMSUM(G2,IMDIV("1",O2))) -> 0 | Q2: =IMSUM(H2,P2) -> 0 | R2: =IMDIV("1",IMSUM(I2,IMDIV("1",Q2))) -> 0 | S2: =IMSUM(J2,R2) -> 0 | T2: =IMDIV("1",IMSUM(K2,IMDIV("1",S2))) -> 0 | U2: =IMSUM(L2,T2) -> 0 | V2: =IMDIV(COMPLEX(I_DM_SOURCE,0),U2) -> 0 | W2: =IMPRODUCT(V2,T2) -> 0 | X2: =IMDIV(W2,S2) -> 0 | Y2: =IMPRODUCT(X2,R2) -> 0 | Z2: =IMDIV(Y2,Q2) -> 0 | AA2: =IMPRODUCT(Z2,P2) -> 0 | AB2: =AA2 -> 0 | AC2: =IMPRODUCT("-1",AB2) -> 0 | AD2: =IMDIV(IMSUB(AB2,AC2),"2") -> 0 | AE2: =IMABS(AB2) -> 0 | AF2: =IMABS(AC2) -> 0 | AG2: =IMABS(AD2) -> 0 | AH2: =20*LOG10(MAX(AE2,1E-300)*1E6) -> 0 | AI2: =20*LOG10(MAX(AF2,1E-300)*1E6) -> 0 | AJ2: =20*LOG10(MAX(AG2,1E-300)*1E6) -> 0 | AK2: =DEGREES(IMARGUMENT(AB2)) -> 0 | AL2: =DEGREES(IMARGUMENT(AC2)) -> 0 | AM2: =DEGREES(IMARGUMENT(AD2)) -> 0
A3: =10^(LOG10(F_START)+(ROW()-ROW($A$2))*(LOG10(F_STOP)-LOG10(F_START))/(N_POINTS-1)) -> 0 | B3: =2*PI()*A3 -> 0 | C3: =COMPLEX(2*LINE_PS_DCR,2*B3*LINE_PS_L) -> 0 | D3: =IMSUM(COMPLEX(0,B3*(LINE_PS_CLINE+LINE_PS_CCHA/2)),IMDIV("1",IMPRODUCT("2",COMPLEX(C_THROUGH_ESR,B3*C_THROUGH_ESL-1/(B3*C_THROUGH_C))))) -> 0 | E3: =COMPLEX(2*LINE_INPUT_DCR,2*B3*LINE_INPUT_L) -> 0 | F3: =COMPLEX(0,B3*(LINE_INPUT_CLINE+LINE_INPUT_CCHA/2)) -> 0 | G3: =IMPRODUCT("2",IMDIV("1",IMSUM(IMDIV("1",COMPLEX(LDM1_DCR,B3*LDM1_L)),COMPLEX(0,B3*LDM1_CPA)))) -> 0 | H3: =IMSUM(IMDIV("1",COMPLEX(CX1_ESR,B3*CX1_ESL-1/(B3*CX1_C))),IMDIV("1",IMSUM(COMPLEX(DUMP1_R,0),COMPLEX(DUMP1_ESR,B3*DUMP1_ESL-1/(B3*DUMP1_C))))) -> 0 | I3: =IMPRODUCT("2",IMDIV("1",IMSUM(IMDIV("1",COMPLEX(LDM2_DCR,B3*LDM2_L)),COMPLEX(0,B3*LDM2_CPA)))) -> 0 | J3: =IMSUM(IMDIV("1",COMPLEX(CX2_ESR,B3*CX2_ESL-1/(B3*CX2_C))),IMDIV("1",IMSUM(COMPLEX(DUMP2_R,0),COMPLEX(DUMP2_ESR,B3*DUMP2_ESL-1/(B3*DUMP2_C))))) -> 0 | K3: =IMPRODUCT("2",IMDIV("1",IMSUM(IMDIV("1",COMPLEX(CMC_DCR,B3*CMC_L*(1-CMC_K))),COMPLEX(0,B3*CMC_CPA)))) -> 0 | L3: =IMSUM(COMPLEX(0,B3*CMC_CLINE),IMDIV("1",IMPRODUCT("2",COMPLEX(CY_ESR,B3*CY_ESL-1/(B3*CY_C)))),COMPLEX(1/DUMMY_R,0)) -> 0 | M3: =IMSUM(D3,IMDIV("1",C3)) -> 0 | N3: =IMDIV("1",IMSUM(E3,IMDIV("1",M3))) -> 0 | O3: =IMSUM(F3,N3) -> 0 | P3: =IMDIV("1",IMSUM(G3,IMDIV("1",O3))) -> 0 | Q3: =IMSUM(H3,P3) -> 0 | R3: =IMDIV("1",IMSUM(I3,IMDIV("1",Q3))) -> 0 | S3: =IMSUM(J3,R3) -> 0 | T3: =IMDIV("1",IMSUM(K3,IMDIV("1",S3))) -> 0 | U3: =IMSUM(L3,T3) -> 0 | V3: =IMDIV(COMPLEX(I_DM_SOURCE,0),U3) -> 0 | W3: =IMPRODUCT(V3,T3) -> 0 | X3: =IMDIV(W3,S3) -> 0 | Y3: =IMPRODUCT(X3,R3) -> 0 | Z3: =IMDIV(Y3,Q3) -> 0 | AA3: =IMPRODUCT(Z3,P3) -> 0 | AB3: =AA3 -> 0 | AC3: =IMPRODUCT("-1",AB3) -> 0 | AD3: =IMDIV(IMSUB(AB3,AC3),"2") -> 0 | AE3: =IMABS(AB3) -> 0 | AF3: =IMABS(AC3) -> 0 | AG3: =IMABS(AD3) -> 0 | AH3: =20*LOG10(MAX(AE3,1E-300)*1E6) -> 0 | AI3: =20*LOG10(MAX(AF3,1E-300)*1E6) -> 0 | AJ3: =20*LOG10(MAX(AG3,1E-300)*1E6) -> 0 | AK3: =DEGREES(IMARGUMENT(AB3)) -> 0 | AL3: =DEGREES(IMARGUMENT(AC3)) -> 0 | AM3: =DEGREES(IMARGUMENT(AD3)) -> 0
A4: =10^(LOG10(F_START)+(ROW()-ROW($A$2))*(LOG10(F_STOP)-LOG10(F_START))/(N_POINTS-1)) -> 0 | B4: =2*PI()*A4 -> 0 | C4: =COMPLEX(2*LINE_PS_DCR,2*B4*LINE_PS_L) -> 0 | D4: =IMSUM(COMPLEX(0,B4*(LINE_PS_CLINE+LINE_PS_CCHA/2)),IMDIV("1",IMPRODUCT("2",COMPLEX(C_THROUGH_ESR,B4*C_THROUGH_ESL-1/(B4*C_THROUGH_C))))) -> 0 | E4: =COMPLEX(2*LINE_INPUT_DCR,2*B4*LINE_INPUT_L) -> 0 | F4: =COMPLEX(0,B4*(LINE_INPUT_CLINE+LINE_INPUT_CCHA/2)) -> 0 | G4: =IMPRODUCT("2",IMDIV("1",IMSUM(IMDIV("1",COMPLEX(LDM1_DCR,B4*LDM1_L)),COMPLEX(0,B4*LDM1_CPA)))) -> 0 | H4: =IMSUM(IMDIV("1",COMPLEX(CX1_ESR,B4*CX1_ESL-1/(B4*CX1_C))),IMDIV("1",IMSUM(COMPLEX(DUMP1_R,0),COMPLEX(DUMP1_ESR,B4*DUMP1_ESL-1/(B4*DUMP1_C))))) -> 0 | I4: =IMPRODUCT("2",IMDIV("1",IMSUM(IMDIV("1",COMPLEX(LDM2_DCR,B4*LDM2_L)),COMPLEX(0,B4*LDM2_CPA)))) -> 0 | J4: =IMSUM(IMDIV("1",COMPLEX(CX2_ESR,B4*CX2_ESL-1/(B4*CX2_C))),IMDIV("1",IMSUM(COMPLEX(DUMP2_R,0),COMPLEX(DUMP2_ESR,B4*DUMP2_ESL-1/(B4*DUMP2_C))))) -> 0 | K4: =IMPRODUCT("2",IMDIV("1",IMSUM(IMDIV("1",COMPLEX(CMC_DCR,B4*CMC_L*(1-CMC_K))),COMPLEX(0,B4*CMC_CPA)))) -> 0 | L4: =IMSUM(COMPLEX(0,B4*CMC_CLINE),IMDIV("1",IMPRODUCT("2",COMPLEX(CY_ESR,B4*CY_ESL-1/(B4*CY_C)))),COMPLEX(1/DUMMY_R,0)) -> 0 | M4: =IMSUM(D4,IMDIV("1",C4)) -> 0 | N4: =IMDIV("1",IMSUM(E4,IMDIV("1",M4))) -> 0 | O4: =IMSUM(F4,N4) -> 0 | P4: =IMDIV("1",IMSUM(G4,IMDIV("1",O4))) -> 0 | Q4: =IMSUM(H4,P4) -> 0 | R4: =IMDIV("1",IMSUM(I4,IMDIV("1",Q4))) -> 0 | S4: =IMSUM(J4,R4) -> 0 | T4: =IMDIV("1",IMSUM(K4,IMDIV("1",S4))) -> 0 | U4: =IMSUM(L4,T4) -> 0 | V4: =IMDIV(COMPLEX(I_DM_SOURCE,0),U4) -> 0 | W4: =IMPRODUCT(V4,T4) -> 0 | X4: =IMDIV(W4,S4) -> 0 | Y4: =IMPRODUCT(X4,R4) -> 0 | Z4: =IMDIV(Y4,Q4) -> 0 | AA4: =IMPRODUCT(Z4,P4) -> 0 | AB4: =AA4 -> 0 | AC4: =IMPRODUCT("-1",AB4) -> 0 | AD4: =IMDIV(IMSUB(AB4,AC4),"2") -> 0 | AE4: =IMABS(AB4) -> 0 | AF4: =IMABS(AC4) -> 0 | AG4: =IMABS(AD4) -> 0 | AH4: =20*LOG10(MAX(AE4,1E-300)*1E6) -> 0 | AI4: =20*LOG10(MAX(AF4,1E-300)*1E6) -> 0 | AJ4: =20*LOG10(MAX(AG4,1E-300)*1E6) -> 0 | AK4: =DEGREES(IMARGUMENT(AB4)) -> 0 | AL4: =DEGREES(IMARGUMENT(AC4)) -> 0 | AM4: =DEGREES(IMARGUMENT(AD4)) -> 0
A5: =10^(LOG10(F_START)+(ROW()-ROW($A$2))*(LOG10(F_STOP)-LOG10(F_START))/(N_POINTS-1)) -> 0 | B5: =2*PI()*A5 -> 0 | C5: =COMPLEX(2*LINE_PS_DCR,2*B5*LINE_PS_L) -> 0 | D5: =IMSUM(COMPLEX(0,B5*(LINE_PS_CLINE+LINE_PS_CCHA/2)),IMDIV("1",IMPRODUCT("2",COMPLEX(C_THROUGH_ESR,B5*C_THROUGH_ESL-1/(B5*C_THROUGH_C))))) -> 0 | E5: =COMPLEX(2*LINE_INPUT_DCR,2*B5*LINE_INPUT_L) -> 0 | F5: =COMPLEX(0,B5*(LINE_INPUT_CLINE+LINE_INPUT_CCHA/2)) -> 0 | G5: =IMPRODUCT("2",IMDIV("1",IMSUM(IMDIV("1",COMPLEX(LDM1_DCR,B5*LDM1_L)),COMPLEX(0,B5*LDM1_CPA)))) -> 0 | H5: =IMSUM(IMDIV("1",COMPLEX(CX1_ESR,B5*CX1_ESL-1/(B5*CX1_C))),IMDIV("1",IMSUM(COMPLEX(DUMP1_R,0),COMPLEX(DUMP1_ESR,B5*DUMP1_ESL-1/(B5*DUMP1_C))))) -> 0 | I5: =IMPRODUCT("2",IMDIV("1",IMSUM(IMDIV("1",COMPLEX(LDM2_DCR,B5*LDM2_L)),COMPLEX(0,B5*LDM2_CPA)))) -> 0 | J5: =IMSUM(IMDIV("1",COMPLEX(CX2_ESR,B5*CX2_ESL-1/(B5*CX2_C))),IMDIV("1",IMSUM(COMPLEX(DUMP2_R,0),COMPLEX(DUMP2_ESR,B5*DUMP2_ESL-1/(B5*DUMP2_C))))) -> 0 | K5: =IMPRODUCT("2",IMDIV("1",IMSUM(IMDIV("1",COMPLEX(CMC_DCR,B5*CMC_L*(1-CMC_K))),COMPLEX(0,B5*CMC_CPA)))) -> 0 | L5: =IMSUM(COMPLEX(0,B5*CMC_CLINE),IMDIV("1",IMPRODUCT("2",COMPLEX(CY_ESR,B5*CY_ESL-1/(B5*CY_C)))),COMPLEX(1/DUMMY_R,0)) -> 0 | M5: =IMSUM(D5,IMDIV("1",C5)) -> 0 | N5: =IMDIV("1",IMSUM(E5,IMDIV("1",M5))) -> 0 | O5: =IMSUM(F5,N5) -> 0 | P5: =IMDIV("1",IMSUM(G5,IMDIV("1",O5))) -> 0 | Q5: =IMSUM(H5,P5) -> 0 | R5: =IMDIV("1",IMSUM(I5,IMDIV("1",Q5))) -> 0 | S5: =IMSUM(J5,R5) -> 0 | T5: =IMDIV("1",IMSUM(K5,IMDIV("1",S5))) -> 0 | U5: =IMSUM(L5,T5) -> 0 | V5: =IMDIV(COMPLEX(I_DM_SOURCE,0),U5) -> 0 | W5: =IMPRODUCT(V5,T5) -> 0 | X5: =IMDIV(W5,S5) -> 0 | Y5: =IMPRODUCT(X5,R5) -> 0 | Z5: =IMDIV(Y5,Q5) -> 0 | AA5: =IMPRODUCT(Z5,P5) -> 0 | AB5: =AA5 -> 0 | AC5: =IMPRODUCT("-1",AB5) -> 0 | AD5: =IMDIV(IMSUB(AB5,AC5),"2") -> 0 | AE5: =IMABS(AB5) -> 0 | AF5: =IMABS(AC5) -> 0 | AG5: =IMABS(AD5) -> 0 | AH5: =20*LOG10(MAX(AE5,1E-300)*1E6) -> 0 | AI5: =20*LOG10(MAX(AF5,1E-300)*1E6) -> 0 | AJ5: =20*LOG10(MAX(AG5,1E-300)*1E6) -> 0 | AK5: =DEGREES(IMARGUMENT(AB5)) -> 0 | AL5: =DEGREES(IMARGUMENT(AC5)) -> 0 | AM5: =DEGREES(IMARGUMENT(AD5)) -> 0
A6: =10^(LOG10(F_START)+(ROW()-ROW($A$2))*(LOG10(F_STOP)-LOG10(F_START))/(N_POINTS-1)) -> 0 | B6: =2*PI()*A6 -> 0 | C6: =COMPLEX(2*LINE_PS_DCR,2*B6*LINE_PS_L) -> 0 | D6: =IMSUM(COMPLEX(0,B6*(LINE_PS_CLINE+LINE_PS_CCHA/2)),IMDIV("1",IMPRODUCT("2",COMPLEX(C_THROUGH_ESR,B6*C_THROUGH_ESL-1/(B6*C_THROUGH_C))))) -> 0 | E6: =COMPLEX(2*LINE_INPUT_DCR,2*B6*LINE_INPUT_L) -> 0 | F6: =COMPLEX(0,B6*(LINE_INPUT_CLINE+LINE_INPUT_CCHA/2)) -> 0 | G6: =IMPRODUCT("2",IMDIV("1",IMSUM(IMDIV("1",COMPLEX(LDM1_DCR,B6*LDM1_L)),COMPLEX(0,B6*LDM1_CPA)))) -> 0 | H6: =IMSUM(IMDIV("1",COMPLEX(CX1_ESR,B6*CX1_ESL-1/(B6*CX1_C))),IMDIV("1",IMSUM(COMPLEX(DUMP1_R,0),COMPLEX(DUMP1_ESR,B6*DUMP1_ESL-1/(B6*DUMP1_C))))) -> 0 | I6: =IMPRODUCT("2",IMDIV("1",IMSUM(IMDIV("1",COMPLEX(LDM2_DCR,B6*LDM2_L)),COMPLEX(0,B6*LDM2_CPA)))) -> 0 | J6: =IMSUM(IMDIV("1",COMPLEX(CX2_ESR,B6*CX2_ESL-1/(B6*CX2_C))),IMDIV("1",IMSUM(COMPLEX(DUMP2_R,0),COMPLEX(DUMP2_ESR,B6*DUMP2_ESL-1/(B6*DUMP2_C))))) -> 0 | K6: =IMPRODUCT("2",IMDIV("1",IMSUM(IMDIV("1",COMPLEX(CMC_DCR,B6*CMC_L*(1-CMC_K))),COMPLEX(0,B6*CMC_CPA)))) -> 0 | L6: =IMSUM(COMPLEX(0,B6*CMC_CLINE),IMDIV("1",IMPRODUCT("2",COMPLEX(CY_ESR,B6*CY_ESL-1/(B6*CY_C)))),COMPLEX(1/DUMMY_R,0)) -> 0 | M6: =IMSUM(D6,IMDIV("1",C6)) -> 0 | N6: =IMDIV("1",IMSUM(E6,IMDIV("1",M6))) -> 0 | O6: =IMSUM(F6,N6) -> 0 | P6: =IMDIV("1",IMSUM(G6,IMDIV("1",O6))) -> 0 | Q6: =IMSUM(H6,P6) -> 0 | R6: =IMDIV("1",IMSUM(I6,IMDIV("1",Q6))) -> 0 | S6: =IMSUM(J6,R6) -> 0 | T6: =IMDIV("1",IMSUM(K6,IMDIV("1",S6))) -> 0 | U6: =IMSUM(L6,T6) -> 0 | V6: =IMDIV(COMPLEX(I_DM_SOURCE,0),U6) -> 0 | W6: =IMPRODUCT(V6,T6) -> 0 | X6: =IMDIV(W6,S6) -> 0 | Y6: =IMPRODUCT(X6,R6) -> 0 | Z6: =IMDIV(Y6,Q6) -> 0 | AA6: =IMPRODUCT(Z6,P6) -> 0 | AB6: =AA6 -> 0 | AC6: =IMPRODUCT("-1",AB6) -> 0 | AD6: =IMDIV(IMSUB(AB6,AC6),"2") -> 0 | AE6: =IMABS(AB6) -> 0 | AF6: =IMABS(AC6) -> 0 | AG6: =IMABS(AD6) -> 0 | AH6: =20*LOG10(MAX(AE6,1E-300)*1E6) -> 0 | AI6: =20*LOG10(MAX(AF6,1E-300)*1E6) -> 0 | AJ6: =20*LOG10(MAX(AG6,1E-300)*1E6) -> 0 | AK6: =DEGREES(IMARGUMENT(AB6)) -> 0 | AL6: =DEGREES(IMARGUMENT(AC6)) -> 0 | AM6: =DEGREES(IMARGUMENT(AD6)) -> 0
A7: =10^(LOG10(F_START)+(ROW()-ROW($A$2))*(LOG10(F_STOP)-LOG10(F_START))/(N_POINTS-1)) -> 0 | B7: =2*PI()*A7 -> 0 | C7: =COMPLEX(2*LINE_PS_DCR,2*B7*LINE_PS_L) -> 0 | D7: =IMSUM(COMPLEX(0,B7*(LINE_PS_CLINE+LINE_PS_CCHA/2)),IMDIV("1",IMPRODUCT("2",COMPLEX(C_THROUGH_ESR,B7*C_THROUGH_ESL-1/(B7*C_THROUGH_C))))) -> 0 | E7: =COMPLEX(2*LINE_INPUT_DCR,2*B7*LINE_INPUT_L) -> 0 | F7: =COMPLEX(0,B7*(LINE_INPUT_CLINE+LINE_INPUT_CCHA/2)) -> 0 | G7: =IMPRODUCT("2",IMDIV("1",IMSUM(IMDIV("1",COMPLEX(LDM1_DCR,B7*LDM1_L)),COMPLEX(0,B7*LDM1_CPA)))) -> 0 | H7: =IMSUM(IMDIV("1",COMPLEX(CX1_ESR,B7*CX1_ESL-1/(B7*CX1_C))),IMDIV("1",IMSUM(COMPLEX(DUMP1_R,0),COMPLEX(DUMP1_ESR,B7*DUMP1_ESL-1/(B7*DUMP1_C))))) -> 0 | I7: =IMPRODUCT("2",IMDIV("1",IMSUM(IMDIV("1",COMPLEX(LDM2_DCR,B7*LDM2_L)),COMPLEX(0,B7*LDM2_CPA)))) -> 0 | J7: =IMSUM(IMDIV("1",COMPLEX(CX2_ESR,B7*CX2_ESL-1/(B7*CX2_C))),IMDIV("1",IMSUM(COMPLEX(DUMP2_R,0),COMPLEX(DUMP2_ESR,B7*DUMP2_ESL-1/(B7*DUMP2_C))))) -> 0 | K7: =IMPRODUCT("2",IMDIV("1",IMSUM(IMDIV("1",COMPLEX(CMC_DCR,B7*CMC_L*(1-CMC_K))),COMPLEX(0,B7*CMC_CPA)))) -> 0 | L7: =IMSUM(COMPLEX(0,B7*CMC_CLINE),IMDIV("1",IMPRODUCT("2",COMPLEX(CY_ESR,B7*CY_ESL-1/(B7*CY_C)))),COMPLEX(1/DUMMY_R,0)) -> 0 | M7: =IMSUM(D7,IMDIV("1",C7)) -> 0 | N7: =IMDIV("1",IMSUM(E7,IMDIV("1",M7))) -> 0 | O7: =IMSUM(F7,N7) -> 0 | P7: =IMDIV("1",IMSUM(G7,IMDIV("1",O7))) -> 0 | Q7: =IMSUM(H7,P7) -> 0 | R7: =IMDIV("1",IMSUM(I7,IMDIV("1",Q7))) -> 0 | S7: =IMSUM(J7,R7) -> 0 | T7: =IMDIV("1",IMSUM(K7,IMDIV("1",S7))) -> 0 | U7: =IMSUM(L7,T7) -> 0 | V7: =IMDIV(COMPLEX(I_DM_SOURCE,0),U7) -> 0 | W7: =IMPRODUCT(V7,T7) -> 0 | X7: =IMDIV(W7,S7) -> 0 | Y7: =IMPRODUCT(X7,R7) -> 0 | Z7: =IMDIV(Y7,Q7) -> 0 | AA7: =IMPRODUCT(Z7,P7) -> 0 | AB7: =AA7 -> 0 | AC7: =IMPRODUCT("-1",AB7) -> 0 | AD7: =IMDIV(IMSUB(AB7,AC7),"2") -> 0 | AE7: =IMABS(AB7) -> 0 | AF7: =IMABS(AC7) -> 0 | AG7: =IMABS(AD7) -> 0 | AH7: =20*LOG10(MAX(AE7,1E-300)*1E6) -> 0 | AI7: =20*LOG10(MAX(AF7,1E-300)*1E6) -> 0 | AJ7: =20*LOG10(MAX(AG7,1E-300)*1E6) -> 0 | AK7: =DEGREES(IMARGUMENT(AB7)) -> 0 | AL7: =DEGREES(IMARGUMENT(AC7)) -> 0 | AM7: =DEGREES(IMARGUMENT(AD7)) -> 0
A8: =10^(LOG10(F_START)+(ROW()-ROW($A$2))*(LOG10(F_STOP)-LOG10(F_START))/(N_POINTS-1)) -> 0 | B8: =2*PI()*A8 -> 0 | C8: =COMPLEX(2*LINE_PS_DCR,2*B8*LINE_PS_L) -> 0 | D8: =IMSUM(COMPLEX(0,B8*(LINE_PS_CLINE+LINE_PS_CCHA/2)),IMDIV("1",IMPRODUCT("2",COMPLEX(C_THROUGH_ESR,B8*C_THROUGH_ESL-1/(B8*C_THROUGH_C))))) -> 0 | E8: =COMPLEX(2*LINE_INPUT_DCR,2*B8*LINE_INPUT_L) -> 0 | F8: =COMPLEX(0,B8*(LINE_INPUT_CLINE+LINE_INPUT_CCHA/2)) -> 0 | G8: =IMPRODUCT("2",IMDIV("1",IMSUM(IMDIV("1",COMPLEX(LDM1_DCR,B8*LDM1_L)),COMPLEX(0,B8*LDM1_CPA)))) -> 0 | H8: =IMSUM(IMDIV("1",COMPLEX(CX1_ESR,B8*CX1_ESL-1/(B8*CX1_C))),IMDIV("1",IMSUM(COMPLEX(DUMP1_R,0),COMPLEX(DUMP1_ESR,B8*DUMP1_ESL-1/(B8*DUMP1_C))))) -> 0 | I8: =IMPRODUCT("2",IMDIV("1",IMSUM(IMDIV("1",COMPLEX(LDM2_DCR,B8*LDM2_L)),COMPLEX(0,B8*LDM2_CPA)))) -> 0 | J8: =IMSUM(IMDIV("1",COMPLEX(CX2_ESR,B8*CX2_ESL-1/(B8*CX2_C))),IMDIV("1",IMSUM(COMPLEX(DUMP2_R,0),COMPLEX(DUMP2_ESR,B8*DUMP2_ESL-1/(B8*DUMP2_C))))) -> 0 | K8: =IMPRODUCT("2",IMDIV("1",IMSUM(IMDIV("1",COMPLEX(CMC_DCR,B8*CMC_L*(1-CMC_K))),COMPLEX(0,B8*CMC_CPA)))) -> 0 | L8: =IMSUM(COMPLEX(0,B8*CMC_CLINE),IMDIV("1",IMPRODUCT("2",COMPLEX(CY_ESR,B8*CY_ESL-1/(B8*CY_C)))),COMPLEX(1/DUMMY_R,0)) -> 0 | M8: =IMSUM(D8,IMDIV("1",C8)) -> 0 | N8: =IMDIV("1",IMSUM(E8,IMDIV("1",M8))) -> 0 | O8: =IMSUM(F8,N8) -> 0 | P8: =IMDIV("1",IMSUM(G8,IMDIV("1",O8))) -> 0 | Q8: =IMSUM(H8,P8) -> 0 | R8: =IMDIV("1",IMSUM(I8,IMDIV("1",Q8))) -> 0 | S8: =IMSUM(J8,R8) -> 0 | T8: =IMDIV("1",IMSUM(K8,IMDIV("1",S8))) -> 0 | U8: =IMSUM(L8,T8) -> 0 | V8: =IMDIV(COMPLEX(I_DM_SOURCE,0),U8) -> 0 | W8: =IMPRODUCT(V8,T8) -> 0 | X8: =IMDIV(W8,S8) -> 0 | Y8: =IMPRODUCT(X8,R8) -> 0 | Z8: =IMDIV(Y8,Q8) -> 0 | AA8: =IMPRODUCT(Z8,P8) -> 0 | AB8: =AA8 -> 0 | AC8: =IMPRODUCT("-1",AB8) -> 0 | AD8: =IMDIV(IMSUB(AB8,AC8),"2") -> 0 | AE8: =IMABS(AB8) -> 0 | AF8: =IMABS(AC8) -> 0 | AG8: =IMABS(AD8) -> 0 | AH8: =20*LOG10(MAX(AE8,1E-300)*1E6) -> 0 | AI8: =20*LOG10(MAX(AF8,1E-300)*1E6) -> 0 | AJ8: =20*LOG10(MAX(AG8,1E-300)*1E6) -> 0 | AK8: =DEGREES(IMARGUMENT(AB8)) -> 0 | AL8: =DEGREES(IMARGUMENT(AC8)) -> 0 | AM8: =DEGREES(IMARGUMENT(AD8)) -> 0
A9: =10^(LOG10(F_START)+(ROW()-ROW($A$2))*(LOG10(F_STOP)-LOG10(F_START))/(N_POINTS-1)) -> 0 | B9: =2*PI()*A9 -> 0 | C9: =COMPLEX(2*LINE_PS_DCR,2*B9*LINE_PS_L) -> 0 | D9: =IMSUM(COMPLEX(0,B9*(LINE_PS_CLINE+LINE_PS_CCHA/2)),IMDIV("1",IMPRODUCT("2",COMPLEX(C_THROUGH_ESR,B9*C_THROUGH_ESL-1/(B9*C_THROUGH_C))))) -> 0 | E9: =COMPLEX(2*LINE_INPUT_DCR,2*B9*LINE_INPUT_L) -> 0 | F9: =COMPLEX(0,B9*(LINE_INPUT_CLINE+LINE_INPUT_CCHA/2)) -> 0 | G9: =IMPRODUCT("2",IMDIV("1",IMSUM(IMDIV("1",COMPLEX(LDM1_DCR,B9*LDM1_L)),COMPLEX(0,B9*LDM1_CPA)))) -> 0 | H9: =IMSUM(IMDIV("1",COMPLEX(CX1_ESR,B9*CX1_ESL-1/(B9*CX1_C))),IMDIV("1",IMSUM(COMPLEX(DUMP1_R,0),COMPLEX(DUMP1_ESR,B9*DUMP1_ESL-1/(B9*DUMP1_C))))) -> 0 | I9: =IMPRODUCT("2",IMDIV("1",IMSUM(IMDIV("1",COMPLEX(LDM2_DCR,B9*LDM2_L)),COMPLEX(0,B9*LDM2_CPA)))) -> 0 | J9: =IMSUM(IMDIV("1",COMPLEX(CX2_ESR,B9*CX2_ESL-1/(B9*CX2_C))),IMDIV("1",IMSUM(COMPLEX(DUMP2_R,0),COMPLEX(DUMP2_ESR,B9*DUMP2_ESL-1/(B9*DUMP2_C))))) -> 0 | K9: =IMPRODUCT("2",IMDIV("1",IMSUM(IMDIV("1",COMPLEX(CMC_DCR,B9*CMC_L*(1-CMC_K))),COMPLEX(0,B9*CMC_CPA)))) -> 0 | L9: =IMSUM(COMPLEX(0,B9*CMC_CLINE),IMDIV("1",IMPRODUCT("2",COMPLEX(CY_ESR,B9*CY_ESL-1/(B9*CY_C)))),COMPLEX(1/DUMMY_R,0)) -> 0 | M9: =IMSUM(D9,IMDIV("1",C9)) -> 0 | N9: =IMDIV("1",IMSUM(E9,IMDIV("1",M9))) -> 0 | O9: =IMSUM(F9,N9) -> 0 | P9: =IMDIV("1",IMSUM(G9,IMDIV("1",O9))) -> 0 | Q9: =IMSUM(H9,P9) -> 0 | R9: =IMDIV("1",IMSUM(I9,IMDIV("1",Q9))) -> 0 | S9: =IMSUM(J9,R9) -> 0 | T9: =IMDIV("1",IMSUM(K9,IMDIV("1",S9))) -> 0 | U9: =IMSUM(L9,T9) -> 0 | V9: =IMDIV(COMPLEX(I_DM_SOURCE,0),U9) -> 0 | W9: =IMPRODUCT(V9,T9) -> 0 | X9: =IMDIV(W9,S9) -> 0 | Y9: =IMPRODUCT(X9,R9) -> 0 | Z9: =IMDIV(Y9,Q9) -> 0 | AA9: =IMPRODUCT(Z9,P9) -> 0 | AB9: =AA9 -> 0 | AC9: =IMPRODUCT("-1",AB9) -> 0 | AD9: =IMDIV(IMSUB(AB9,AC9),"2") -> 0 | AE9: =IMABS(AB9) -> 0 | AF9: =IMABS(AC9) -> 0 | AG9: =IMABS(AD9) -> 0 | AH9: =20*LOG10(MAX(AE9,1E-300)*1E6) -> 0 | AI9: =20*LOG10(MAX(AF9,1E-300)*1E6) -> 0 | AJ9: =20*LOG10(MAX(AG9,1E-300)*1E6) -> 0 | AK9: =DEGREES(IMARGUMENT(AB9)) -> 0 | AL9: =DEGREES(IMARGUMENT(AC9)) -> 0 | AM9: =DEGREES(IMARGUMENT(AD9)) -> 0
A10: =10^(LOG10(F_START)+(ROW()-ROW($A$2))*(LOG10(F_STOP)-LOG10(F_START))/(N_POINTS-1)) -> 0 | B10: =2*PI()*A10 -> 0 | C10: =COMPLEX(2*LINE_PS_DCR,2*B10*LINE_PS_L) -> 0 | D10: =IMSUM(COMPLEX(0,B10*(LINE_PS_CLINE+LINE_PS_CCHA/2)),IMDIV("1",IMPRODUCT("2",COMPLEX(C_THROUGH_ESR,B10*C_THROUGH_ESL-1/(B10*C_THROUGH_C))))) -> 0 | E10: =COMPLEX(2*LINE_INPUT_DCR,2*B10*LINE_INPUT_L) -> 0 | F10: =COMPLEX(0,B10*(LINE_INPUT_CLINE+LINE_INPUT_CCHA/2)) -> 0 | G10: =IMPRODUCT("2",IMDIV("1",IMSUM(IMDIV("1",COMPLEX(LDM1_DCR,B10*LDM1_L)),COMPLEX(0,B10*LDM1_CPA)))) -> 0 | H10: =IMSUM(IMDIV("1",COMPLEX(CX1_ESR,B10*CX1_ESL-1/(B10*CX1_C))),IMDIV("1",IMSUM(COMPLEX(DUMP1_R,0),COMPLEX(DUMP1_ESR,B10*DUMP1_ESL-1/(B10*DUMP1_C))))) -> 0 | I10: =IMPRODUCT("2",IMDIV("1",IMSUM(IMDIV("1",COMPLEX(LDM2_DCR,B10*LDM2_L)),COMPLEX(0,B10*LDM2_CPA)))) -> 0 | J10: =IMSUM(IMDIV("1",COMPLEX(CX2_ESR,B10*CX2_ESL-1/(B10*CX2_C))),IMDIV("1",IMSUM(COMPLEX(DUMP2_R,0),COMPLEX(DUMP2_ESR,B10*DUMP2_ESL-1/(B10*DUMP2_C))))) -> 0 | K10: =IMPRODUCT("2",IMDIV("1",IMSUM(IMDIV("1",COMPLEX(CMC_DCR,B10*CMC_L*(1-CMC_K))),COMPLEX(0,B10*CMC_CPA)))) -> 0 | L10: =IMSUM(COMPLEX(0,B10*CMC_CLINE),IMDIV("1",IMPRODUCT("2",COMPLEX(CY_ESR,B10*CY_ESL-1/(B10*CY_C)))),COMPLEX(1/DUMMY_R,0)) -> 0 | M10: =IMSUM(D10,IMDIV("1",C10)) -> 0 | N10: =IMDIV("1",IMSUM(E10,IMDIV("1",M10))) -> 0 | O10: =IMSUM(F10,N10) -> 0 | P10: =IMDIV("1",IMSUM(G10,IMDIV("1",O10))) -> 0 | Q10: =IMSUM(H10,P10) -> 0 | R10: =IMDIV("1",IMSUM(I10,IMDIV("1",Q10))) -> 0 | S10: =IMSUM(J10,R10) -> 0 | T10: =IMDIV("1",IMSUM(K10,IMDIV("1",S10))) -> 0 | U10: =IMSUM(L10,T10) -> 0 | V10: =IMDIV(COMPLEX(I_DM_SOURCE,0),U10) -> 0 | W10: =IMPRODUCT(V10,T10) -> 0 | X10: =IMDIV(W10,S10) -> 0 | Y10: =IMPRODUCT(X10,R10) -> 0 | Z10: =IMDIV(Y10,Q10) -> 0 | AA10: =IMPRODUCT(Z10,P10) -> 0 | AB10: =AA10 -> 0 | AC10: =IMPRODUCT("-1",AB10) -> 0 | AD10: =IMDIV(IMSUB(AB10,AC10),"2") -> 0 | AE10: =IMABS(AB10) -> 0 | AF10: =IMABS(AC10) -> 0 | AG10: =IMABS(AD10) -> 0 | AH10: =20*LOG10(MAX(AE10,1E-300)*1E6) -> 0 | AI10: =20*LOG10(MAX(AF10,1E-300)*1E6) -> 0 | AJ10: =20*LOG10(MAX(AG10,1E-300)*1E6) -> 0 | AK10: =DEGREES(IMARGUMENT(AB10)) -> 0 | AL10: =DEGREES(IMARGUMENT(AC10)) -> 0 | AM10: =DEGREES(IMARGUMENT(AD10)) -> 0
A11: =10^(LOG10(F_START)+(ROW()-ROW($A$2))*(LOG10(F_STOP)-LOG10(F_START))/(N_POINTS-1)) -> 0 | B11: =2*PI()*A11 -> 0 | C11: =COMPLEX(2*LINE_PS_DCR,2*B11*LINE_PS_L) -> 0 | D11: =IMSUM(COMPLEX(0,B11*(LINE_PS_CLINE+LINE_PS_CCHA/2)),IMDIV("1",IMPRODUCT("2",COMPLEX(C_THROUGH_ESR,B11*C_THROUGH_ESL-1/(B11*C_THROUGH_C))))) -> 0 | E11: =COMPLEX(2*LINE_INPUT_DCR,2*B11*LINE_INPUT_L) -> 0 | F11: =COMPLEX(0,B11*(LINE_INPUT_CLINE+LINE_INPUT_CCHA/2)) -> 0 | G11: =IMPRODUCT("2",IMDIV("1",IMSUM(IMDIV("1",COMPLEX(LDM1_DCR,B11*LDM1_L)),COMPLEX(0,B11*LDM1_CPA)))) -> 0 | H11: =IMSUM(IMDIV("1",COMPLEX(CX1_ESR,B11*CX1_ESL-1/(B11*CX1_C))),IMDIV("1",IMSUM(COMPLEX(DUMP1_R,0),COMPLEX(DUMP1_ESR,B11*DUMP1_ESL-1/(B11*DUMP1_C))))) -> 0 | I11: =IMPRODUCT("2",IMDIV("1",IMSUM(IMDIV("1",COMPLEX(LDM2_DCR,B11*LDM2_L)),COMPLEX(0,B11*LDM2_CPA)))) -> 0 | J11: =IMSUM(IMDIV("1",COMPLEX(CX2_ESR,B11*CX2_ESL-1/(B11*CX2_C))),IMDIV("1",IMSUM(COMPLEX(DUMP2_R,0),COMPLEX(DUMP2_ESR,B11*DUMP2_ESL-1/(B11*DUMP2_C))))) -> 0 | K11: =IMPRODUCT("2",IMDIV("1",IMSUM(IMDIV("1",COMPLEX(CMC_DCR,B11*CMC_L*(1-CMC_K))),COMPLEX(0,B11*CMC_CPA)))) -> 0 | L11: =IMSUM(COMPLEX(0,B11*CMC_CLINE),IMDIV("1",IMPRODUCT("2",COMPLEX(CY_ESR,B11*CY_ESL-1/(B11*CY_C)))),COMPLEX(1/DUMMY_R,0)) -> 0 | M11: =IMSUM(D11,IMDIV("1",C11)) -> 0 | N11: =IMDIV("1",IMSUM(E11,IMDIV("1",M11))) -> 0 | O11: =IMSUM(F11,N11) -> 0 | P11: =IMDIV("1",IMSUM(G11,IMDIV("1",O11))) -> 0 | Q11: =IMSUM(H11,P11) -> 0 | R11: =IMDIV("1",IMSUM(I11,IMDIV("1",Q11))) -> 0 | S11: =IMSUM(J11,R11) -> 0 | T11: =IMDIV("1",IMSUM(K11,IMDIV("1",S11))) -> 0 | U11: =IMSUM(L11,T11) -> 0 | V11: =IMDIV(COMPLEX(I_DM_SOURCE,0),U11) -> 0 | W11: =IMPRODUCT(V11,T11) -> 0 | X11: =IMDIV(W11,S11) -> 0 | Y11: =IMPRODUCT(X11,R11) -> 0 | Z11: =IMDIV(Y11,Q11) -> 0 | AA11: =IMPRODUCT(Z11,P11) -> 0 | AB11: =AA11 -> 0 | AC11: =IMPRODUCT("-1",AB11) -> 0 | AD11: =IMDIV(IMSUB(AB11,AC11),"2") -> 0 | AE11: =IMABS(AB11) -> 0 | AF11: =IMABS(AC11) -> 0 | AG11: =IMABS(AD11) -> 0 | AH11: =20*LOG10(MAX(AE11,1E-300)*1E6) -> 0 | AI11: =20*LOG10(MAX(AF11,1E-300)*1E6) -> 0 | AJ11: =20*LOG10(MAX(AG11,1E-300)*1E6) -> 0 | AK11: =DEGREES(IMARGUMENT(AB11)) -> 0 | AL11: =DEGREES(IMARGUMENT(AC11)) -> 0 | AM11: =DEGREES(IMARGUMENT(AD11)) -> 0
A12: =10^(LOG10(F_START)+(ROW()-ROW($A$2))*(LOG10(F_STOP)-LOG10(F_START))/(N_POINTS-1)) -> 0 | B12: =2*PI()*A12 -> 0 | C12: =COMPLEX(2*LINE_PS_DCR,2*B12*LINE_PS_L) -> 0 | D12: =IMSUM(COMPLEX(0,B12*(LINE_PS_CLINE+LINE_PS_CCHA/2)),IMDIV("1",IMPRODUCT("2",COMPLEX(C_THROUGH_ESR,B12*C_THROUGH_ESL-1/(B12*C_THROUGH_C))))) -> 0 | E12: =COMPLEX(2*LINE_INPUT_DCR,2*B12*LINE_INPUT_L) -> 0 | F12: =COMPLEX(0,B12*(LINE_INPUT_CLINE+LINE_INPUT_CCHA/2)) -> 0 | G12: =IMPRODUCT("2",IMDIV("1",IMSUM(IMDIV("1",COMPLEX(LDM1_DCR,B12*LDM1_L)),COMPLEX(0,B12*LDM1_CPA)))) -> 0 | H12: =IMSUM(IMDIV("1",COMPLEX(CX1_ESR,B12*CX1_ESL-1/(B12*CX1_C))),IMDIV("1",IMSUM(COMPLEX(DUMP1_R,0),COMPLEX(DUMP1_ESR,B12*DUMP1_ESL-1/(B12*DUMP1_C))))) -> 0 | I12: =IMPRODUCT("2",IMDIV("1",IMSUM(IMDIV("1",COMPLEX(LDM2_DCR,B12*LDM2_L)),COMPLEX(0,B12*LDM2_CPA)))) -> 0 | J12: =IMSUM(IMDIV("1",COMPLEX(CX2_ESR,B12*CX2_ESL-1/(B12*CX2_C))),IMDIV("1",IMSUM(COMPLEX(DUMP2_R,0),COMPLEX(DUMP2_ESR,B12*DUMP2_ESL-1/(B12*DUMP2_C))))) -> 0 | K12: =IMPRODUCT("2",IMDIV("1",IMSUM(IMDIV("1",COMPLEX(CMC_DCR,B12*CMC_L*(1-CMC_K))),COMPLEX(0,B12*CMC_CPA)))) -> 0 | L12: =IMSUM(COMPLEX(0,B12*CMC_CLINE),IMDIV("1",IMPRODUCT("2",COMPLEX(CY_ESR,B12*CY_ESL-1/(B12*CY_C)))),COMPLEX(1/DUMMY_R,0)) -> 0 | M12: =IMSUM(D12,IMDIV("1",C12)) -> 0 | N12: =IMDIV("1",IMSUM(E12,IMDIV("1",M12))) -> 0 | O12: =IMSUM(F12,N12) -> 0 | P12: =IMDIV("1",IMSUM(G12,IMDIV("1",O12))) -> 0 | Q12: =IMSUM(H12,P12) -> 0 | R12: =IMDIV("1",IMSUM(I12,IMDIV("1",Q12))) -> 0 | S12: =IMSUM(J12,R12) -> 0 | T12: =IMDIV("1",IMSUM(K12,IMDIV("1",S12))) -> 0 | U12: =IMSUM(L12,T12) -> 0 | V12: =IMDIV(COMPLEX(I_DM_SOURCE,0),U12) -> 0 | W12: =IMPRODUCT(V12,T12) -> 0 | X12: =IMDIV(W12,S12) -> 0 | Y12: =IMPRODUCT(X12,R12) -> 0 | Z12: =IMDIV(Y12,Q12) -> 0 | AA12: =IMPRODUCT(Z12,P12) -> 0 | AB12: =AA12 -> 0 | AC12: =IMPRODUCT("-1",AB12) -> 0 | AD12: =IMDIV(IMSUB(AB12,AC12),"2") -> 0 | AE12: =IMABS(AB12) -> 0 | AF12: =IMABS(AC12) -> 0 | AG12: =IMABS(AD12) -> 0 | AH12: =20*LOG10(MAX(AE12,1E-300)*1E6) -> 0 | AI12: =20*LOG10(MAX(AF12,1E-300)*1E6) -> 0 | AJ12: =20*LOG10(MAX(AG12,1E-300)*1E6) -> 0 | AK12: =DEGREES(IMARGUMENT(AB12)) -> 0 | AL12: =DEGREES(IMARGUMENT(AC12)) -> 0 | AM12: =DEGREES(IMARGUMENT(AD12)) -> 0
A13: =10^(LOG10(F_START)+(ROW()-ROW($A$2))*(LOG10(F_STOP)-LOG10(F_START))/(N_POINTS-1)) -> 0 | B13: =2*PI()*A13 -> 0 | C13: =COMPLEX(2*LINE_PS_DCR,2*B13*LINE_PS_L) -> 0 | D13: =IMSUM(COMPLEX(0,B13*(LINE_PS_CLINE+LINE_PS_CCHA/2)),IMDIV("1",IMPRODUCT("2",COMPLEX(C_THROUGH_ESR,B13*C_THROUGH_ESL-1/(B13*C_THROUGH_C))))) -> 0 | E13: =COMPLEX(2*LINE_INPUT_DCR,2*B13*LINE_INPUT_L) -> 0 | F13: =COMPLEX(0,B13*(LINE_INPUT_CLINE+LINE_INPUT_CCHA/2)) -> 0 | G13: =IMPRODUCT("2",IMDIV("1",IMSUM(IMDIV("1",COMPLEX(LDM1_DCR,B13*LDM1_L)),COMPLEX(0,B13*LDM1_CPA)))) -> 0 | H13: =IMSUM(IMDIV("1",COMPLEX(CX1_ESR,B13*CX1_ESL-1/(B13*CX1_C))),IMDIV("1",IMSUM(COMPLEX(DUMP1_R,0),COMPLEX(DUMP1_ESR,B13*DUMP1_ESL-1/(B13*DUMP1_C))))) -> 0 | I13: =IMPRODUCT("2",IMDIV("1",IMSUM(IMDIV("1",COMPLEX(LDM2_DCR,B13*LDM2_L)),COMPLEX(0,B13*LDM2_CPA)))) -> 0 | J13: =IMSUM(IMDIV("1",COMPLEX(CX2_ESR,B13*CX2_ESL-1/(B13*CX2_C))),IMDIV("1",IMSUM(COMPLEX(DUMP2_R,0),COMPLEX(DUMP2_ESR,B13*DUMP2_ESL-1/(B13*DUMP2_C))))) -> 0 | K13: =IMPRODUCT("2",IMDIV("1",IMSUM(IMDIV("1",COMPLEX(CMC_DCR,B13*CMC_L*(1-CMC_K))),COMPLEX(0,B13*CMC_CPA)))) -> 0 | L13: =IMSUM(COMPLEX(0,B13*CMC_CLINE),IMDIV("1",IMPRODUCT("2",COMPLEX(CY_ESR,B13*CY_ESL-1/(B13*CY_C)))),COMPLEX(1/DUMMY_R,0)) -> 0 | M13: =IMSUM(D13,IMDIV("1",C13)) -> 0 | N13: =IMDIV("1",IMSUM(E13,IMDIV("1",M13))) -> 0 | O13: =IMSUM(F13,N13) -> 0 | P13: =IMDIV("1",IMSUM(G13,IMDIV("1",O13))) -> 0 | Q13: =IMSUM(H13,P13) -> 0 | R13: =IMDIV("1",IMSUM(I13,IMDIV("1",Q13))) -> 0 | S13: =IMSUM(J13,R13) -> 0 | T13: =IMDIV("1",IMSUM(K13,IMDIV("1",S13))) -> 0 | U13: =IMSUM(L13,T13) -> 0 | V13: =IMDIV(COMPLEX(I_DM_SOURCE,0),U13) -> 0 | W13: =IMPRODUCT(V13,T13) -> 0 | X13: =IMDIV(W13,S13) -> 0 | Y13: =IMPRODUCT(X13,R13) -> 0 | Z13: =IMDIV(Y13,Q13) -> 0 | AA13: =IMPRODUCT(Z13,P13) -> 0 | AB13: =AA13 -> 0 | AC13: =IMPRODUCT("-1",AB13) -> 0 | AD13: =IMDIV(IMSUB(AB13,AC13),"2") -> 0 | AE13: =IMABS(AB13) -> 0 | AF13: =IMABS(AC13) -> 0 | AG13: =IMABS(AD13) -> 0 | AH13: =20*LOG10(MAX(AE13,1E-300)*1E6) -> 0 | AI13: =20*LOG10(MAX(AF13,1E-300)*1E6) -> 0 | AJ13: =20*LOG10(MAX(AG13,1E-300)*1E6) -> 0 | AK13: =DEGREES(IMARGUMENT(AB13)) -> 0 | AL13: =DEGREES(IMARGUMENT(AC13)) -> 0 | AM13: =DEGREES(IMARGUMENT(AD13)) -> 0
... A1202: =10^(LOG10(F_START)+(ROW()-ROW($A$2))*(LOG10(F_STOP)-LOG10(F_START))/(N_POINTS-1)) -> 0 | B1202: =2*PI()*A1202 -> 0 | C1202: =COMPLEX(2*LINE_PS_DCR,2*B1202*LINE_PS_L) -> 0 | D1202: =IMSUM(COMPLEX(0,B1202*(LINE_PS_CLINE+LINE_PS_CCHA/2)),IMDIV("1",IMPRODUCT("2",COMPLEX(C_THROUGH_ESR,B1202*C_THROUGH_ESL-1/(B1202*C_THROUGH_C))))) -> 0 | E1202: =COMPLEX(2*LINE_INPUT_DCR,2*B1202*LINE_INPUT_L) -> 0 | F1202: =COMPLEX(0,B1202*(LINE_INPUT_CLINE+LINE_INPUT_CCHA/2)) -> 0 | G1202: =IMPRODUCT("2",IMDIV("1",IMSUM(IMDIV("1",COMPLEX(LDM1_DCR,B1202*LDM1_L)),COMPLEX(0,B1202*LDM1_CPA)))) -> 0 | H1202: =IMSUM(IMDIV("1",COMPLEX(CX1_ESR,B1202*CX1_ESL-1/(B1202*CX1_C))),IMDIV("1",IMSUM(COMPLEX(DUMP1_R,0),COMPLEX(DUMP1_ESR,B1202*DUMP1_ESL-1/(B1202*DUMP1_C))))) -> 0 | I1202: =IMPRODUCT("2",IMDIV("1",IMSUM(IMDIV("1",COMPLEX(LDM2_DCR,B1202*LDM2_L)),COMPLEX(0,B1202*LDM2_CPA)))) -> 0 | J1202: =IMSUM(IMDIV("1",COMPLEX(CX2_ESR,B1202*CX2_ESL-1/(B1202*CX2_C))),IMDIV("1",IMSUM(COMPLEX(DUMP2_R,0),COMPLEX(DUMP2_ESR,B1202*DUMP2_ESL-1/(B1202*DUMP2_C))))) -> 0 | K1202: =IMPRODUCT("2",IMDIV("1",IMSUM(IMDIV("1",COMPLEX(CMC_DCR,B1202*CMC_L*(1-CMC_K))),COMPLEX(0,B1202*CMC_CPA)))) -> 0 | L1202: =IMSUM(COMPLEX(0,B1202*CMC_CLINE),IMDIV("1",IMPRODUCT("2",COMPLEX(CY_ESR,B1202*CY_ESL-1/(B1202*CY_C)))),COMPLEX(1/DUMMY_R,0)) -> 0 | M1202: =IMSUM(D1202,IMDIV("1",C1202)) -> 0 | N1202: =IMDIV("1",IMSUM(E1202,IMDIV("1",M1202))) -> 0 | O1202: =IMSUM(F1202,N1202) -> 0 | P1202: =IMDIV("1",IMSUM(G1202,IMDIV("1",O1202))) -> 0 | Q1202: =IMSUM(H1202,P1202) -> 0 | R1202: =IMDIV("1",IMSUM(I1202,IMDIV("1",Q1202))) -> 0 | S1202: =IMSUM(J1202,R1202) -> 0 | T1202: =IMDIV("1",IMSUM(K1202,IMDIV("1",S1202))) -> 0 | U1202: =IMSUM(L1202,T1202) -> 0 | V1202: =IMDIV(COMPLEX(I_DM_SOURCE,0),U1202) -> 0 | W1202: =IMPRODUCT(V1202,T1202) -> 0 | X1202: =IMDIV(W1202,S1202) -> 0 | Y1202: =IMPRODUCT(X1202,R1202) -> 0 | Z1202: =IMDIV(Y1202,Q1202) -> 0 | AA1202: =IMPRODUCT(Z1202,P1202) -> 0 | AB1202: =AA1202 -> 0 | AC1202: =IMPRODUCT("-1",AB1202) -> 0 | AD1202: =IMDIV(IMSUB(AB1202,AC1202),"2") -> 0 | AE1202: =IMABS(AB1202) -> 0 | AF1202: =IMABS(AC1202) -> 0 | AG1202: =IMABS(AD1202) -> 0 | AH1202: =20*LOG10(MAX(AE1202,1E-300)*1E6) -> 0 | AI1202: =20*LOG10(MAX(AF1202,1E-300)*1E6) -> 0 | AJ1202: =20*LOG10(MAX(AG1202,1E-300)*1E6) -> 0 | AK1202: =DEGREES(IMARGUMENT(AB1202)) -> 0 | AL1202: =DEGREES(IMARGUMENT(AC1202)) -> 0 | AM1202: =DEGREES(IMARGUMENT(AD1202)) -> 0

Sheet Results
A1: Normal-mode current source result
A3: Definition | B3: I_NM = (I_HOT - I_RTN) / 2
A5: f_Hz | B5: I_HOT_dBuA | C5: I_RTN_dBuA | D5: I_NM_dBuA | E5: I_HOT_abs_A | F5: I_RTN_abs_A | G5: I_NM_abs_A
A6: =Calc_Formulas!A2 -> 0 | B6: =Calc_Formulas!AH2 -> 0 | C6: =Calc_Formulas!AI2 -> 0 | D6: =Calc_Formulas!AJ2 -> 0 | E6: =Calc_Formulas!AE2 -> 0 | F6: =Calc_Formulas!AF2 -> 0 | G6: =Calc_Formulas!AG2 -> 0
A7: =Calc_Formulas!A3 -> 0 | B7: =Calc_Formulas!AH3 -> 0 | C7: =Calc_Formulas!AI3 -> 0 | D7: =Calc_Formulas!AJ3 -> 0 | E7: =Calc_Formulas!AE3 -> 0 | F7: =Calc_Formulas!AF3 -> 0 | G7: =Calc_Formulas!AG3 -> 0
A8: =Calc_Formulas!A4 -> 0 | B8: =Calc_Formulas!AH4 -> 0 | C8: =Calc_Formulas!AI4 -> 0 | D8: =Calc_Formulas!AJ4 -> 0 | E8: =Calc_Formulas!AE4 -> 0 | F8: =Calc_Formulas!AF4 -> 0 | G8: =Calc_Formulas!AG4 -> 0
A9: =Calc_Formulas!A5 -> 0 | B9: =Calc_Formulas!AH5 -> 0 | C9: =Calc_Formulas!AI5 -> 0 | D9: =Calc_Formulas!AJ5 -> 0 | E9: =Calc_Formulas!AE5 -> 0 | F9: =Calc_Formulas!AF5 -> 0 | G9: =Calc_Formulas!AG5 -> 0
A10: =Calc_Formulas!A6 -> 0 | B10: =Calc_Formulas!AH6 -> 0 | C10: =Calc_Formulas!AI6 -> 0 | D10: =Calc_Formulas!AJ6 -> 0 | E10: =Calc_Formulas!AE6 -> 0 | F10: =Calc_Formulas!AF6 -> 0 | G10: =Calc_Formulas!AG6 -> 0
A11: =Calc_Formulas!A7 -> 0 | B11: =Calc_Formulas!AH7 -> 0 | C11: =Calc_Formulas!AI7 -> 0 | D11: =Calc_Formulas!AJ7 -> 0 | E11: =Calc_Formulas!AE7 -> 0 | F11: =Calc_Formulas!AF7 -> 0 | G11: =Calc_Formulas!AG7 -> 0
A12: =Calc_Formulas!A8 -> 0 | B12: =Calc_Formulas!AH8 -> 0 | C12: =Calc_Formulas!AI8 -> 0 | D12: =Calc_Formulas!AJ8 -> 0 | E12: =Calc_Formulas!AE8 -> 0 | F12: =Calc_Formulas!AF8 -> 0 | G12: =Calc_Formulas!AG8 -> 0
A13: =Calc_Formulas!A9 -> 0 | B13: =Calc_Formulas!AH9 -> 0 | C13: =Calc_Formulas!AI9 -> 0 | D13: =Calc_Formulas!AJ9 -> 0 | E13: =Calc_Formulas!AE9 -> 0 | F13: =Calc_Formulas!AF9 -> 0 | G13: =Calc_Formulas!AG9 -> 0
A14: =Calc_Formulas!A10 -> 0 | B14: =Calc_Formulas!AH10 -> 0 | C14: =Calc_Formulas!AI10 -> 0 | D14: =Calc_Formulas!AJ10 -> 0 | E14: =Calc_Formulas!AE10 -> 0 | F14: =Calc_Formulas!AF10 -> 0 | G14: =Calc_Formulas!AG10 -> 0
A15: =Calc_Formulas!A11 -> 0 | B15: =Calc_Formulas!AH11 -> 0 | C15: =Calc_Formulas!AI11 -> 0 | D15: =Calc_Formulas!AJ11 -> 0 | E15: =Calc_Formulas!AE11 -> 0 | F15: =Calc_Formulas!AF11 -> 0 | G15: =Calc_Formulas!AG11 -> 0
A16: =Calc_Formulas!A12 -> 0 | B16: =Calc_Formulas!AH12 -> 0 | C16: =Calc_Formulas!AI12 -> 0 | D16: =Calc_Formulas!AJ12 -> 0 | E16: =Calc_Formulas!AE12 -> 0 | F16: =Calc_Formulas!AF12 -> 0 | G16: =Calc_Formulas!AG12 -> 0
A17: =Calc_Formulas!A13 -> 0 | B17: =Calc_Formulas!AH13 -> 0 | C17: =Calc_Formulas!AI13 -> 0 | D17: =Calc_Formulas!AJ13 -> 0 | E17: =Calc_Formulas!AE13 -> 0 | F17: =Calc_Formulas!AF13 -> 0 | G17: =Calc_Formulas!AG13 -> 0
... A1206: =Calc_Formulas!A1202 -> 0 | B1206: =Calc_Formulas!AH1202 -> 0 | C1206: =Calc_Formulas!AI1202 -> 0 | D1206: =Calc_Formulas!AJ1202 -> 0 | E1206: =Calc_Formulas!AE1202 -> 0 | F1206: =Calc_Formulas!AF1202 -> 0 | G1206: =Calc_Formulas!AG1202 -> 0

Sheet Python_Reference
A1: f_Hz | B1: I_HOT_abs_A | C1: I_RTN_abs_A | D1: I_NM_abs_A | E1: I_HOT_dBuA | F1: I_RTN_dBuA | G1: I_NM_dBuA
A2: 100 | B2: 0.98774805 | C2: 0.98774805 | D2: 0.98774805 | E2: 119.89292 | F2: 119.89292 | G2: 119.89292
A3: 101.15795 | B3: 0.98775073 | C3: 0.98775073 | D3: 0.98775073 | E3: 119.89295 | F3: 119.89295 | G3: 119.89295
A4: 102.3293 | B4: 0.98775347 | C4: 0.98775347 | D4: 0.98775347 | E4: 119.89297 | F4: 119.89297 | G4: 119.89297
A5: 103.51422 | B5: 0.98775627 | C5: 0.98775627 | D5: 0.98775627 | E5: 119.893 | F5: 119.893 | G5: 119.893
A6: 104.71285 | B6: 0.98775914 | C6: 0.98775914 | D6: 0.98775914 | E6: 119.89302 | F6: 119.89302 | G6: 119.89302
A7: 105.92537 | B7: 0.98776207 | C7: 0.98776207 | D7: 0.98776207 | E7: 119.89305 | F7: 119.89305 | G7: 119.89305
A8: 107.15193 | B8: 0.98776508 | C8: 0.98776508 | D8: 0.98776508 | E8: 119.89307 | F8: 119.89307 | G8: 119.89307
A9: 108.39269 | B9: 0.98776815 | C9: 0.98776815 | D9: 0.98776815 | E9: 119.8931 | F9: 119.8931 | G9: 119.8931
A10: 109.64782 | B10: 0.9877713 | C10: 0.9877713 | D10: 0.9877713 | E10: 119.89313 | F10: 119.89313 | G10: 119.89313
A11: 110.91748 | B11: 0.98777452 | C11: 0.98777452 | D11: 0.98777452 | E11: 119.89316 | F11: 119.89316 | G11: 119.89316
A12: 112.20185 | B12: 0.98777781 | C12: 0.98777781 | D12: 0.98777781 | E12: 119.89319 | F12: 119.89319 | G12: 119.89319
A13: 113.50108 | B13: 0.98778118 | C13: 0.98778118 | D13: 0.98778118 | E13: 119.89321 | F13: 119.89321 | G13: 119.89321
... A1202: 100000000 | B1202: 9.5423537e-07 | C1202: 9.5423537e-07 | D1202: 9.5423537e-07 | E1202: -0.4068898 | F1202: -0.4068898 | G1202: -0.4068898

Sheet LTspice_Compare
A1: LTspice vs Python comparison
A3: Max abs error [dB] | B3: 2.7910119e-11
A4: RMS error [dB] | B4: 2.3055697e-12
A5: Max error frequency [Hz] | B5: 41209752
A7: f_Hz | B7: LT_I_HOT_abs_A | C7: LT_I_RTN_abs_A | D7: LT_I_NM_abs_A | E7: PY_I_NM_abs_A | F7: LT_I_NM_dBuA | G7: PY_I_NM_dBuA | H7: Error dB
A8: 100 | B8: 0.98774805 | C8: 0.98774805 | D8: 0.98774805 | E8: 0.98774805 | F8: 119.89292 | G8: 119.89292 | H8: 0
A9: 398.10717 | B9: 0.98945676 | C9: 0.98945676 | D9: 0.98945676 | E9: 0.98945676 | F9: 119.90794 | G9: 119.90794 | H9: -1.4210855e-13
A10: 1000 | B10: 0.99921446 | C10: 0.99921446 | D10: 0.99921446 | E10: 0.99921446 | F10: 119.99317 | G10: 119.99317 | H10: 2.4158453e-13
A11: 10000 | B11: 1.6750002 | C11: 1.6750002 | D11: 1.6750002 | E11: 1.6750002 | F11: 124.4803 | G11: 124.4803 | H11: 4.9595883e-12
A12: 100000 | B12: 0.0032873975 | C12: 0.0032873975 | D12: 0.0032873975 | E12: 0.0032873975 | F12: 70.337044 | G12: 70.337044 | H12: -1.2789769e-13
A13: 1000000 | B13: 1.3842789e-07 | C13: 1.3842789e-07 | D13: 1.3842789e-07 | E13: 1.3842789e-07 | F13: -17.175528 | G13: -17.175528 | H13: 2.2737368e-13
A14: 10000000 | B14: 3.6522416e-11 | C14: 3.6522416e-11 | D14: 3.6522416e-11 | E14: 3.6522416e-11 | F14: -88.74881 | G14: -88.74881 | H14: -1.4779289e-12
A15: 100000000 | B15: 9.5423537e-07 | C15: 9.5423537e-07 | D15: 9.5423537e-07 | E15: 9.5423537e-07 | F15: -0.4068898 | G15: -0.4068898 | H15: -1.9506619e-13
A18: f_Hz | B18: LT_I_NM_dBuA | C18: PY_I_NM_dBuA | D18: Error_dB
A19: 100 | B19: 119.89292 | C19: 119.89292 | D19: 0
A20: 101.15795 | B20: 119.89295 | C20: 119.89295 | D20: -7.1054274e-14
A21: 102.3293 | B21: 119.89297 | C21: 119.89297 | D21: -7.1054274e-14
A22: 103.51422 | B22: 119.893 | C22: 119.893 | D22: -9.9475983e-14
A23: 104.71285 | B23: 119.89302 | C23: 119.89302 | D23: 7.1054274e-14
A24: 105.92537 | B24: 119.89305 | C24: 119.89305 | D24: -1.563194e-13
A25: 107.15193 | B25: 119.89307 | C25: 119.89307 | D25: 9.9475983e-14
A26: 108.39269 | B26: 119.8931 | C26: 119.8931 | D26: 0
A27: 109.64782 | B27: 119.89313 | C27: 119.89313 | D27: -5.6843419e-14
A28: 110.91748 | B28: 119.89316 | C28: 119.89316 | D28: -1.1368684e-13
A29: 112.20185 | B29: 119.89319 | C29: 119.89319 | D29: 4.2632564e-14
A30: 113.50108 | B30: 119.89321 | C30: 119.89321 | D30: 1.4210855e-14
... A1219: 100000000 | B1219: -0.4068898 | C1219: -0.4068898 | D1219: -1.9506619e-13
