Workbook

Sheet 概要
A1: コモンモードチョーク 巻線容量 見積もり計算
A3: 項目 | B3: 値 | D3: 判定メモ
A4: コア型番 | B4: =入力・計算!B4 -> E04RM251512 | D4: DE-5000で100 kHz時に表示された1775 pFは、1.47 mHと組み合わせるとSRF約98.5 kHzとなるため、 実寄生容量ではなく見かけ値の可能性が高いです。
A5: 巻線配置 | B5: HOT半周15ターン / RTN半周15ターン | D5: 本シートの概算では、単層・均等巻き・φ0.6エナメル線のHOT片側巻線自己容量は、巻線間のみで数pF〜十数pF、 リード/端部を含めて10〜30 pF程度を初期値にする前提です。
A6: 導体径 | B6: =入力・計算!B10&" mm" -> 0.6 mm | D6: 線間容量9 pFは、HOT巻線とRTN巻線の端部・引き回し・測定治具を含む値としては妥当な範囲と見ています。
A7: エナメル込み外径 | B7: =TEXT(入力・計算!B24,"0.000")&" mm" -> 0.650 mm
A8: 隣接ターン中心ピッチ | B8: =TEXT(入力・計算!B23,"0.000")&" mm" -> 2.244 mm | D8: 使い方
A9: 巻線間のみの等価自己容量 | B9: =TEXT(入力・計算!B28,"0.00")&" pF" -> 7.60 pF | D9: 黄色セルを実機条件に合わせて変更してください。ペア別容量シートとSRF感度シートは自動更新されます。
A10: リード・端部込み推奨値 | B10: =TEXT(入力・計算!B29,"0.00")&" pF" -> 17.60 pF
A11: 推奨LTspice感度確認 | B11: 10 pF / 22 pF / 47 pF

Sheet 入力・計算
A1: 入力条件と見積もり計算
A3: 入力項目 | B3: 値 | C3: 単位 | D3: 説明 | E3: 編集
A4: コア型番 | B4: E04RM251512 | C4: - | D4: 星和電機 RMタイプ。寸法は出典シート参照。 | E4: 固定/任意
A5: コア外径 A | B5: 25 | C5: mm | D5: 外径 | E5: 入力
A6: コア内径 B | B6: 15 | C6: mm | D6: 内径 | E6: 入力
A7: コア厚さ C | B7: 12 | C7: mm | D7: 高さ/厚さ | E7: 入力
A8: 片側巻数 N | B8: 15 | C8: turn | D8: HOT側またはRTN側の巻数 | E8: 入力
A9: 片側が占める周方向割合 | B9: 0.5 | C9: - | D9: 半周巻きなら0.5 | E9: 入力
A10: 導体径 | B10: 0.6 | C10: mm | D10: 銅線の導体径 | E10: 入力
A11: エナメル片側厚さ | B11: 0.025 | C11: mm | D11: 不明時の初期値。外径=D+2t | E11: 入力
A12: 実効比誘電率 εr_eff | B12: 1.5 | C12: - | D12: 空気主体なら1.2〜2.0程度を感度確認 | E12: 入力
A13: 低周波測定インダクタンス | B13: 1.47 | C13: mH | D13: HOT単独/RTN単独のL値 | E13: 入力
A14: 測定周波数 | B14: 100 | C14: kHz | D14: DE-5000測定周波数 | E14: 入力
A15: HOT-RTN線間容量 実測 | B15: 9 | C15: pF | D15: 巻線間または端子間の測定値 | E15: 入力
A16: 巻線両端容量 表示値 | B16: 1775 | C16: pF | D16: 100 kHzでの見かけ容量。SRF近傍の可能性あり。 | E16: 入力
A17: リード・端部追加容量 | B17: 10 | C17: pF | D17: 巻き始め/終わり、治具、端部近接の見込み | E17: 入力
A18: LTspice推奨感度値 | B18: 10 / 22 / 47 | C18: pF | D18: 巻線両端に入れる容量の感度確認例 | E18: 参考
A20: 計算項目 | B20: 値 | C20: 単位 | D20: 式/説明
A21: 平均半径 Rmean | B21: =($B$5+$B$6)/4 -> 10 | C21: mm | D21: (外径+内径)/4
A22: 片側巻線の周方向長さ | B22: =2*PI()*B21*$B$9 -> 31.415927 | C22: mm | D22: 2πRmean×半周割合
A23: ターン中心ピッチ | B23: =B22/($B$8-1) -> 2.2439948 | C23: mm | D23: 15ターンなら隣接中心間は14区間
A24: エナメル込み線外径 | B24: =$B$10+2*$B$11 -> 0.65 | C24: mm | D24: 導体径+2×エナメル厚さ
A25: 隣接ターン表面間隔 | B25: =B23-B24 -> 1.5939948 | C25: mm | D25: 中心ピッチ−線外径
A26: 1ターンの並行近似長さ | B26: =2*(($B$5-$B$6)/2+$B$7) -> 34 | C26: mm | D26: コア断面周りの近似長さ 2×(径方向厚み+コア厚さ)
A27: 真空誘電率 ε0 | B27: 8.8541878e-12 | C27: F/m | D27: 定数
A28: 巻線間のみの等価自己容量 | B28: =SUM(ペア別容量!G4:G32) -> 7.597581 | C28: pF | D28: 全ターンペアのエネルギー和から端子間Ceq換算
A29: リード・端部込み自己容量 | B29: =B28+$B$17 -> 17.597581 | C29: pF | D29: LTspice初期値候補
A30: 1775 pF表示値からのSRF | B30: =1/(2*PI()*SQRT(($B$13/1000)*($B$16*0.000000000001)))/1000 -> 98.528594 | C30: kHz | D30: L=1.47mH、C=1775pFの場合
A31: 推奨値でのSRF | B31: =1/(2*PI()*SQRT(($B$13/1000)*(B29*0.000000000001)))/1000 -> 989.5437 | C31: kHz | D31: リード込み自己容量でのSRF
A32: 100 kHzでのXL | B32: =2*PI()*($B$14*1000)*($B$13/1000) -> 923.62824 | C32: Ω | D32: 2πfL

Sheet ペア別容量
A1: ターン間ペア別 容量見積もり
A3: 離隔ターン数 m | B3: 中心間距離 Dm | C3: 線外径 d | D3: 1ペア容量 Cm | E3: ペア数 | F3: 電圧比 m/(N-1) | G3: 端子間寄与 | H3: 備考
A4: 1 | B4: =IF(A4<入力・計算!$B$8,A4*入力・計算!$B$23,"") -> 2.2439948 | C4: =IF(A4<入力・計算!$B$8,入力・計算!$B$24,"") -> 0.65 | D4: =IF(A4<入力・計算!$B$8,PI()*入力・計算!$B$27*入力・計算!$B$12*(入力・計算!$B$26/1000)/ACOSH(B4/C4)*1000000000000,"") -> 0.74253577 | E4: =IF(A4<入力・計算!$B$8,入力・計算!$B$8-A4,"") -> 14 | F4: =IF(A4<入力・計算!$B$8,A4/(入力・計算!$B$8-1),"") -> 0.071428571 | G4: =IF(A4<入力・計算!$B$8,D4*E4*F4^2,"") -> 0.053038269
A5: 2 | B5: =IF(A5<入力・計算!$B$8,A5*入力・計算!$B$23,"") -> 4.4879895 | C5: =IF(A5<入力・計算!$B$8,入力・計算!$B$24,"") -> 0.65 | D5: =IF(A5<入力・計算!$B$8,PI()*入力・計算!$B$27*入力・計算!$B$12*(入力・計算!$B$26/1000)/ACOSH(B5/C5)*1000000000000,"") -> 0.54145122 | E5: =IF(A5<入力・計算!$B$8,入力・計算!$B$8-A5,"") -> 13 | F5: =IF(A5<入力・計算!$B$8,A5/(入力・計算!$B$8-1),"") -> 0.14285714 | G5: =IF(A5<入力・計算!$B$8,D5*E5*F5^2,"") -> 0.14365032
A6: 3 | B6: =IF(A6<入力・計算!$B$8,A6*入力・計算!$B$23,"") -> 6.7319843 | C6: =IF(A6<入力・計算!$B$8,入力・計算!$B$24,"") -> 0.65 | D6: =IF(A6<入力・計算!$B$8,PI()*入力・計算!$B$27*入力・計算!$B$12*(入力・計算!$B$26/1000)/ACOSH(B6/C6)*1000000000000,"") -> 0.46843223 | E6: =IF(A6<入力・計算!$B$8,入力・計算!$B$8-A6,"") -> 12 | F6: =IF(A6<入力・計算!$B$8,A6/(入力・計算!$B$8-1),"") -> 0.21428571 | G6: =IF(A6<入力・計算!$B$8,D6*E6*F6^2,"") -> 0.25811572
A7: 4 | B7: =IF(A7<入力・計算!$B$8,A7*入力・計算!$B$23,"") -> 8.975979 | C7: =IF(A7<入力・計算!$B$8,入力・計算!$B$24,"") -> 0.65 | D7: =IF(A7<入力・計算!$B$8,PI()*入力・計算!$B$27*入力・計算!$B$12*(入力・計算!$B$26/1000)/ACOSH(B7/C7)*1000000000000,"") -> 0.42766257 | E7: =IF(A7<入力・計算!$B$8,入力・計算!$B$8-A7,"") -> 11 | F7: =IF(A7<入力・計算!$B$8,A7/(入力・計算!$B$8-1),"") -> 0.28571429 | G7: =IF(A7<入力・計算!$B$8,D7*E7*F7^2,"") -> 0.38402353
A8: 5 | B8: =IF(A8<入力・計算!$B$8,A8*入力・計算!$B$23,"") -> 11.219974 | C8: =IF(A8<入力・計算!$B$8,入力・計算!$B$24,"") -> 0.65 | D8: =IF(A8<入力・計算!$B$8,PI()*入力・計算!$B$27*入力・計算!$B$12*(入力・計算!$B$26/1000)/ACOSH(B8/C8)*1000000000000,"") -> 0.4006537 | E8: =IF(A8<入力・計算!$B$8,入力・計算!$B$8-A8,"") -> 10 | F8: =IF(A8<入力・計算!$B$8,A8/(入力・計算!$B$8-1),"") -> 0.35714286 | G8: =IF(A8<入力・計算!$B$8,D8*E8*F8^2,"") -> 0.51103788
A9: 6 | B9: =IF(A9<入力・計算!$B$8,A9*入力・計算!$B$23,"") -> 13.463969 | C9: =IF(A9<入力・計算!$B$8,入力・計算!$B$24,"") -> 0.65 | D9: =IF(A9<入力・計算!$B$8,PI()*入力・計算!$B$27*入力・計算!$B$12*(入力・計算!$B$26/1000)/ACOSH(B9/C9)*1000000000000,"") -> 0.38100728 | E9: =IF(A9<入力・計算!$B$8,入力・計算!$B$8-A9,"") -> 9 | F9: =IF(A9<入力・計算!$B$8,A9/(入力・計算!$B$8-1),"") -> 0.42857143 | G9: =IF(A9<入力・計算!$B$8,D9*E9*F9^2,"") -> 0.62982837
A10: 7 | B10: =IF(A10<入力・計算!$B$8,A10*入力・計算!$B$23,"") -> 15.707963 | C10: =IF(A10<入力・計算!$B$8,入力・計算!$B$24,"") -> 0.65 | D10: =IF(A10<入力・計算!$B$8,PI()*入力・計算!$B$27*入力・計算!$B$12*(入力・計算!$B$26/1000)/ACOSH(B10/C10)*1000000000000,"") -> 0.36584572 | E10: =IF(A10<入力・計算!$B$8,入力・計算!$B$8-A10,"") -> 8 | F10: =IF(A10<入力・計算!$B$8,A10/(入力・計算!$B$8-1),"") -> 0.5 | G10: =IF(A10<入力・計算!$B$8,D10*E10*F10^2,"") -> 0.73169145
A11: 8 | B11: =IF(A11<入力・計算!$B$8,A11*入力・計算!$B$23,"") -> 17.951958 | C11: =IF(A11<入力・計算!$B$8,入力・計算!$B$24,"") -> 0.65 | D11: =IF(A11<入力・計算!$B$8,PI()*入力・計算!$B$27*入力・計算!$B$12*(入力・計算!$B$26/1000)/ACOSH(B11/C11)*1000000000000,"") -> 0.353658 | E11: =IF(A11<入力・計算!$B$8,入力・計算!$B$8-A11,"") -> 7 | F11: =IF(A11<入力・計算!$B$8,A11/(入力・計算!$B$8-1),"") -> 0.57142857 | G11: =IF(A11<入力・計算!$B$8,D11*E11*F11^2,"") -> 0.80836114
A12: 9 | B12: =IF(A12<入力・計算!$B$8,A12*入力・計算!$B$23,"") -> 20.195953 | C12: =IF(A12<入力・計算!$B$8,入力・計算!$B$24,"") -> 0.65 | D12: =IF(A12<入力・計算!$B$8,PI()*入力・計算!$B$27*入力・計算!$B$12*(入力・計算!$B$26/1000)/ACOSH(B12/C12)*1000000000000,"") -> 0.3435641 | E12: =IF(A12<入力・計算!$B$8,入力・計算!$B$8-A12,"") -> 6 | F12: =IF(A12<入力・計算!$B$8,A12/(入力・計算!$B$8-1),"") -> 0.64285714 | G12: =IF(A12<入力・計算!$B$8,D12*E12*F12^2,"") -> 0.85189874
A13: 10 | B13: =IF(A13<入力・計算!$B$8,A13*入力・計算!$B$23,"") -> 22.439948 | C13: =IF(A13<入力・計算!$B$8,入力・計算!$B$24,"") -> 0.65 | D13: =IF(A13<入力・計算!$B$8,PI()*入力・計算!$B$27*入力・計算!$B$12*(入力・計算!$B$26/1000)/ACOSH(B13/C13)*1000000000000,"") -> 0.33501186 | E13: =IF(A13<入力・計算!$B$8,入力・計算!$B$8-A13,"") -> 5 | F13: =IF(A13<入力・計算!$B$8,A13/(入力・計算!$B$8-1),"") -> 0.71428571 | G13: =IF(A13<入力・計算!$B$8,D13*E13*F13^2,"") -> 0.85462209
A14: 11 | B14: =IF(A14<入力・計算!$B$8,A14*入力・計算!$B$23,"") -> 24.683942 | C14: =IF(A14<入力・計算!$B$8,入力・計算!$B$24,"") -> 0.65 | D14: =IF(A14<入力・計算!$B$8,PI()*入力・計算!$B$27*入力・計算!$B$12*(入力・計算!$B$26/1000)/ACOSH(B14/C14)*1000000000000,"") -> 0.32763474 | E14: =IF(A14<入力・計算!$B$8,入力・計算!$B$8-A14,"") -> 4 | F14: =IF(A14<入力・計算!$B$8,A14/(入力・計算!$B$8-1),"") -> 0.78571429 | G14: =IF(A14<入力・計算!$B$8,D14*E14*F14^2,"") -> 0.80905722
A15: 12 | B15: =IF(A15<入力・計算!$B$8,A15*入力・計算!$B$23,"") -> 26.927937 | C15: =IF(A15<入力・計算!$B$8,入力・計算!$B$24,"") -> 0.65 | D15: =IF(A15<入力・計算!$B$8,PI()*入力・計算!$B$27*入力・計算!$B$12*(入力・計算!$B$26/1000)/ACOSH(B15/C15)*1000000000000,"") -> 0.32117847 | E15: =IF(A15<入力・計算!$B$8,入力・計算!$B$8-A15,"") -> 3 | F15: =IF(A15<入力・計算!$B$8,A15/(入力・計算!$B$8-1),"") -> 0.85714286 | G15: =IF(A15<入力・計算!$B$8,D15*E15*F15^2,"") -> 0.70790356
... A32: 29 | B32: =IF(A32<入力・計算!$B$8,A32*入力・計算!$B$23,"") | C32: =IF(A32<入力・計算!$B$8,入力・計算!$B$24,"") | D32: =IF(A32<入力・計算!$B$8,PI()*入力・計算!$B$27*入力・計算!$B$12*(入力・計算!$B$26/1000)/ACOSH(B32/C32)*1000000000000,"") | E32: =IF(A32<入力・計算!$B$8,入力・計算!$B$8-A32,"") | F32: =IF(A32<入力・計算!$B$8,A32/(入力・計算!$B$8-1),"") | G32: =IF(A32<入力・計算!$B$8,D32*E32*F32^2,"")
A34: 合計 | F34: 巻線間のみCeq | G34: =SUM(G4:G32) -> 7.597581
A35: 注記 | G35: 電圧分布を線形と仮定し、各ターン間容量の蓄積エネルギーを端子間容量へ換算しています。
A36: 式 | G36: Ceq = Σ[(N-m) Cm {m/(N-1)}^2]
A37: 注意 | G37: コア・リード・端子台・測定治具による容量は、入力シートの追加容量で別途加算します。

Sheet SRF感度
A1: 自己共振周波数・100 kHzリアクタンス感度
A3: ケース | B3: 容量 C | C3: L | D3: SRF | E3: 100 kHzでのXc | F3: 判定
A4: 巻線間のみCeq | B4: =入力・計算!B28 -> 7.597581 | C4: =入力・計算!B13 -> 1.47 | D4: =1/(2*PI()*SQRT((C4/1000)*(B4*0.000000000001)))/1000 -> 1505.9959 | E4: =1/(2*PI()*(入力・計算!$B$14*1000)*(B4*0.000000000001)) -> 209481.07 | F4: 巻線間のみ
A5: リード込み推奨値 | B5: =入力・計算!B29 -> 17.597581 | C5: =入力・計算!B13 -> 1.47 | D5: =1/(2*PI()*SQRT((C5/1000)*(B5*0.000000000001)))/1000 -> 989.5437 | E5: =1/(2*PI()*(入力・計算!$B$14*1000)*(B5*0.000000000001)) -> 90441.375 | F5: 初期LTspice値
A6: 10 pF | B6: 10 | C6: =入力・計算!B13 -> 1.47 | D6: =1/(2*PI()*SQRT((C6/1000)*(B6*0.000000000001)))/1000 -> 1312.6878 | E6: =1/(2*PI()*(入力・計算!$B$14*1000)*(B6*0.000000000001)) -> 159154.94 | F6: 感度確認
A7: 22 pF | B7: 22 | C7: =入力・計算!B13 -> 1.47 | D7: =1/(2*PI()*SQRT((C7/1000)*(B7*0.000000000001)))/1000 -> 885.01397 | E7: =1/(2*PI()*(入力・計算!$B$14*1000)*(B7*0.000000000001)) -> 72343.156 | F7: 感度確認
A8: 47 pF | B8: 47 | C8: =入力・計算!B13 -> 1.47 | D8: =1/(2*PI()*SQRT((C8/1000)*(B8*0.000000000001)))/1000 -> 605.49775 | E8: =1/(2*PI()*(入力・計算!$B$14*1000)*(B8*0.000000000001)) -> 33862.754 | F8: 大きめ確認
A9: 100 pF | B9: 100 | C9: =入力・計算!B13 -> 1.47 | D9: =1/(2*PI()*SQRT((C9/1000)*(B9*0.000000000001)))/1000 -> 415.10835 | E9: =1/(2*PI()*(入力・計算!$B$14*1000)*(B9*0.000000000001)) -> 15915.494 | F9: かなり保守的
A10: 1775 pF表示値 | B10: =入力・計算!B16 -> 1775 | C10: =入力・計算!B13 -> 1.47 | D10: =1/(2*PI()*SQRT((C10/1000)*(B10*0.000000000001)))/1000 -> 98.528594 | E10: =1/(2*PI()*(入力・計算!$B$14*1000)*(B10*0.000000000001)) -> 896.64757 | F10: 100 kHz付近で見かけ値の可能性
A13: LTspice例
A14: 通常のCMチョークモデル | B14: LHOT=1470uH, LRTN=1470uH, K=0.99726
A15: 巻線両端容量 初期値 | B15: C_HOT_SELF=22pF, C_RTN_SELF=22pF
A16: HOT-RTN線間容量 | B16: 実測9pFを入口/出口へ4.5pFずつ分割する案
A17: 注意 | B17: 1775pFをそのまま巻線両端へ入れると、100kHz近傍に強い自己共振を作るため非推奨。

Sheet 出典・メモ
A1: 出典・計算式メモ
A3: 項目 | B3: 内容 | C3: URL/式 | D3: 備考
A4: コア寸法 | B4: E04RM251512: A=25.0 mm, B=15.0 mm, C=12.0 mm | C4: https://www.seiwa.co.jp/product/emc/e04ns.html | D4: 星和電機 製品ページ。E04RMは絶縁性塗装あり。
A5: 平行2線容量 | B5: C per length = π ε0 εr / acosh(D/d) | C5: D: 中心間距離, d: 線外径 | D5: 同一径の平行円筒導体の近似式。周囲媒質は実効εrで近似。
A6: 端子間等価容量 | B6: Ceq = Σ[(N-m) Cm {m/(N-1)}^2] | C6: 線形電圧分布仮定 | D6: ターン間容量のエネルギーを端子間容量へ換算。
A7: 自己共振 | B7: f_SRF = 1/(2π√(LC)) | C7: L[H], C[F] | D7: SRFから見かけ容量/推定容量を比較。
A8: 測定上の注意 | B8: LCRメータのCp/Cs表示は、SRF近傍では真の寄生容量ではなく等価表示になりやすい。 | D8: 100 kHz測定で1775pFが出た場合、1.47mHとの組合せでSRF約98.5kHz。
