Workbook

Sheet X_Damper_Calc
A1: Xコン用ダンパ設計計算シート
A3: 入力条件
A4: 項目 | B4: 記号 | C4: 入力値 | D4: 単位 | E4: 説明
A5: 入力電圧（実効値） | B5: Vin | C5: 115 | D5: V rms | E5: Xダンパ枝にかかる線間電圧として計算
A6: 入力周波数 | B6: fin | C6: 400 | D6: Hz | E6: 発熱・容量電流の計算周波数
A7: 目標共振周波数 | B7: f0 | C7: 24000 | D7: Hz | E7: 差動等価LとCxの共振周波数
A8: LDM（1ラインあたり） | B8: LDM | C8: 220 | D8: µH | E8: HOT側またはRTN側1本分
A9: Cd/Cx比 | B9: n | C9: 2.2 | D9: - | E9: Erickson式の n = Cd/Cx
A10: Rd指定値 | B10: Rd_set | C10: 62 | D10: Ω | E10: 採用する実部品値。空欄なら最適値を使用
A11: ダンパ枝数 | B11: Nbranch | C11: 2 | D11: 本 | E11: 現在はR18/R22など2本を想定
A13: 計算結果
A14: 項目 | B14: 記号 | C14: 計算式/値 | D14: 単位 | E14: 説明
A15: 差動等価インダクタンス | B15: L_eq | C15: =2*C8*0.000001 -> 0.00044 | D15: H | E15: HOT側+RTN側の合計
A16: Xコン容量 | B16: Cx | C16: =1/((2*PI()*C7)^2*C15) -> 9.9945928e-08 | D16: F | E16: f0とL_eqから逆算
A17: Xコン容量 | B17: Cx | C17: =C16*1000000 -> 0.099945928 | D17: µF | E17: 実装値の目安
A18: ダンパC | B18: Cd | C18: =C9*C16 -> 2.1988104e-07 | D18: F | E18: Cd=n×Cx
A19: ダンパC | B19: Cd | C19: =C18*1000000 -> 0.21988104 | D19: µF | E19: 実装値の目安
A20: 特性インピーダンス | B20: R0 | C20: =SQRT(C15/C16) -> 66.350437 | D20: Ω | E20: sqrt(L_eq/Cx)
A21: Erickson最適Rd | B21: Rd_opt | C21: =C20*SQRT(((2+C9)*(4+3*C9))/(2*C9^2*(4+C9))) -> 57.146264 | D21: Ω | E21: 最適ピークインピーダンス条件
A22: 採用Rd | B22: Rd | C22: =IF(ISBLANK(C10),C21,C10) -> 62 | D22: Ω | E22: Rd指定値があれば指定値を優先
A23: Cdリアクタンス | B23: Xcd_fin | C23: =1/(2*PI()*C6*C18) -> 1809.5574 | D23: Ω | E23: 入力周波数でのCdリアクタンス
A24: ダンパ枝電流 | B24: I_Rd | C24: =C5/SQRT(C22^2+C23^2) -> 0.063514184 | D24: A rms | E24: Vin / sqrt(Rd^2+Xcd^2)
A25: Rd発熱量（1本） | B25: P_Rd | C25: =C24^2*C22 -> 0.25011119 | D25: W | E25: I_Rd^2×Rd
A26: Rd発熱量（合計） | B26: P_total | C26: =C25*C11 -> 0.50022239 | D26: W | E26: P_Rd×枝数
A27: Xダンパ無効電力目安（1本） | B27: Q_Cd | C27: =C5*C24 -> 7.3041311 | D27: var | E27: Vin×I_Rdの概算
A29: 計算式メモ
A30: 差動等価L | B30: L_eq = 2 × LDM_line
A31: Cx逆算 | B31: Cx = 1 / ((2πf0)^2 × L_eq)
A32: Cd | B32: Cd = n × Cx
A33: Erickson Rd | B33: Rd_opt = R0 × sqrt(((2+n)(4+3n))/(2n^2(4+n)))
A34: 発熱 | B34: P_Rd = I_Rd^2 × Rd, I_Rd = Vin / sqrt(Rd^2 + Xcd^2)
A35: 注意 | B35: 400 Hz基本波による抵抗発熱の概算です。実機では電圧上限、容量公差、周囲温度でディレーティングしてください。

Sheet X_Cd_Cx_Sweep
A1: Xコン用 Cd/Cx比スイープ
A3: X_Damper_Calc の入力条件を参照して、Cd/Cx比だけを変化させた比較表
A5: Cd/Cx比 n | B5: Cd [µF] | C5: Rd_opt [Ω] | D5: 採用Rd [Ω] | E5: I_Rd [mA] | F5: P_Rd/本 [W] | G5: P_Rd合計 [W] | H5: 備考
A6: 1 | B6: =A6*X_Damper_Calc!$C$16*1000000 -> 0.099945928 | C6: =X_Damper_Calc!$C$20*SQRT(((2+A6)*(4+3*A6))/(2*A6^2*(4+A6))) -> 96.150918 | D6: =C6 -> 96.150918 | E6: =X_Damper_Calc!$C$5/SQRT(D6^2+(1/(2*PI()*X_Damper_Calc!$C$6*(B6*0.000001)))^2)*1000 -> 28.878602 | F6: =(E6/1000)^2*D6 -> 0.080187334 | G6: =F6*X_Damper_Calc!$C$11 -> 0.16037467
A7: 1.5 | B7: =A7*X_Damper_Calc!$C$16*1000000 -> 0.14991889 | C7: =X_Damper_Calc!$C$20*SQRT(((2+A7)*(4+3*A7))/(2*A7^2*(4+A7))) -> 72.744417 | D7: =C7 -> 72.744417 | E7: =X_Damper_Calc!$C$5/SQRT(D7^2+(1/(2*PI()*X_Damper_Calc!$C$6*(B7*0.000001)))^2)*1000 -> 43.314269 | F7: =(E7/1000)^2*D7 -> 0.13647769 | G7: =F7*X_Damper_Calc!$C$11 -> 0.27295537
A8: 2 | B8: =A8*X_Damper_Calc!$C$16*1000000 -> 0.19989186 | C8: =X_Damper_Calc!$C$20*SQRT(((2+A8)*(4+3*A8))/(2*A8^2*(4+A8))) -> 60.569385 | D8: =C8 -> 60.569385 | E8: =X_Damper_Calc!$C$5/SQRT(D8^2+(1/(2*PI()*X_Damper_Calc!$C$6*(B8*0.000001)))^2)*1000 -> 57.747319 | F8: =(E8/1000)^2*D8 -> 0.20198393 | G8: =F8*X_Damper_Calc!$C$11 -> 0.40396786
A9: 2.2 | B9: =A9*X_Damper_Calc!$C$16*1000000 -> 0.21988104 | C9: =X_Damper_Calc!$C$20*SQRT(((2+A9)*(4+3*A9))/(2*A9^2*(4+A9))) -> 57.146264 | D9: =C9 -> 57.146264 | E9: =X_Damper_Calc!$C$5/SQRT(D9^2+(1/(2*PI()*X_Damper_Calc!$C$6*(B9*0.000001)))^2)*1000 -> 63.519786 | F9: =(E9/1000)^2*D9 -> 0.23057165 | G9: =F9*X_Damper_Calc!$C$11 -> 0.46114329 | H9: 現状比
A10: 3 | B10: =A10*X_Damper_Calc!$C$16*1000000 -> 0.29983778 | C10: =X_Damper_Calc!$C$20*SQRT(((2+A10)*(4+3*A10))/(2*A10^2*(4+A10))) -> 47.655737 | D10: =C10 -> 47.655737 | E10: =X_Damper_Calc!$C$5/SQRT(D10^2+(1/(2*PI()*X_Damper_Calc!$C$6*(B10*0.000001)))^2)*1000 -> 86.605244 | F10: =(E10/1000)^2*D10 -> 0.35744034 | G10: =F10*X_Damper_Calc!$C$11 -> 0.71488068
A11: 3.3 | B11: =A11*X_Damper_Calc!$C$16*1000000 -> 0.32982156 | C11: =X_Damper_Calc!$C$20*SQRT(((2+A11)*(4+3*A11))/(2*A11^2*(4+A11))) -> 45.164661 | D11: =C11 -> 45.164661 | E11: =X_Damper_Calc!$C$5/SQRT(D11^2+(1/(2*PI()*X_Damper_Calc!$C$6*(B11*0.000001)))^2)*1000 -> 95.260443 | F11: =(E11/1000)^2*D11 -> 0.40984906 | G11: =F11*X_Damper_Calc!$C$11 -> 0.81969812
A12: 4 | B12: =A12*X_Damper_Calc!$C$16*1000000 -> 0.39978371 | C12: =X_Damper_Calc!$C$20*SQRT(((2+A12)*(4+3*A12))/(2*A12^2*(4+A12))) -> 40.631179 | D12: =C12 -> 40.631179 | E12: =X_Damper_Calc!$C$5/SQRT(D12^2+(1/(2*PI()*X_Damper_Calc!$C$6*(B12*0.000001)))^2)*1000 -> 115.45193 | F12: =(E12/1000)^2*D12 -> 0.54157897 | G12: =F12*X_Damper_Calc!$C$11 -> 1.0831579
A13: 4.7 | B13: =A13*X_Damper_Calc!$C$16*1000000 -> 0.46974586 | C13: =X_Damper_Calc!$C$20*SQRT(((2+A13)*(4+3*A13))/(2*A13^2*(4+A13))) -> 37.269022 | D13: =C13 -> 37.269022 | E13: =X_Damper_Calc!$C$5/SQRT(D13^2+(1/(2*PI()*X_Damper_Calc!$C$6*(B13*0.000001)))^2)*1000 -> 135.63778 | F13: =(E13/1000)^2*D13 -> 0.68566083 | G13: =F13*X_Damper_Calc!$C$11 -> 1.3713217
A14: 5 | B14: =A14*X_Damper_Calc!$C$16*1000000 -> 0.49972964 | C14: =X_Damper_Calc!$C$20*SQRT(((2+A14)*(4+3*A14))/(2*A14^2*(4+A14))) -> 36.071429 | D14: =C14 -> 36.071429 | E14: =X_Damper_Calc!$C$5/SQRT(D14^2+(1/(2*PI()*X_Damper_Calc!$C$6*(B14*0.000001)))^2)*1000 -> 144.28712 | F14: =(E14/1000)^2*D14 -> 0.75096294 | G14: =F14*X_Damper_Calc!$C$11 -> 1.5019259

Sheet Y_Damper_Calc
A1: Yコン用ダンパ設計計算シート
A3: 入力条件
A4: 項目 | B4: 記号 | C4: 入力値 | D4: 単位 | E4: 説明
A5: 入力電圧（実効値） | B5: Vin | C5: 115 | D5: V rms | E5: 各Y枝が見る電圧。安全側では線間電圧相当で評価
A6: 入力周波数 | B6: fin | C6: 400 | D6: Hz | E6: 漏れ電流・発熱計算の周波数
A7: CM共振確認周波数 | B7: f0_CM | C7: 31650 | D7: Hz | E7: 参考：現在のピーク周波数など
A8: LCM | B8: LCM | C8: 3 | D8: mH | E8: CM等価インダクタンス
A9: 基本Yコン（1ラインあたり） | B9: Cy | C9: 1.5 | D9: nF | E9: HOT-シャーシ、RTN-シャーシ各1個
A10: Cdy/Cy比 | B10: n | C10: 2.2 | D10: - | E10: 追加YダンパC / 基本Yコン
A11: Rd指定値 | B11: Rd_set | C11: 1800 | D11: Ω | E11: 採用する実部品値。空欄なら最適値を使用
A12: Y枝数 | B12: Nbranch | C12: 2 | D12: 本 | E12: HOT側・RTN側の2本を想定
A13: 容量公差上限 | B13: C_tol | C13: 10 | D13: % | E13: 漏れ電流マージン計算用
A14: 電圧上限マージン | B14: V_tol | C14: 10 | D14: % | E14: 漏れ電流マージン計算用
A16: 計算結果
A17: 項目 | B17: 記号 | C17: 計算式/値 | D17: 単位 | E17: 説明
A18: 基本Yコン | B18: Cy | C18: =C9*0.000000001 -> 1.5e-09 | D18: F/line | E18: 入力値のSI換算
A19: 追加YダンパC | B19: Cdy | C19: =C10*C18 -> 3.3e-09 | D19: F/line | E19: Cdy=n×Cy
A20: 追加YダンパC | B20: Cdy | C20: =C19*1000000000 -> 3.3 | D20: nF/line | E20: 実装値の目安
A21: CM等価 基本Y容量 | B21: Cy_CM | C21: =2*C18 -> 3e-09 | D21: F | E21: 2×Cy
A22: CM等価 追加C容量 | B22: Cdy_CM | C22: =2*C19 -> 6.6e-09 | D22: F | E22: 2×Cdy
A23: 基本YだけのCM共振 | B23: f0_basic | C23: =1/(2*PI()*SQRT((C8*0.001)*C21)) -> 53051.648 | D23: Hz | E23: LCMと2×Cyから計算
A24: 追加C込みの参考共振 | B24: f0_total | C24: =1/(2*PI()*SQRT((C8*0.001)*(C21+C22))) -> 29656.773 | D24: Hz | E24: LCMと2×(Cy+Cdy)から計算
A25: CM特性インピーダンス | B25: R0_CM | C25: =SQRT((C8*0.001)/C21) -> 1000 | D25: Ω | E25: sqrt(LCM / Cy_CM)
A26: Erickson最適Rd（CM等価） | B26: Rd_CM_opt | C26: =C25*SQRT(((2+C10)*(4+3*C10))/(2*C10^2*(4+C10))) -> 861.27939 | D26: Ω | E26: CM等価での直列R
A27: Erickson最適Rd（1ライン） | B27: Rd_line_opt | C27: =2*C26 -> 1722.5588 | D27: Ω | E27: 対称2枝なのでRd_line=2×Rd_CM
A28: 採用Rd（1ライン） | B28: Rd | C28: =IF(ISBLANK(C11),C27,C11) -> 1800 | D28: Ω | E28: Rd指定値があれば指定値を優先
A29: Cdyリアクタンス | B29: Xcdy_fin | C29: =1/(2*PI()*C6*C19) -> 120571.93 | D29: Ω | E29: 入力周波数でのCdyリアクタンス
A30: Yダンパ枝電流 | B30: I_damper | C30: =C5/SQRT(C28^2+C29^2) -> 0.00095368126 | D30: A rms/line | E30: 追加CR枝の電流
A31: Rd発熱量（1本） | B31: P_Rd | C31: =C30^2*C28 -> 0.0016371143 | D31: W | E31: I_damper^2×Rd
A32: Rd発熱量（合計） | B32: P_total | C32: =C31*C12 -> 0.0032742286 | D32: W | E32: P_Rd×枝数
A33: 基本Yコン電流 | B33: I_Cy | C33: =2*PI()*C6*C18*C5 -> 0.00043353979 | D33: A rms/line | E33: 基本Yコン単独の容量電流
A34: 漏れ電流（安全側合算） | B34: I_leak_safe | C34: =C12*(C33+C30) -> 0.0027744421 | D34: A rms | E34: 枝数×(I_Cy+I_damper)
A35: 漏れ電流（フェーザ合成） | B35: I_leak_phasor | C35: =C12*C5*SQRT((C28/(C28^2+C29^2))^2+(2*PI()*C6*C18+C29/(C28^2+C29^2))^2) -> 0.0027743757 | D35: A rms | E35: 基本Yと追加CRをフェーザ合成
A36: 公差込み漏れ電流目安 | B36: I_leak_margin | C36: =C34*(1+C13/100)*(1+C14/100) -> 0.0033570749 | D36: A rms | E36: 容量公差・電圧上限を反映
A38: 計算式メモ
A39: CM等価容量 | B39: Cy_CM = 2 × Cy, Cdy_CM = 2 × Cdy
A40: Erickson Rd | B40: CM等価で計算した Rd_CM を2倍して、1ラインあたりのRdに換算します。
A41: 漏れ電流 | B41: 安全側合算は基本Y電流と追加ダンパ電流の絶対値を足し合わせます。
A42: フェーザ合成 | B42: 実際の位相を反映した目安です。抵抗成分が小さいため安全側合算とほぼ同じです。
A43: 注意 | B43: タッチカレント判定では製品分類、測定回路、単一故障条件、入力電圧上限を別途確認してください。
