Workbook

Sheet Dashboard
A1: WR90 TE10 許容電力ダッシュボード - Ragan短パルス式 / VSWR / 熱 拡張モデル ※Inputs!B87=1 で35,000ft高度ケース
A2: ※誤読防止：このDashboardは現在の入力条件1ケースの判定です。絶縁破壊評価と熱評価の最悪ケースは分けて確認してください。詳細は「誤読防止_使い方」シート参照。
A3: 指標 | B3: Value | C3: 単位 | D3: コメント
A4: ダッシュボード用ピーク進行波電力 | B4: =Inputs!B41 -> 16 | C4: kW | D4: ユーザー試算値
A5: デューティ比 | B5: =Inputs!B40 -> 0.0275 | C5: - | D5: パルス幅 × PRF
A6: 平均進行波電力 | B6: =B4*B5 -> 0.44 | C6: kW | D6: 熱計算の入力基準
A7: VSWRを正味電力基準で見る場合の供給ピーク電力 | B7: =B4*Inputs!B44 -> 15.36 | C7: kW | D7: 進行波 × (1-|Γ|^2)
A8: TE10 カットオフ周波数 | B8: =Inputs!B19/1000000000 -> 6.5571404 | C8: GHz | D8: 動作周波数より低い必要あり
A9: TE10 波動インピーダンス Z_TE | B9: =Inputs!B21 -> 540.14902 | C9: Ω | D9: TE10モードの波動インピーダンス
A10: 合計挿入損失 | B10: =Components!F10 -> 0.011826696 | C10: dB | D10: 有効化した部品を含む
A11: ダッシュボード電力での合計RF損失 | B11: =B6*1000*Components!J10 -> 1.1965769 | C11: W | D11: 平均損失。ピークではない
A12: 最大部品電界係数 K_E | B12: =Components!G10 -> 1 | C12: - | D12: 有効化した部品の局所電界係数の最大値
A13: 反射係数 |Γ| | B13: =Inputs!B43 -> 0.2 | C13: - | D13: VSWRから算出
A14: 進行波ピーク電界 E_peak | B14: =SQRT(4*Inputs!B21*B4*1000/(Inputs!B10*Inputs!B11))/1000 -> 385.79964 | C14: kV/m | D14: 進行波ピーク電力に対する値
A15: 定在波ピーク電界 E_peak | B15: =B14*(1+Inputs!B43) -> 462.95957 | C15: kV/m | D15: VSWRによる最大電界
A16: 部品K_E反映後の局所ピーク電界 | B16: =B15*B12 -> 462.95957 | C16: kV/m | D16: 絶縁破壊判定で比較する値
A17: 補正後絶縁破壊電界 | B17: =Inputs!B62/1000 -> 2893.3242 | C17: kV/m | D17: 安全率を掛ける前
A18: 設計許容電界 | B18: =Inputs!B63/1000 -> 1446.6621 | C18: kV/m | D18: 電界安全率適用後
A19: 電界利用率 | B19: =B16/B18 -> 0.32001915 | C19: - | D19: 1未満なら許容
A20: 絶縁破壊で制限されるピーク進行波電力 | B20: =(Inputs!B63/(Components!G10*(1+Inputs!B43)))^2*Inputs!B10*Inputs!B11/(4*Inputs!B21)/1000 -> 156.23131 | C20: kW | D20: 進行波ピーク電力基準
A21: 熱で制限されるピーク進行波電力 | B21: =Components!N10 -> 173.76622 | C21: kW | D21: 部品ごとの熱制限の最小値
A22: 最終許容ピーク進行波電力 | B22: =MIN(B20,B21) -> 156.23131 | C22: kW | D22: 絶縁破壊制限と熱制限の小さい方
A23: 支配要因 | B23: =IF(B20<B21,"電界 / 絶縁破壊","平均発熱") -> 電界 / 絶縁破壊 | C23: - | D23: 現在の入力条件での判定
A24: ダッシュボード総合判定 | B24: =IF(B4<=B22,"合格","NG") -> 合格 | C24: - | D24: ダッシュボード用ピーク進行波電力に対する判定
A25: 臨界パルス幅 τc | B25: =Inputs!B65*1000000 -> 1.3157858 | C25: µs | D25: スクリーニング用
A26: パルス幅 / τc | B26: =Inputs!B38/Inputs!B65 -> 33.440092 | C26: - | D26: >>1ならCW/マルチパルス相当
A27: パルス領域スクリーニング | B27: =Inputs!B66 -> CW/マルチパルス相当: パルスによる許容上昇は推奨しない | C27: - | D27: 検証なしではパルスによる許容電界上昇を見込まない
A29: Ragan単発破壊電界 Eb | B29: =Inputs!B72 -> 22.373272
A30: Ragan電圧改善係数 Fv | B30: =Inputs!B74 -> 1 | C30: - | D30: 短パルス時のみ1以上。tau>=tau_cではKtau=1に戻す
A31: 使用Ktau | B31: =Inputs!B60 -> 1 | C31: - | D31: Inputs!B60。補正後絶縁破壊電界に反映
A32: PRFパルス間隔 | B32: =Inputs!B77*1000 -> 1.6 | C32: ms | D32: 1/PRF
A33: パルス間隔/tau_c | B33: =Inputs!B78 -> 1216.0034 | C33: - | D33: 大きいほど単発近似に近い
A34: PRF/multipulse判定 | B34: =Inputs!B79 -> 単発近似の余裕あり。ただし実機では残留電離を確認 | C34: - | D34: 残留電離・履歴効果の確認用
A35: 半解析式 Ep peak換算 | B35: =Inputs!B83/1000 -> 4013.0848 | C35: kV/m | D35: Anderson/Yu系式による参考値。RMSからpeak換算。最終判定には直接使用しない
A36: 重要 | B36: 本版ではRagan短パルス式をKtauへ組み込みました。ただしtau>=tau_cでは自動的にKtau=1とし、PRFの厳密効果はB61の保守係数で扱います。
A38: 高度・加圧モデル確認
A39: 高度モード | B39: =Inputs!B87 -> 1 | C39: 1/0 | D39: Inputs!B87
A40: 圧力モード | B40: =Inputs!B90 -> 2 | C40: 0/1/2/3 | D40: 0:外気圧, 1:海面1atm, 2:指定絶対圧, 3:外気圧+ゲージ
A41: 運用高度 | B41: =Inputs!B88 -> 35000 | C41: ft
A42: 高度周囲圧 | B42: =Inputs!B96/1000 -> 23.842264 | C42: kPa
A43: 導波管内部絶対圧 | B43: =Inputs!B97/1000 -> 101.325 | C43: kPa
A44: 導波管内部ガス温度 | B44: =Inputs!B53 -> -54.3 | C44: degC
A45: ガス密度比 δ | B45: =Inputs!B56 -> 1.3395019 | C45: - | D45: (p/p0)*(T0/T) T0=293.15K。Inputs!B56と同一式
A46: 高度補正後 h_conv | B46: =Inputs!B99 -> 3.3955762 | C46: W/m2/K | D46: B90=2は指定絶対圧を維持する前提。密閉固定質量やゲージ加圧の場合は入力を変える。熱評価は地上高温ケースも別途確認
A47: コメント | B47: ="確認要" -> 確認要 | D47: B90=2は指定絶対圧を維持する前提。密閉固定質量やゲージ加圧の場合は入力を変えてください
A48: 誤読防止チェック | B48: 状態 | C48: 確認先 | D48: コメント
A49: 最終判定の適用範囲 | B49: 現在入力の1ケースのみ | C49: 誤読防止_使い方 | D49: 運用包絡線の保証値ではありません
A50: Ragan半解析式 Ep | B50: 参考表示 | C50: Inputs!B81:B83 / Dashboard!B35 | D50: 最終判定に直接使用しません
A51: 圧力モード | B51: =IF(Inputs!B90=2,"指定絶対圧維持",IF(Inputs!B90=3,"外気圧+ゲージ",IF(Inputs!B90=1,"海面1atm",IF(Inputs!B90=0,"外気圧","確認要")))) -> 指定絶対圧維持 | C51: Inputs!B90:B97 | D51: 実機の加圧方式と一致させてください
A52: 熱評価ケース | B52: 別途確認推奨 | C52: Inputs!B94/B100 | D52: 低温高度ケースでは熱制限が緩く見えるため、地上高温条件を確認
A53: パルス幅判定 | B53: =Inputs!B66 -> CW/マルチパルス相当: パルスによる許容上昇は推奨しない | C53: Inputs!B65:B66 | D53: τ>=τcでは短パルス上昇を見込まない
A54: DUTYの意味 | B54: 平均電力/発熱に使用 | C54: Dashboard!B4:B6 | D54: ピーク電力入力時の瞬時電界はDUTYで下げません

Sheet Inputs
A1: WR90 TE10 許容電力入力 - パルス / VSWR / 熱 拡張版
A2: パラメータ | B2: Value | C2: 単位 | D2: 注記
A3: 物理定数
A4: 光速 c0 | B4: 299792458 | C4: m/s | D4: 真空中の光速
A5: 自由空間波インピーダンス eta0 | B5: 376.73031 | C5: Ω | D5: 自由空間の波動インピーダンス
A6: 真空の透磁率 mu0 | B6: 1.2566371e-06 | C6: H/m | D6: 真空の透磁率
A7: ステファン・ボルツマン定数 sigma_SB | B7: 5.6703744e-08 | C7: W/m2/K4 | D7: 放射熱伝達の定数
A9: 導波管 / TE10
A10: 内側幅 a_inner | B10: 0.02286 | C10: m | D10: WR90 広壁側の内寸
A11: 内側高さ b_inner | B11: 0.01016 | C11: m | D11: WR90 狭壁側の内寸
A12: 肉厚 wall_thickness | B12: 0.00127 | C12: m | D12: WR90の代表的肉厚。実部品に合わせて変更
A13: 直管長 straight_waveguide_length | B13: 0.1 | C13: m | D13: 直管部の導体損と放熱面積に使用
A14: 周波数 frequency | B14: 9150000000 | C14: Hz | D14: 動作周波数
A15: 比誘電率 relative_permittivity | B15: 1 | C15: - | D15: 空気/窒素では概ね1.0
A16: 導電率 conductivity | B16: 58000000 | C16: S/m | D16: 銅を基準。めっき・表面状態に応じて有効値を変更
A17: 表面損失倍率 surface_loss_multiplier | B17: 1 | C17: - | D17: 粗さ、めっき、継手、経年劣化を見込む場合は1より大
A18: 外周長 outer_perimeter | B18: =2*((B10+2*B12)+(B11+2*B12)) -> 0.0762 | C18: m | D18: 外形寸法から計算
A19: TE10カットオフ周波数 | B19: =B4/(2*B10*SQRT(B15)) -> 6.5571404e+09 | C19: Hz | D19: fc = c/(2a√eps_r)
A20: 伝搬係数 chi | B20: =SQRT(1-(B19/B14)^2) -> 0.69745625 | C20: - | D20: sqrt(1-(fc/f)^2)
A21: TE10波動インピーダンス Z_TE | B21: =(B5/SQRT(B15))/B20 -> 540.14902 | C21: Ω | D21: eta/sqrt(1-(fc/f)^2)
A22: 表面抵抗 Rs | B22: =SQRT(PI()*B14*B6/B16)*B17 -> 0.024956083 | C22: Ω/sq | D22: Rs = sqrt(pi*f*mu0/sigma)
A23: TE10導体損 | B23: =B22*B21/(B10*B11)*(B10*(1/B21^2+(PI()/(2*PI()*B14*B6*B10))^2)+2*B11*(PI()/(2*PI()*B14*B6*B10))^2) -> 0.013615814 | C23: Np/m | D23: TE10の壁面電流から算出
A24: TE10導体損 | B24: =8.686*B23 -> 0.11826696 | C24: dB/m | D24: Componentsの直管行で使用
A26: 熱 / 環境
A27: 周囲温度 ambient_temperature | B27: =IF($B$87=1,B95,50) -> -54.3 | C27: degC | D27: 周囲空気温度
A28: ホットスポット許容温度 | B28: 100 | C28: degC | D28: 局所部品/ホットスポットの許容温度
A29: 自然対流熱伝達率 h | B29: 7 | C29: W/m2/K | D29: ユーザー入力。静止空気の概算値
A30: 放射率 emissivity | B30: 0.8 | C30: - | D30: 表面状態に依存するユーザー入力
A31: 平均表面温度 | B31: 75 | C31: degC | D31: 線形化放射熱伝達率 h_rad の計算に使用
A32: 追加接触・熱拡がり熱抵抗 | B32: 0 | C32: degC/W | D32: フランジ/接触/熱拡がり分を加算
A33: 線形化放射熱伝達率 h_rad | B33: =4*B30*B7*(B31+273.15)^3 -> 7.65704 | C33: W/m2/K | D33: 4*eps*sigma*Tmean^3
A34: 有効熱伝達率 h_eff | B34: =IF($B$87=1,B99,B29)+B33 -> 11.052616 | C34: W/m2/K | D34: h_conv + h_rad。高度モード時は低圧補正した h_conv を使用
A35: 直管WR90熱抵抗推定 | B35: =1/(B34*B18*B13)+B32 -> 11.873532 | C35: degC/W | D35: 1/(h_eff*外周長*長さ)+追加分
A37: パルス / 電力 / 不整合
A38: パルス幅 pulse_width | B38: 4.4e-05 | C38: s | D38: RFパルス幅
A39: パルス繰返し周波数 PRF | B39: 625 | C39: Hz | D39: PRF
A40: デューティ比 duty | B40: =B38*B39 -> 0.0275 | C40: - | D40: pulse_width * PRF
A41: ダッシュボード用ピーク進行波電力 | B41: 16 | C41: kW | D41: Dashboard用の試算/入力値
A42: VSWR | B42: 1.5 | C42: - | D42: 定在波電界増加に使用
A43: 反射係数絶対値 |Γ| | B43: =(B42-1)/(B42+1) -> 0.2 | C43: - | D43: (VSWR-1)/(VSWR+1)
A44: 供給電力比 | B44: =1-B43^2 -> 0.96 | C44: - | D44: 正味供給電力を見る場合: 1-|Gamma|^2
A46: 絶縁破壊 / 圧力 / パルス係数
A47: 電界安全率 | B47: 2 | C47: - | D47: 設計許容電界 = 補正後破壊電界 / 安全率
A48: 温度上昇安全率 | B48: 1 | C48: - | D48: 許容ΔT=(Tlim-Tamb)/安全率
A49: 基準CW絶縁破壊電界 | B49: 3000000 | C49: V/m | D49: ユーザー入力。検証済みのマイクロ波/ガスデータで置換
A50: 基準圧力 | B50: 101325 | C50: Pa | D50: 基準圧力
A51: 高度 | B51: =IF($B$87=1,B89,0) -> 10668 | C51: m | D51: 周囲圧力の概算に使用
A52: 導波管ゲージ圧 | B52: 0 | C52: Pa | D52: B90=3（外気圧+ゲージ加圧）のとき使用。高度モードoffでは旧計算にも使用
A53: ガス温度 | B53: =IF($B$100="",IF($B$87=1,B95,50),$B$100) -> -54.3 | C53: degC | D53: 導波管内ガス温度。B100が空欄なら高度外気温/既定値を使用。絶縁破壊評価では内部ガス温度、熱評価では外気/放熱条件を分けて確認
A54: 高度からの周囲圧力 | B54: =B50*(1-0.0000225577*B51)^5.25588 -> 23842.264 | C54: Pa | D54: 対流圏近似
A55: 導波管内絶対圧 | B55: =IF($B$87=1,B97,B54+B52) -> 101325 | C55: Pa | D55: 高度モード時はB97、非高度モード時はB54+B52
A56: ガス密度比 delta | B56: =(B55/B50)*(293.15/(B53+273.15)) -> 1.3395019 | C56: - | D56: (p/p0)*(T0/T) 一次近似の電界スケーリング
A57: ガス係数 | B57: 1 | C57: - | D57: 乾燥空気/窒素/SF6などのデータがあれば入力
A58: 湿度係数 | B58: 0.9 | C58: - | D58: 設計ルール/試験データに基づくディレーティング
A59: 汚損・表面係数 | B59: 0.8 | C59: - | D59: 汚損・粗さに対するディレーティング
A60: パルス幅係数 Ktau | B60: =B76 -> 1 | C60: - | D60: 行68以降のRagan/短パルスモデルで自動計算。安全側でtau>=tau_cなら1。1を超える値を使う場合は試験/メーカー根拠が必要
A61: マルチパルス/PRF係数 | B61: 1 | C61: - | D61: PRFによる残留電離・マルチパルス効果は閉形式だけでは不確か。必要に応じて1未満を入力。安全側では1を超えない
A62: 補正後絶縁破壊電界 | B62: =B49*B56*B57*B58*B59*B60*B61 -> 2893324.2 | C62: V/m | D62: Ebd_ref * 各係数
A63: 設計許容電界 | B63: =B62/B47 -> 1446662.1 | C63: V/m | D63: 補正後絶縁破壊電界 / 電界安全率
A64: 絶対圧力 | B64: =B55/133.322 -> 760.0021 | C64: torr | D64: 臨界パルス幅スクリーニング用
A65: 臨界パルス幅 tau_c | B65: =0.001/B64 -> 1.3157858e-06 | C65: s | D65: tau_c = 1e-3 / pressure[torr]
A66: パルス領域スクリーニング | B66: =IF(B38>B65,"CW/マルチパルス相当: パルスによる許容上昇は推奨しない","短パルス領域: 許容上昇には検証データが必要") -> CW/マルチパルス相当: パルスによる許容上昇は推奨しない | C66: - | D66: CW/マルチパルス相当 または 短パルス領域
A68: Ragan / Anderson 短パルス絶縁破壊モデル
A69: パラメータ | B69: Value | C69: 単位 | D69: 注記
A70: Ragan/短パルスKtauを自動適用 | B70: 1 | C70: 1/0 | D70: 1: 行75のKtau候補をB60へ反映。0: 手入力Ktauを使用
A71: 手入力Ktau | B71: 1 | C71: - | D71: 自動適用=0の場合に使用
A72: Ragan単発破壊電界 Eb | B72: =22.22+87.24/(1+(B38/0.00000000247)^0.648) -> 22.373272 | C72: kV/cm | D72: Eb=22.22+87.24/(1+(tau/2.47e-9)^0.648)。海面高度・単発パルス近似
A73: Ragan CW相当破壊電界 | B73: 22.8 | C73: kV/cm | D73: 海面高度近傍のマイクロ波空気破壊電界の代表値
A74: Ragan電圧改善係数 Fv | B74: =MAX(1,B72/B73) -> 1 | C74: - | D74: Fv=Eb/22.8。ただし1未満にはしない
A75: Ragan Ktau候補 | B75: =IF(B38<B65,B74,1) -> 1 | C75: - | D75: tau < tau_c の場合だけ短パルス上昇を使用。それ以外は1
A76: B60に実際使用されるKtau | B76: =IF(B70=1,B75,B71) -> 1 | C76: - | D76: B60と同じ値。絶縁破壊電界補正式へ反映
A77: パルス間隔 1/PRF | B77: =1/B39 -> 0.0016 | C77: s | D77: PRFから計算
A78: パルス間隔 / tau_c | B78: =B77/B65 -> 1216.0034 | C78: - | D78: 大きいほど単発近似に近い。小さい場合はマルチパルス注意
A79: PRF / multipulseスクリーニング | B79: =IF(B77>10*B65,"単発近似の余裕あり。ただし実機では残留電離を確認","マルチパルス注意: B61を1未満にするか試験値で確認") -> 単発近似の余裕あり。ただし実機では残留電離を確認 | C79: - | D79: PRFによる残留電離・履歴効果の注意喚起
A80: 有効拡散長 Leff | B80: =B11/2*100 -> 0.508 | C80: cm | D80: 暫定: WR90狭壁高さ b の半分。部品最小ギャップに応じて変更
A81: 温度補正後圧力 p | B81: =B64*273/(273+B53) -> 948.69947 | C81: torr | D81: p = p0*273/(273+Tgas)。低温では密度換算で大きくなる。B82/B83の参考計算用で、Dashboard最終判定には直接使わない
A82: 半解析式 Ep | B82: =3.75*B81*SQRT(1+(2*PI()*B14)^2/(2.5E+019*B81^2))*(1000000/(B81^2*B80^2)+64000+20/(B81*B38))^(3/16) -> 28376.795 | C82: V/cm rms | D82: Anderson/Yu系のRMS電界。参考値。最終判定はB62/B63とDashboardの局所ピーク電界比較で行う
A83: 半解析式 Ep peak換算 | B83: =B82*100*SQRT(2) -> 4013084.8 | C83: V/m peak | D83: Ep[rms V/cm]×100×sqrt(2)。TE10のpeak電界比較用の参考値。最終判定には直接使わない
A84: 注意 | B84: Ragan単発式は短パルス・海面高度近傍の経験式です。44 µsのように tau >> tau_c の場合はKtau=1に戻します。PRFの厳密補正式は形状・ガス・残留電離に依存するため、B61で保守係数を入力してください。 | D84: Ragan単発式は短パルス・海面高度近傍の経験式です。tau >> tau_c ではKtau=1。B81/B83は参考表示で、最終判定はB62/B63を使用します。
A86: 高度 / 環境ケース (35,000 ft 対応)
A87: 高度モードを使用 | B87: 1 | C87: 1/0
A88: 運用高度 | B88: 35000 | C88: ft
A89: 高度 (m) | B89: =B88*0.3048 -> 10668 | C89: m
A90: 導波管内部圧力モード | B90: 2 | C90: 0/1/2/3 | D90: 0:外気圧, 1:海面1atm, 2:指定絶対圧を維持, 3:外気圧+ゲージ圧。密閉固定質量は別途内部圧を計算して指定
A91: 指定絶対圧 | B91: 101325 | C91: Pa | D91: B90=2のとき使用。供給/レギュレータで絶対圧が維持される場合
A92: ISA温度オフセット dISA | B92: 0 | C92: degC
A93: 標準大気温度 (ISA) | B93: =15-1.98*B88/1000 -> -54.3 | C93: degC
A94: 外気温度オーバーライド | C94: degC | D94: 熱評価の高温ケース確認用。外気温度を上書きしたい場合に入力
A95: 適用外気温度 | B95: =IF(B94="",B93+B92,B94) -> -54.3 | C95: degC
A96: 高度の周囲絶対圧 | B96: =B50*(1-0.0000225577*B89)^5.25588 -> 23842.264 | C96: Pa
A97: 導波管内部絶対圧 | B97: =IF(B90=0,B96,IF(B90=1,B50,IF(B90=2,B91,B96+B52))) -> 101325 | C97: Pa
A98: 対流の圧力スケール指数 n | B98: 0.5 | C98: -
A99: 高度補正後の対流 h_conv | B99: =B29*(B96/B50)^B98 -> 3.3955762 | C99: W/m2/K
A100: 導波管内部ガス温度オーバーライド | C100: degC | D100: 空欄ならB95（高度外気温）または既定50℃。絶縁破壊評価用の導波管内部ガス温度。高温地上ケースでは最高内部温度を入力
A101: 加圧・高度モデル注意 | D101: 密閉固定質量・レギュレータ加圧・外気圧+ゲージ加圧を区別してください
A102: 密閉固定質量の参考 | D102: 同じガス質量で温度だけ変わる場合、絶縁破壊の密度比は初期封入条件でほぼ決まります
A103: ゲージ加圧時の参考絶対圧 | B103: =B96+B52 -> 23842.264 | C103: Pa | D103: 高度周囲圧 + B52
A104: 35,000ftコメント | D104: 標準大気の対流圏式は約11kmまでの近似。35,000ft=10.668kmはほぼ適用範囲内

Sheet Components
A1: 部品ディレーティングおよび熱ホットスポット表
A2: 部品 | B2: 使用 1/0 | C2: 根拠 | D2: 長さ m | E2: 単位長さIL dB/m | F2: IL合計 dB | G2: 電界係数 K_E | H2: 有効Rθ degC/W | I2: 温度上限 degC | J2: 損失率 | K2: Dashboard時P_loss W | L2: Dashboard時ΔT degC | M2: ホットスポット温度 degC | N2: 熱制限ピーク kW | O2: 注記
A3: WR90直管部 | B3: 1 | C3: TE10導体損から自動計算 | D3: =Inputs!B13 -> 0.1 | E3: =Inputs!B24 -> 0.11826696 | F3: =B3*D3*E3 -> 0.011826696 | G3: 1 | H3: =Inputs!B35 -> 11.873532 | I3: =Inputs!B28 -> 100 | J3: =IF(B3=1,1-10^(-F3/10),0) -> 0.0027194929 | K3: =Inputs!B41*1000*Inputs!B40*J3 -> 1.1965769 | L3: =K3*H3 -> 14.207594 | M3: =Inputs!B27+L3 -> -40.092406 | N3: =IF(OR(B3=0,J3=0,H3=0),1E+099,(I3-Inputs!B27)/Inputs!B48/(Inputs!B40*J3*H3)/1000) -> 173.76622 | O3: 銅直管部。長さはInputsから参照
A4: フランジ対 / 接触部 | B4: 0 | C4: ユーザー入力 | D4: 0 | E4: 0 | F4: 0.005 | G4: 1.1 | H4: 15 | I4: =Inputs!B28 -> 100 | J4: =IF(B4=1,1-10^(-F4/10),0) -> 0 | K4: =Inputs!B41*1000*Inputs!B40*J4 -> 0 | L4: =K4*H4 -> 0 | M4: =Inputs!B27+L4 -> -54.3 | N4: =IF(OR(B4=0,J4=0,H4=0),1E+099,(I4-Inputs!B27)/Inputs!B48/(Inputs!B40*J4*H4)/1000) -> 1e+99 | O4: 仮値。試験値またはメーカー値に置換
A5: E/H面ベンド | B5: 0 | C5: ユーザー入力 | D5: 0 | E5: 0 | F5: 0.02 | G5: 1.2 | H5: 10 | I5: =Inputs!B28 -> 100 | J5: =IF(B5=1,1-10^(-F5/10),0) -> 0 | K5: =Inputs!B41*1000*Inputs!B40*J5 -> 0 | L5: =K5*H5 -> 0 | M5: =Inputs!B27+L5 -> -54.3 | N5: =IF(OR(B5=0,J5=0,H5=0),1E+099,(I5-Inputs!B27)/Inputs!B48/(Inputs!B40*J5*H5)/1000) -> 1e+99 | O5: 仮値。局所電界と損失は形状に依存
A6: トップウォールカップラー | B6: 0 | C6: ユーザー入力 | D6: 0 | E6: 0 | F6: 0.05 | G6: 1.5 | H6: 8 | I6: =Inputs!B28 -> 100 | J6: =IF(B6=1,1-10^(-F6/10),0) -> 0 | K6: =Inputs!B41*1000*Inputs!B40*J6 -> 0 | L6: =K6*H6 -> 0 | M6: =Inputs!B27+L6 -> -54.3 | N6: =IF(OR(B6=0,J6=0,H6=0),1E+099,(I6-Inputs!B27)/Inputs!B48/(Inputs!B40*J6*H6)/1000) -> 1e+99 | O6: 仮値。プローブ/スロット部が電界支配になる場合あり
A7: ロータリージョイント | B7: 0 | C7: ユーザー入力 | D7: 0 | E7: 0 | F7: 0.1 | G7: 2 | H7: 5 | I7: =Inputs!B28 -> 100 | J7: =IF(B7=1,1-10^(-F7/10),0) -> 0 | K7: =Inputs!B41*1000*Inputs!B40*J7 -> 0 | L7: =K7*H7 -> 0 | M7: =Inputs!B27+L7 -> -54.3 | N7: =IF(OR(B7=0,J7=0,H7=0),1E+099,(I7-Inputs!B27)/Inputs!B48/(Inputs!B40*J7*H7)/1000) -> 1e+99 | O7: 仮値。可能ならメーカーの高電力定格を使用
A8: 窓 / 加圧シール | B8: 0 | C8: ユーザー入力 | D8: 0 | E8: 0 | F8: 0.05 | G8: 2 | H8: 8 | I8: =Inputs!B28 -> 100 | J8: =IF(B8=1,1-10^(-F8/10),0) -> 0 | K8: =Inputs!B41*1000*Inputs!B40*J8 -> 0 | L8: =K8*H8 -> 0 | M8: =Inputs!B27+L8 -> -54.3 | N8: =IF(OR(B8=0,J8=0,H8=0),1E+099,(I8-Inputs!B27)/Inputs!B48/(Inputs!B40*J8*H8)/1000) -> 1e+99 | O8: 仮値。誘電体表面フラッシオーバが支配的な場合あり
A10: 合計 / 制限値 | F10: =SUMPRODUCT(B3:B8,F3:F8) -> 0.011826696 | G10: =MAX(1,IF(B3=1,G3,0),IF(B4=1,G4,0),IF(B5=1,G5,0),IF(B6=1,G6,0),IF(B7=1,G7,0),IF(B8=1,G8,0)) -> 1 | J10: =1-10^(-F10/10) -> 0.0027194929 | K10: =Inputs!B41*1000*Inputs!B40*J10 -> 1.1965769 | M10: =MAX(M3:M8) -> -40.092406 | N10: =MIN(N3:N8) -> 173.76622 | O10: F10:合計IL、G10:最大K_E、N10:熱制限ピーク

Sheet Power_Sweep
A1: ピーク電力スイープ - 絶縁破壊・熱判定 (Inputs!B87 のモードに連動)
A3: ピーク進行波電力 kW | B3: 供給ピーク電力 kW | C3: 進行波E kV/m | D3: 定在波E kV/m | E3: 局所E kV/m | F3: 設計許容E kV/m | G3: 電界利用率 | H3: 平均電力 kW | I3: 合計RF損失 W | J3: 熱制限 kW | K3: 熱利用率 | L3: 絶縁破壊判定 | M3: 熱判定 | N3: 総合判定
A4: 1 | B4: =A4*Inputs!B44 -> 0.96 | C4: =SQRT(4*Inputs!B21*A4*1000/(Inputs!B10*Inputs!B11))/1000 -> 96.44991 | D4: =C4*(1+Inputs!B43) -> 115.73989 | E4: =D4*Components!G10 -> 115.73989 | F4: =Inputs!B63/1000 -> 1446.6621 | G4: =E4/F4 -> 0.080004786 | H4: =A4*Inputs!B40 -> 0.0275 | I4: =H4*1000*Components!J10 -> 0.074786055 | J4: =Components!N10 -> 173.76622 | K4: =A4/J4 -> 0.0057548583 | L4: =IF(G4<1,"合格","NG") -> 合格 | M4: =IF(K4<1,"合格","NG") -> 合格 | N4: =IF(AND(L4="合格",M4="合格"),"合格","NG") -> 合格
A5: 2 | B5: =A5*Inputs!B44 -> 1.92 | C5: =SQRT(4*Inputs!B21*A5*1000/(Inputs!B10*Inputs!B11))/1000 -> 136.40077 | D5: =C5*(1+Inputs!B43) -> 163.68092 | E5: =D5*Components!G10 -> 163.68092 | F5: =Inputs!B63/1000 -> 1446.6621 | G5: =E5/F5 -> 0.11314385 | H5: =A5*Inputs!B40 -> 0.055 | I5: =H5*1000*Components!J10 -> 0.14957211 | J5: =Components!N10 -> 173.76622 | K5: =A5/J5 -> 0.011509717 | L5: =IF(G5<1,"合格","NG") -> 合格 | M5: =IF(K5<1,"合格","NG") -> 合格 | N5: =IF(AND(L5="合格",M5="合格"),"合格","NG") -> 合格
A6: 3 | B6: =A6*Inputs!B44 -> 2.88 | C6: =SQRT(4*Inputs!B21*A6*1000/(Inputs!B10*Inputs!B11))/1000 -> 167.05614 | D6: =C6*(1+Inputs!B43) -> 200.46737 | E6: =D6*Components!G10 -> 200.46737 | F6: =Inputs!B63/1000 -> 1446.6621 | G6: =E6/F6 -> 0.13857235 | H6: =A6*Inputs!B40 -> 0.0825 | I6: =H6*1000*Components!J10 -> 0.22435816 | J6: =Components!N10 -> 173.76622 | K6: =A6/J6 -> 0.017264575 | L6: =IF(G6<1,"合格","NG") -> 合格 | M6: =IF(K6<1,"合格","NG") -> 合格 | N6: =IF(AND(L6="合格",M6="合格"),"合格","NG") -> 合格
A7: 4 | B7: =A7*Inputs!B44 -> 3.84 | C7: =SQRT(4*Inputs!B21*A7*1000/(Inputs!B10*Inputs!B11))/1000 -> 192.89982 | D7: =C7*(1+Inputs!B43) -> 231.47978 | E7: =D7*Components!G10 -> 231.47978 | F7: =Inputs!B63/1000 -> 1446.6621 | G7: =E7/F7 -> 0.16000957 | H7: =A7*Inputs!B40 -> 0.11 | I7: =H7*1000*Components!J10 -> 0.29914422 | J7: =Components!N10 -> 173.76622 | K7: =A7/J7 -> 0.023019433 | L7: =IF(G7<1,"合格","NG") -> 合格 | M7: =IF(K7<1,"合格","NG") -> 合格 | N7: =IF(AND(L7="合格",M7="合格"),"合格","NG") -> 合格
A8: 5 | B8: =A8*Inputs!B44 -> 4.8 | C8: =SQRT(4*Inputs!B21*A8*1000/(Inputs!B10*Inputs!B11))/1000 -> 215.66856 | D8: =C8*(1+Inputs!B43) -> 258.80227 | E8: =D8*Components!G10 -> 258.80227 | F8: =Inputs!B63/1000 -> 1446.6621 | G8: =E8/F8 -> 0.17889614 | H8: =A8*Inputs!B40 -> 0.1375 | I8: =H8*1000*Components!J10 -> 0.37393027 | J8: =Components!N10 -> 173.76622 | K8: =A8/J8 -> 0.028774292 | L8: =IF(G8<1,"合格","NG") -> 合格 | M8: =IF(K8<1,"合格","NG") -> 合格 | N8: =IF(AND(L8="合格",M8="合格"),"合格","NG") -> 合格
A9: 6 | B9: =A9*Inputs!B44 -> 5.76 | C9: =SQRT(4*Inputs!B21*A9*1000/(Inputs!B10*Inputs!B11))/1000 -> 236.25307 | D9: =C9*(1+Inputs!B43) -> 283.50368 | E9: =D9*Components!G10 -> 283.50368 | F9: =Inputs!B63/1000 -> 1446.6621 | G9: =E9/F9 -> 0.1959709 | H9: =A9*Inputs!B40 -> 0.165 | I9: =H9*1000*Components!J10 -> 0.44871633 | J9: =Components!N10 -> 173.76622 | K9: =A9/J9 -> 0.03452915 | L9: =IF(G9<1,"合格","NG") -> 合格 | M9: =IF(K9<1,"合格","NG") -> 合格 | N9: =IF(AND(L9="合格",M9="合格"),"合格","NG") -> 合格
A10: 7 | B10: =A10*Inputs!B44 -> 6.72 | C10: =SQRT(4*Inputs!B21*A10*1000/(Inputs!B10*Inputs!B11))/1000 -> 255.18248 | D10: =C10*(1+Inputs!B43) -> 306.21897 | E10: =D10*Components!G10 -> 306.21897 | F10: =Inputs!B63/1000 -> 1446.6621 | G10: =E10/F10 -> 0.21167277 | H10: =A10*Inputs!B40 -> 0.1925 | I10: =H10*1000*Components!J10 -> 0.52350238 | J10: =Components!N10 -> 173.76622 | K10: =A10/J10 -> 0.040284008 | L10: =IF(G10<1,"合格","NG") -> 合格 | M10: =IF(K10<1,"合格","NG") -> 合格 | N10: =IF(AND(L10="合格",M10="合格"),"合格","NG") -> 合格
A11: 8 | B11: =A11*Inputs!B44 -> 7.68 | C11: =SQRT(4*Inputs!B21*A11*1000/(Inputs!B10*Inputs!B11))/1000 -> 272.80154 | D11: =C11*(1+Inputs!B43) -> 327.36185 | E11: =D11*Components!G10 -> 327.36185 | F11: =Inputs!B63/1000 -> 1446.6621 | G11: =E11/F11 -> 0.22628771 | H11: =A11*Inputs!B40 -> 0.22 | I11: =H11*1000*Components!J10 -> 0.59828844 | J11: =Components!N10 -> 173.76622 | K11: =A11/J11 -> 0.046038867 | L11: =IF(G11<1,"合格","NG") -> 合格 | M11: =IF(K11<1,"合格","NG") -> 合格 | N11: =IF(AND(L11="合格",M11="合格"),"合格","NG") -> 合格
A12: 9 | B12: =A12*Inputs!B44 -> 8.64 | C12: =SQRT(4*Inputs!B21*A12*1000/(Inputs!B10*Inputs!B11))/1000 -> 289.34973 | D12: =C12*(1+Inputs!B43) -> 347.21968 | E12: =D12*Components!G10 -> 347.21968 | F12: =Inputs!B63/1000 -> 1446.6621 | G12: =E12/F12 -> 0.24001436 | H12: =A12*Inputs!B40 -> 0.2475 | I12: =H12*1000*Components!J10 -> 0.67307449 | J12: =Components!N10 -> 173.76622 | K12: =A12/J12 -> 0.051793725 | L12: =IF(G12<1,"合格","NG") -> 合格 | M12: =IF(K12<1,"合格","NG") -> 合格 | N12: =IF(AND(L12="合格",M12="合格"),"合格","NG") -> 合格
A13: 10 | B13: =A13*Inputs!B44 -> 9.6 | C13: =SQRT(4*Inputs!B21*A13*1000/(Inputs!B10*Inputs!B11))/1000 -> 305.0014 | D13: =C13*(1+Inputs!B43) -> 366.00167 | E13: =D13*Components!G10 -> 366.00167 | F13: =Inputs!B63/1000 -> 1446.6621 | G13: =E13/F13 -> 0.25299735 | H13: =A13*Inputs!B40 -> 0.275 | I13: =H13*1000*Components!J10 -> 0.74786055 | J13: =Components!N10 -> 173.76622 | K13: =A13/J13 -> 0.057548583 | L13: =IF(G13<1,"合格","NG") -> 合格 | M13: =IF(K13<1,"合格","NG") -> 合格 | N13: =IF(AND(L13="合格",M13="合格"),"合格","NG") -> 合格
A14: 11 | B14: =A14*Inputs!B44 -> 10.56 | C14: =SQRT(4*Inputs!B21*A14*1000/(Inputs!B10*Inputs!B11))/1000 -> 319.88816 | D14: =C14*(1+Inputs!B43) -> 383.8658 | E14: =D14*Components!G10 -> 383.8658 | F14: =Inputs!B63/1000 -> 1446.6621 | G14: =E14/F14 -> 0.26534586 | H14: =A14*Inputs!B40 -> 0.3025 | I14: =H14*1000*Components!J10 -> 0.8226466 | J14: =Components!N10 -> 173.76622 | K14: =A14/J14 -> 0.063303442 | L14: =IF(G14<1,"合格","NG") -> 合格 | M14: =IF(K14<1,"合格","NG") -> 合格 | N14: =IF(AND(L14="合格",M14="合格"),"合格","NG") -> 合格
A15: 12 | B15: =A15*Inputs!B44 -> 11.52 | C15: =SQRT(4*Inputs!B21*A15*1000/(Inputs!B10*Inputs!B11))/1000 -> 334.11229 | D15: =C15*(1+Inputs!B43) -> 400.93475 | E15: =D15*Components!G10 -> 400.93475 | F15: =Inputs!B63/1000 -> 1446.6621 | G15: =E15/F15 -> 0.27714471 | H15: =A15*Inputs!B40 -> 0.33 | I15: =H15*1000*Components!J10 -> 0.89743265 | J15: =Components!N10 -> 173.76622 | K15: =A15/J15 -> 0.0690583 | L15: =IF(G15<1,"合格","NG") -> 合格 | M15: =IF(K15<1,"合格","NG") -> 合格 | N15: =IF(AND(L15="合格",M15="合格"),"合格","NG") -> 合格
A16: 13 | B16: =A16*Inputs!B44 -> 12.48 | C16: =SQRT(4*Inputs!B21*A16*1000/(Inputs!B10*Inputs!B11))/1000 -> 347.7551 | D16: =C16*(1+Inputs!B43) -> 417.30612 | E16: =D16*Components!G10 -> 417.30612 | F16: =Inputs!B63/1000 -> 1446.6621 | G16: =E16/F16 -> 0.28846136 | H16: =A16*Inputs!B40 -> 0.3575 | I16: =H16*1000*Components!J10 -> 0.97221871 | J16: =Components!N10 -> 173.76622 | K16: =A16/J16 -> 0.074813158 | L16: =IF(G16<1,"合格","NG") -> 合格 | M16: =IF(K16<1,"合格","NG") -> 合格 | N16: =IF(AND(L16="合格",M16="合格"),"合格","NG") -> 合格
A17: 14 | B17: =A17*Inputs!B44 -> 13.44 | C17: =SQRT(4*Inputs!B21*A17*1000/(Inputs!B10*Inputs!B11))/1000 -> 360.88252 | D17: =C17*(1+Inputs!B43) -> 433.05902 | E17: =D17*Components!G10 -> 433.05902 | F17: =Inputs!B63/1000 -> 1446.6621 | G17: =E17/F17 -> 0.2993505 | H17: =A17*Inputs!B40 -> 0.385 | I17: =H17*1000*Components!J10 -> 1.0470048 | J17: =Components!N10 -> 173.76622 | K17: =A17/J17 -> 0.080568017 | L17: =IF(G17<1,"合格","NG") -> 合格 | M17: =IF(K17<1,"合格","NG") -> 合格 | N17: =IF(AND(L17="合格",M17="合格"),"合格","NG") -> 合格
A18: 15 | B18: =A18*Inputs!B44 -> 14.4 | C18: =SQRT(4*Inputs!B21*A18*1000/(Inputs!B10*Inputs!B11))/1000 -> 373.5489 | D18: =C18*(1+Inputs!B43) -> 448.25867 | E18: =D18*Components!G10 -> 448.25867 | F18: =Inputs!B63/1000 -> 1446.6621 | G18: =E18/F18 -> 0.30985721 | H18: =A18*Inputs!B40 -> 0.4125 | I18: =H18*1000*Components!J10 -> 1.1217908 | J18: =Components!N10 -> 173.76622 | K18: =A18/J18 -> 0.086322875 | L18: =IF(G18<1,"合格","NG") -> 合格 | M18: =IF(K18<1,"合格","NG") -> 合格 | N18: =IF(AND(L18="合格",M18="合格"),"合格","NG") -> 合格
A19: 16 | B19: =A19*Inputs!B44 -> 15.36 | C19: =SQRT(4*Inputs!B21*A19*1000/(Inputs!B10*Inputs!B11))/1000 -> 385.79964 | D19: =C19*(1+Inputs!B43) -> 462.95957 | E19: =D19*Components!G10 -> 462.95957 | F19: =Inputs!B63/1000 -> 1446.6621 | G19: =E19/F19 -> 0.32001915 | H19: =A19*Inputs!B40 -> 0.44 | I19: =H19*1000*Components!J10 -> 1.1965769 | J19: =Components!N10 -> 173.76622 | K19: =A19/J19 -> 0.092077733 | L19: =IF(G19<1,"合格","NG") -> 合格 | M19: =IF(K19<1,"合格","NG") -> 合格 | N19: =IF(AND(L19="合格",M19="合格"),"合格","NG") -> 合格
A20: 17 | B20: =A20*Inputs!B44 -> 16.32 | C20: =SQRT(4*Inputs!B21*A20*1000/(Inputs!B10*Inputs!B11))/1000 -> 397.67317 | D20: =C20*(1+Inputs!B43) -> 477.2078 | E20: =D20*Components!G10 -> 477.2078 | F20: =Inputs!B63/1000 -> 1446.6621 | G20: =E20/F20 -> 0.32986818 | H20: =A20*Inputs!B40 -> 0.4675 | I20: =H20*1000*Components!J10 -> 1.2713629 | J20: =Components!N10 -> 173.76622 | K20: =A20/J20 -> 0.097832592 | L20: =IF(G20<1,"合格","NG") -> 合格 | M20: =IF(K20<1,"合格","NG") -> 合格 | N20: =IF(AND(L20="合格",M20="合格"),"合格","NG") -> 合格
A21: 18 | B21: =A21*Inputs!B44 -> 17.28 | C21: =SQRT(4*Inputs!B21*A21*1000/(Inputs!B10*Inputs!B11))/1000 -> 409.20231 | D21: =C21*(1+Inputs!B43) -> 491.04277 | E21: =D21*Components!G10 -> 491.04277 | F21: =Inputs!B63/1000 -> 1446.6621 | G21: =E21/F21 -> 0.33943156 | H21: =A21*Inputs!B40 -> 0.495 | I21: =H21*1000*Components!J10 -> 1.346149 | J21: =Components!N10 -> 173.76622 | K21: =A21/J21 -> 0.10358745 | L21: =IF(G21<1,"合格","NG") -> 合格 | M21: =IF(K21<1,"合格","NG") -> 合格 | N21: =IF(AND(L21="合格",M21="合格"),"合格","NG") -> 合格
A22: 19 | B22: =A22*Inputs!B44 -> 18.24 | C22: =SQRT(4*Inputs!B21*A22*1000/(Inputs!B10*Inputs!B11))/1000 -> 420.41541 | D22: =C22*(1+Inputs!B43) -> 504.49849 | E22: =D22*Components!G10 -> 504.49849 | F22: =Inputs!B63/1000 -> 1446.6621 | G22: =E22/F22 -> 0.34873278 | H22: =A22*Inputs!B40 -> 0.5225 | I22: =H22*1000*Components!J10 -> 1.420935 | J22: =Components!N10 -> 173.76622 | K22: =A22/J22 -> 0.10934231 | L22: =IF(G22<1,"合格","NG") -> 合格 | M22: =IF(K22<1,"合格","NG") -> 合格 | N22: =IF(AND(L22="合格",M22="合格"),"合格","NG") -> 合格
A23: 20 | B23: =A23*Inputs!B44 -> 19.2 | C23: =SQRT(4*Inputs!B21*A23*1000/(Inputs!B10*Inputs!B11))/1000 -> 431.33711 | D23: =C23*(1+Inputs!B43) -> 517.60453 | E23: =D23*Components!G10 -> 517.60453 | F23: =Inputs!B63/1000 -> 1446.6621 | G23: =E23/F23 -> 0.35779228 | H23: =A23*Inputs!B40 -> 0.55 | I23: =H23*1000*Components!J10 -> 1.4957211 | J23: =Components!N10 -> 173.76622 | K23: =A23/J23 -> 0.11509717 | L23: =IF(G23<1,"合格","NG") -> 合格 | M23: =IF(K23<1,"合格","NG") -> 合格 | N23: =IF(AND(L23="合格",M23="合格"),"合格","NG") -> 合格
A24: 21 | B24: =A24*Inputs!B44 -> 20.16 | C24: =SQRT(4*Inputs!B21*A24*1000/(Inputs!B10*Inputs!B11))/1000 -> 441.98901 | D24: =C24*(1+Inputs!B43) -> 530.38682 | E24: =D24*Components!G10 -> 530.38682 | F24: =Inputs!B63/1000 -> 1446.6621 | G24: =E24/F24 -> 0.36662799 | H24: =A24*Inputs!B40 -> 0.5775 | I24: =H24*1000*Components!J10 -> 1.5705071 | J24: =Components!N10 -> 173.76622 | K24: =A24/J24 -> 0.12085202 | L24: =IF(G24<1,"合格","NG") -> 合格 | M24: =IF(K24<1,"合格","NG") -> 合格 | N24: =IF(AND(L24="合格",M24="合格"),"合格","NG") -> 合格
A25: 22 | B25: =A25*Inputs!B44 -> 21.12 | C25: =SQRT(4*Inputs!B21*A25*1000/(Inputs!B10*Inputs!B11))/1000 -> 452.39018 | D25: =C25*(1+Inputs!B43) -> 542.86821 | E25: =D25*Components!G10 -> 542.86821 | F25: =Inputs!B63/1000 -> 1446.6621 | G25: =E25/F25 -> 0.37525571 | H25: =A25*Inputs!B40 -> 0.605 | I25: =H25*1000*Components!J10 -> 1.6452932 | J25: =Components!N10 -> 173.76622 | K25: =A25/J25 -> 0.12660688 | L25: =IF(G25<1,"合格","NG") -> 合格 | M25: =IF(K25<1,"合格","NG") -> 合格 | N25: =IF(AND(L25="合格",M25="合格"),"合格","NG") -> 合格
A26: 23 | B26: =A26*Inputs!B44 -> 22.08 | C26: =SQRT(4*Inputs!B21*A26*1000/(Inputs!B10*Inputs!B11))/1000 -> 462.55752 | D26: =C26*(1+Inputs!B43) -> 555.06902 | E26: =D26*Components!G10 -> 555.06902 | F26: =Inputs!B63/1000 -> 1446.6621 | G26: =E26/F26 -> 0.38368948 | H26: =A26*Inputs!B40 -> 0.6325 | I26: =H26*1000*Components!J10 -> 1.7200793 | J26: =Components!N10 -> 173.76622 | K26: =A26/J26 -> 0.13236174 | L26: =IF(G26<1,"合格","NG") -> 合格 | M26: =IF(K26<1,"合格","NG") -> 合格 | N26: =IF(AND(L26="合格",M26="合格"),"合格","NG") -> 合格
A27: 24 | B27: =A27*Inputs!B44 -> 23.04 | C27: =SQRT(4*Inputs!B21*A27*1000/(Inputs!B10*Inputs!B11))/1000 -> 472.50613 | D27: =C27*(1+Inputs!B43) -> 567.00736 | E27: =D27*Components!G10 -> 567.00736 | F27: =Inputs!B63/1000 -> 1446.6621 | G27: =E27/F27 -> 0.39194181 | H27: =A27*Inputs!B40 -> 0.66 | I27: =H27*1000*Components!J10 -> 1.7948653 | J27: =Components!N10 -> 173.76622 | K27: =A27/J27 -> 0.1381166 | L27: =IF(G27<1,"合格","NG") -> 合格 | M27: =IF(K27<1,"合格","NG") -> 合格 | N27: =IF(AND(L27="合格",M27="合格"),"合格","NG") -> 合格
A28: 25 | B28: =A28*Inputs!B44 -> 24 | C28: =SQRT(4*Inputs!B21*A28*1000/(Inputs!B10*Inputs!B11))/1000 -> 482.24955 | D28: =C28*(1+Inputs!B43) -> 578.69946 | E28: =D28*Components!G10 -> 578.69946 | F28: =Inputs!B63/1000 -> 1446.6621 | G28: =E28/F28 -> 0.40002393 | H28: =A28*Inputs!B40 -> 0.6875 | I28: =H28*1000*Components!J10 -> 1.8696514 | J28: =Components!N10 -> 173.76622 | K28: =A28/J28 -> 0.14387146 | L28: =IF(G28<1,"合格","NG") -> 合格 | M28: =IF(K28<1,"合格","NG") -> 合格 | N28: =IF(AND(L28="合格",M28="合格"),"合格","NG") -> 合格
A29: 26 | B29: =A29*Inputs!B44 -> 24.96 | C29: =SQRT(4*Inputs!B21*A29*1000/(Inputs!B10*Inputs!B11))/1000 -> 491.79997 | D29: =C29*(1+Inputs!B43) -> 590.15997 | E29: =D29*Components!G10 -> 590.15997 | F29: =Inputs!B63/1000 -> 1446.6621 | G29: =E29/F29 -> 0.40794597 | H29: =A29*Inputs!B40 -> 0.715 | I29: =H29*1000*Components!J10 -> 1.9444374 | J29: =Components!N10 -> 173.76622 | K29: =A29/J29 -> 0.14962632 | L29: =IF(G29<1,"合格","NG") -> 合格 | M29: =IF(K29<1,"合格","NG") -> 合格 | N29: =IF(AND(L29="合格",M29="合格"),"合格","NG") -> 合格
A30: 27 | B30: =A30*Inputs!B44 -> 25.92 | C30: =SQRT(4*Inputs!B21*A30*1000/(Inputs!B10*Inputs!B11))/1000 -> 501.16843 | D30: =C30*(1+Inputs!B43) -> 601.40212 | E30: =D30*Components!G10 -> 601.40212 | F30: =Inputs!B63/1000 -> 1446.6621 | G30: =E30/F30 -> 0.41571706 | H30: =A30*Inputs!B40 -> 0.7425 | I30: =H30*1000*Components!J10 -> 2.0192235 | J30: =Components!N10 -> 173.76622 | K30: =A30/J30 -> 0.15538117 | L30: =IF(G30<1,"合格","NG") -> 合格 | M30: =IF(K30<1,"合格","NG") -> 合格 | N30: =IF(AND(L30="合格",M30="合格"),"合格","NG") -> 合格
A31: 28 | B31: =A31*Inputs!B44 -> 26.88 | C31: =SQRT(4*Inputs!B21*A31*1000/(Inputs!B10*Inputs!B11))/1000 -> 510.36495 | D31: =C31*(1+Inputs!B43) -> 612.43794 | E31: =D31*Components!G10 -> 612.43794 | F31: =Inputs!B63/1000 -> 1446.6621 | G31: =E31/F31 -> 0.42334554 | H31: =A31*Inputs!B40 -> 0.77 | I31: =H31*1000*Components!J10 -> 2.0940095 | J31: =Components!N10 -> 173.76622 | K31: =A31/J31 -> 0.16113603 | L31: =IF(G31<1,"合格","NG") -> 合格 | M31: =IF(K31<1,"合格","NG") -> 合格 | N31: =IF(AND(L31="合格",M31="合格"),"合格","NG") -> 合格
A32: 29 | B32: =A32*Inputs!B44 -> 27.84 | C32: =SQRT(4*Inputs!B21*A32*1000/(Inputs!B10*Inputs!B11))/1000 -> 519.39866 | D32: =C32*(1+Inputs!B43) -> 623.27839 | E32: =D32*Components!G10 -> 623.27839 | F32: =Inputs!B63/1000 -> 1446.6621 | G32: =E32/F32 -> 0.43083896 | H32: =A32*Inputs!B40 -> 0.7975 | I32: =H32*1000*Components!J10 -> 2.1687956 | J32: =Components!N10 -> 173.76622 | K32: =A32/J32 -> 0.16689089 | L32: =IF(G32<1,"合格","NG") -> 合格 | M32: =IF(K32<1,"合格","NG") -> 合格 | N32: =IF(AND(L32="合格",M32="合格"),"合格","NG") -> 合格
A33: 30 | B33: =A33*Inputs!B44 -> 28.8 | C33: =SQRT(4*Inputs!B21*A33*1000/(Inputs!B10*Inputs!B11))/1000 -> 528.27791 | D33: =C33*(1+Inputs!B43) -> 633.9335 | E33: =D33*Components!G10 -> 633.9335 | F33: =Inputs!B63/1000 -> 1446.6621 | G33: =E33/F33 -> 0.43820426 | H33: =A33*Inputs!B40 -> 0.825 | I33: =H33*1000*Components!J10 -> 2.2435816 | J33: =Components!N10 -> 173.76622 | K33: =A33/J33 -> 0.17264575 | L33: =IF(G33<1,"合格","NG") -> 合格 | M33: =IF(K33<1,"合格","NG") -> 合格 | N33: =IF(AND(L33="合格",M33="合格"),"合格","NG") -> 合格
A34: 31 | B34: =A34*Inputs!B44 -> 29.76 | C34: =SQRT(4*Inputs!B21*A34*1000/(Inputs!B10*Inputs!B11))/1000 -> 537.01037 | D34: =C34*(1+Inputs!B43) -> 644.41245 | E34: =D34*Components!G10 -> 644.41245 | F34: =Inputs!B63/1000 -> 1446.6621 | G34: =E34/F34 -> 0.4454478 | H34: =A34*Inputs!B40 -> 0.8525 | I34: =H34*1000*Components!J10 -> 2.3183677 | J34: =Components!N10 -> 173.76622 | K34: =A34/J34 -> 0.17840061 | L34: =IF(G34<1,"合格","NG") -> 合格 | M34: =IF(K34<1,"合格","NG") -> 合格 | N34: =IF(AND(L34="合格",M34="合格"),"合格","NG") -> 合格
A35: 32 | B35: =A35*Inputs!B44 -> 30.72 | C35: =SQRT(4*Inputs!B21*A35*1000/(Inputs!B10*Inputs!B11))/1000 -> 545.60308 | D35: =C35*(1+Inputs!B43) -> 654.7237 | E35: =D35*Components!G10 -> 654.7237 | F35: =Inputs!B63/1000 -> 1446.6621 | G35: =E35/F35 -> 0.45257542 | H35: =A35*Inputs!B40 -> 0.88 | I35: =H35*1000*Components!J10 -> 2.3931537 | J35: =Components!N10 -> 173.76622 | K35: =A35/J35 -> 0.18415547 | L35: =IF(G35<1,"合格","NG") -> 合格 | M35: =IF(K35<1,"合格","NG") -> 合格 | N35: =IF(AND(L35="合格",M35="合格"),"合格","NG") -> 合格
A36: 33 | B36: =A36*Inputs!B44 -> 31.68 | C36: =SQRT(4*Inputs!B21*A36*1000/(Inputs!B10*Inputs!B11))/1000 -> 554.06255 | D36: =C36*(1+Inputs!B43) -> 664.87506 | E36: =D36*Components!G10 -> 664.87506 | F36: =Inputs!B63/1000 -> 1446.6621 | G36: =E36/F36 -> 0.45959251 | H36: =A36*Inputs!B40 -> 0.9075 | I36: =H36*1000*Components!J10 -> 2.4679398 | J36: =Components!N10 -> 173.76622 | K36: =A36/J36 -> 0.18991032 | L36: =IF(G36<1,"合格","NG") -> 合格 | M36: =IF(K36<1,"合格","NG") -> 合格 | N36: =IF(AND(L36="合格",M36="合格"),"合格","NG") -> 合格
A37: 34 | B37: =A37*Inputs!B44 -> 32.64 | C37: =SQRT(4*Inputs!B21*A37*1000/(Inputs!B10*Inputs!B11))/1000 -> 562.39479 | D37: =C37*(1+Inputs!B43) -> 674.87374 | E37: =D37*Components!G10 -> 674.87374 | F37: =Inputs!B63/1000 -> 1446.6621 | G37: =E37/F37 -> 0.46650406 | H37: =A37*Inputs!B40 -> 0.935 | I37: =H37*1000*Components!J10 -> 2.5427259 | J37: =Components!N10 -> 173.76622 | K37: =A37/J37 -> 0.19566518 | L37: =IF(G37<1,"合格","NG") -> 合格 | M37: =IF(K37<1,"合格","NG") -> 合格 | N37: =IF(AND(L37="合格",M37="合格"),"合格","NG") -> 合格
A38: 35 | B38: =A38*Inputs!B44 -> 33.6 | C38: =SQRT(4*Inputs!B21*A38*1000/(Inputs!B10*Inputs!B11))/1000 -> 570.60536 | D38: =C38*(1+Inputs!B43) -> 684.72644 | E38: =D38*Components!G10 -> 684.72644 | F38: =Inputs!B63/1000 -> 1446.6621 | G38: =E38/F38 -> 0.4733147 | H38: =A38*Inputs!B40 -> 0.9625 | I38: =H38*1000*Components!J10 -> 2.6175119 | J38: =Components!N10 -> 173.76622 | K38: =A38/J38 -> 0.20142004 | L38: =IF(G38<1,"合格","NG") -> 合格 | M38: =IF(K38<1,"合格","NG") -> 合格 | N38: =IF(AND(L38="合格",M38="合格"),"合格","NG") -> 合格
A39: 36 | B39: =A39*Inputs!B44 -> 34.56 | C39: =SQRT(4*Inputs!B21*A39*1000/(Inputs!B10*Inputs!B11))/1000 -> 578.69946 | D39: =C39*(1+Inputs!B43) -> 694.43935 | E39: =D39*Components!G10 -> 694.43935 | F39: =Inputs!B63/1000 -> 1446.6621 | G39: =E39/F39 -> 0.48002872 | H39: =A39*Inputs!B40 -> 0.99 | I39: =H39*1000*Components!J10 -> 2.692298 | J39: =Components!N10 -> 173.76622 | K39: =A39/J39 -> 0.2071749 | L39: =IF(G39<1,"合格","NG") -> 合格 | M39: =IF(K39<1,"合格","NG") -> 合格 | N39: =IF(AND(L39="合格",M39="合格"),"合格","NG") -> 合格
A40: 37 | B40: =A40*Inputs!B44 -> 35.52 | C40: =SQRT(4*Inputs!B21*A40*1000/(Inputs!B10*Inputs!B11))/1000 -> 586.6819 | D40: =C40*(1+Inputs!B43) -> 704.01828 | E40: =D40*Components!G10 -> 704.01828 | F40: =Inputs!B63/1000 -> 1446.6621 | G40: =E40/F40 -> 0.48665012 | H40: =A40*Inputs!B40 -> 1.0175 | I40: =H40*1000*Components!J10 -> 2.767084 | J40: =Components!N10 -> 173.76622 | K40: =A40/J40 -> 0.21292976 | L40: =IF(G40<1,"合格","NG") -> 合格 | M40: =IF(K40<1,"合格","NG") -> 合格 | N40: =IF(AND(L40="合格",M40="合格"),"合格","NG") -> 合格
A41: 38 | B41: =A41*Inputs!B44 -> 36.48 | C41: =SQRT(4*Inputs!B21*A41*1000/(Inputs!B10*Inputs!B11))/1000 -> 594.55718 | D41: =C41*(1+Inputs!B43) -> 713.46861 | E41: =D41*Components!G10 -> 713.46861 | F41: =Inputs!B63/1000 -> 1446.6621 | G41: =E41/F41 -> 0.49318263 | H41: =A41*Inputs!B40 -> 1.045 | I41: =H41*1000*Components!J10 -> 2.8418701 | J41: =Components!N10 -> 173.76622 | K41: =A41/J41 -> 0.21868462 | L41: =IF(G41<1,"合格","NG") -> 合格 | M41: =IF(K41<1,"合格","NG") -> 合格 | N41: =IF(AND(L41="合格",M41="合格"),"合格","NG") -> 合格
A42: 39 | B42: =A42*Inputs!B44 -> 37.44 | C42: =SQRT(4*Inputs!B21*A42*1000/(Inputs!B10*Inputs!B11))/1000 -> 602.32949 | D42: =C42*(1+Inputs!B43) -> 722.79539 | E42: =D42*Components!G10 -> 722.79539 | F42: =Inputs!B63/1000 -> 1446.6621 | G42: =E42/F42 -> 0.49962973 | H42: =A42*Inputs!B40 -> 1.0725 | I42: =H42*1000*Components!J10 -> 2.9166561 | J42: =Components!N10 -> 173.76622 | K42: =A42/J42 -> 0.22443947 | L42: =IF(G42<1,"合格","NG") -> 合格 | M42: =IF(K42<1,"合格","NG") -> 合格 | N42: =IF(AND(L42="合格",M42="合格"),"合格","NG") -> 合格
A43: 40 | B43: =A43*Inputs!B44 -> 38.4 | C43: =SQRT(4*Inputs!B21*A43*1000/(Inputs!B10*Inputs!B11))/1000 -> 610.00279 | D43: =C43*(1+Inputs!B43) -> 732.00335 | E43: =D43*Components!G10 -> 732.00335 | F43: =Inputs!B63/1000 -> 1446.6621 | G43: =E43/F43 -> 0.5059947 | H43: =A43*Inputs!B40 -> 1.1 | I43: =H43*1000*Components!J10 -> 2.9914422 | J43: =Components!N10 -> 173.76622 | K43: =A43/J43 -> 0.23019433 | L43: =IF(G43<1,"合格","NG") -> 合格 | M43: =IF(K43<1,"合格","NG") -> 合格 | N43: =IF(AND(L43="合格",M43="合格"),"合格","NG") -> 合格
A44: 41 | B44: =A44*Inputs!B44 -> 39.36 | C44: =SQRT(4*Inputs!B21*A44*1000/(Inputs!B10*Inputs!B11))/1000 -> 617.58076 | D44: =C44*(1+Inputs!B43) -> 741.09691 | E44: =D44*Components!G10 -> 741.09691 | F44: =Inputs!B63/1000 -> 1446.6621 | G44: =E44/F44 -> 0.51228059 | H44: =A44*Inputs!B40 -> 1.1275 | I44: =H44*1000*Components!J10 -> 3.0662282 | J44: =Components!N10 -> 173.76622 | K44: =A44/J44 -> 0.23594919 | L44: =IF(G44<1,"合格","NG") -> 合格 | M44: =IF(K44<1,"合格","NG") -> 合格 | N44: =IF(AND(L44="合格",M44="合格"),"合格","NG") -> 合格
A45: 42 | B45: =A45*Inputs!B44 -> 40.32 | C45: =SQRT(4*Inputs!B21*A45*1000/(Inputs!B10*Inputs!B11))/1000 -> 625.06686 | D45: =C45*(1+Inputs!B43) -> 750.08023 | E45: =D45*Components!G10 -> 750.08023 | F45: =Inputs!B63/1000 -> 1446.6621 | G45: =E45/F45 -> 0.51849027 | H45: =A45*Inputs!B40 -> 1.155 | I45: =H45*1000*Components!J10 -> 3.1410143 | J45: =Components!N10 -> 173.76622 | K45: =A45/J45 -> 0.24170405 | L45: =IF(G45<1,"合格","NG") -> 合格 | M45: =IF(K45<1,"合格","NG") -> 合格 | N45: =IF(AND(L45="合格",M45="合格"),"合格","NG") -> 合格
A46: 43 | B46: =A46*Inputs!B44 -> 41.28 | C46: =SQRT(4*Inputs!B21*A46*1000/(Inputs!B10*Inputs!B11))/1000 -> 632.46436 | D46: =C46*(1+Inputs!B43) -> 758.95723 | E46: =D46*Components!G10 -> 758.95723 | F46: =Inputs!B63/1000 -> 1446.6621 | G46: =E46/F46 -> 0.52462647 | H46: =A46*Inputs!B40 -> 1.1825 | I46: =H46*1000*Components!J10 -> 3.2158003 | J46: =Components!N10 -> 173.76622 | K46: =A46/J46 -> 0.24745891 | L46: =IF(G46<1,"合格","NG") -> 合格 | M46: =IF(K46<1,"合格","NG") -> 合格 | N46: =IF(AND(L46="合格",M46="合格"),"合格","NG") -> 合格
A47: 44 | B47: =A47*Inputs!B44 -> 42.24 | C47: =SQRT(4*Inputs!B21*A47*1000/(Inputs!B10*Inputs!B11))/1000 -> 639.77633 | D47: =C47*(1+Inputs!B43) -> 767.73159 | E47: =D47*Components!G10 -> 767.73159 | F47: =Inputs!B63/1000 -> 1446.6621 | G47: =E47/F47 -> 0.53069172 | H47: =A47*Inputs!B40 -> 1.21 | I47: =H47*1000*Components!J10 -> 3.2905864 | J47: =Components!N10 -> 173.76622 | K47: =A47/J47 -> 0.25321377 | L47: =IF(G47<1,"合格","NG") -> 合格 | M47: =IF(K47<1,"合格","NG") -> 合格 | N47: =IF(AND(L47="合格",M47="合格"),"合格","NG") -> 合格
A48: 45 | B48: =A48*Inputs!B44 -> 43.2 | C48: =SQRT(4*Inputs!B21*A48*1000/(Inputs!B10*Inputs!B11))/1000 -> 647.00567 | D48: =C48*(1+Inputs!B43) -> 776.4068 | E48: =D48*Components!G10 -> 776.4068 | F48: =Inputs!B63/1000 -> 1446.6621 | G48: =E48/F48 -> 0.53668842 | H48: =A48*Inputs!B40 -> 1.2375 | I48: =H48*1000*Components!J10 -> 3.3653725 | J48: =Components!N10 -> 173.76622 | K48: =A48/J48 -> 0.25896862 | L48: =IF(G48<1,"合格","NG") -> 合格 | M48: =IF(K48<1,"合格","NG") -> 合格 | N48: =IF(AND(L48="合格",M48="合格"),"合格","NG") -> 合格
A49: 46 | B49: =A49*Inputs!B44 -> 44.16 | C49: =SQRT(4*Inputs!B21*A49*1000/(Inputs!B10*Inputs!B11))/1000 -> 654.15512 | D49: =C49*(1+Inputs!B43) -> 784.98614 | E49: =D49*Components!G10 -> 784.98614 | F49: =Inputs!B63/1000 -> 1446.6621 | G49: =E49/F49 -> 0.54261886 | H49: =A49*Inputs!B40 -> 1.265 | I49: =H49*1000*Components!J10 -> 3.4401585 | J49: =Components!N10 -> 173.76622 | K49: =A49/J49 -> 0.26472348 | L49: =IF(G49<1,"合格","NG") -> 合格 | M49: =IF(K49<1,"合格","NG") -> 合格 | N49: =IF(AND(L49="合格",M49="合格"),"合格","NG") -> 合格
A50: 47 | B50: =A50*Inputs!B44 -> 45.12 | C50: =SQRT(4*Inputs!B21*A50*1000/(Inputs!B10*Inputs!B11))/1000 -> 661.22727 | D50: =C50*(1+Inputs!B43) -> 793.47272 | E50: =D50*Components!G10 -> 793.47272 | F50: =Inputs!B63/1000 -> 1446.6621 | G50: =E50/F50 -> 0.54848518 | H50: =A50*Inputs!B40 -> 1.2925 | I50: =H50*1000*Components!J10 -> 3.5149446 | J50: =Components!N10 -> 173.76622 | K50: =A50/J50 -> 0.27047834 | L50: =IF(G50<1,"合格","NG") -> 合格 | M50: =IF(K50<1,"合格","NG") -> 合格 | N50: =IF(AND(L50="合格",M50="合格"),"合格","NG") -> 合格
A51: 48 | B51: =A51*Inputs!B44 -> 46.08 | C51: =SQRT(4*Inputs!B21*A51*1000/(Inputs!B10*Inputs!B11))/1000 -> 668.22458 | D51: =C51*(1+Inputs!B43) -> 801.86949 | E51: =D51*Components!G10 -> 801.86949 | F51: =Inputs!B63/1000 -> 1446.6621 | G51: =E51/F51 -> 0.55428942 | H51: =A51*Inputs!B40 -> 1.32 | I51: =H51*1000*Components!J10 -> 3.5897306 | J51: =Components!N10 -> 173.76622 | K51: =A51/J51 -> 0.2762332 | L51: =IF(G51<1,"合格","NG") -> 合格 | M51: =IF(K51<1,"合格","NG") -> 合格 | N51: =IF(AND(L51="合格",M51="合格"),"合格","NG") -> 合格
A52: 49 | B52: =A52*Inputs!B44 -> 47.04 | C52: =SQRT(4*Inputs!B21*A52*1000/(Inputs!B10*Inputs!B11))/1000 -> 675.14937 | D52: =C52*(1+Inputs!B43) -> 810.17924 | E52: =D52*Components!G10 -> 810.17924 | F52: =Inputs!B63/1000 -> 1446.6621 | G52: =E52/F52 -> 0.5600335 | H52: =A52*Inputs!B40 -> 1.3475 | I52: =H52*1000*Components!J10 -> 3.6645167 | J52: =Components!N10 -> 173.76622 | K52: =A52/J52 -> 0.28198806 | L52: =IF(G52<1,"合格","NG") -> 合格 | M52: =IF(K52<1,"合格","NG") -> 合格 | N52: =IF(AND(L52="合格",M52="合格"),"合格","NG") -> 合格
A53: 50 | B53: =A53*Inputs!B44 -> 48 | C53: =SQRT(4*Inputs!B21*A53*1000/(Inputs!B10*Inputs!B11))/1000 -> 682.00385 | D53: =C53*(1+Inputs!B43) -> 818.40462 | E53: =D53*Components!G10 -> 818.40462 | F53: =Inputs!B63/1000 -> 1446.6621 | G53: =E53/F53 -> 0.56571927 | H53: =A53*Inputs!B40 -> 1.375 | I53: =H53*1000*Components!J10 -> 3.7393027 | J53: =Components!N10 -> 173.76622 | K53: =A53/J53 -> 0.28774292 | L53: =IF(G53<1,"合格","NG") -> 合格 | M53: =IF(K53<1,"合格","NG") -> 合格 | N53: =IF(AND(L53="合格",M53="合格"),"合格","NG") -> 合格
A54: 51 | B54: =A54*Inputs!B44 -> 48.96 | C54: =SQRT(4*Inputs!B21*A54*1000/(Inputs!B10*Inputs!B11))/1000 -> 688.79013 | D54: =C54*(1+Inputs!B43) -> 826.54816 | E54: =D54*Components!G10 -> 826.54816 | F54: =Inputs!B63/1000 -> 1446.6621 | G54: =E54/F54 -> 0.57134846 | H54: =A54*Inputs!B40 -> 1.4025 | I54: =H54*1000*Components!J10 -> 3.8140888 | J54: =Components!N10 -> 173.76622 | K54: =A54/J54 -> 0.29349777 | L54: =IF(G54<1,"合格","NG") -> 合格 | M54: =IF(K54<1,"合格","NG") -> 合格 | N54: =IF(AND(L54="合格",M54="合格"),"合格","NG") -> 合格
A55: 52 | B55: =A55*Inputs!B44 -> 49.92 | C55: =SQRT(4*Inputs!B21*A55*1000/(Inputs!B10*Inputs!B11))/1000 -> 695.51019 | D55: =C55*(1+Inputs!B43) -> 834.61223 | E55: =D55*Components!G10 -> 834.61223 | F55: =Inputs!B63/1000 -> 1446.6621 | G55: =E55/F55 -> 0.57692272 | H55: =A55*Inputs!B40 -> 1.43 | I55: =H55*1000*Components!J10 -> 3.8888748 | J55: =Components!N10 -> 173.76622 | K55: =A55/J55 -> 0.29925263 | L55: =IF(G55<1,"合格","NG") -> 合格 | M55: =IF(K55<1,"合格","NG") -> 合格 | N55: =IF(AND(L55="合格",M55="合格"),"合格","NG") -> 合格
A56: 53 | B56: =A56*Inputs!B44 -> 50.88 | C56: =SQRT(4*Inputs!B21*A56*1000/(Inputs!B10*Inputs!B11))/1000 -> 702.16594 | D56: =C56*(1+Inputs!B43) -> 842.59913 | E56: =D56*Components!G10 -> 842.59913 | F56: =Inputs!B63/1000 -> 1446.6621 | G56: =E56/F56 -> 0.58244364 | H56: =A56*Inputs!B40 -> 1.4575 | I56: =H56*1000*Components!J10 -> 3.9636609 | J56: =Components!N10 -> 173.76622 | K56: =A56/J56 -> 0.30500749 | L56: =IF(G56<1,"合格","NG") -> 合格 | M56: =IF(K56<1,"合格","NG") -> 合格 | N56: =IF(AND(L56="合格",M56="合格"),"合格","NG") -> 合格
A57: 54 | B57: =A57*Inputs!B44 -> 51.84 | C57: =SQRT(4*Inputs!B21*A57*1000/(Inputs!B10*Inputs!B11))/1000 -> 708.7592 | D57: =C57*(1+Inputs!B43) -> 850.51103 | E57: =D57*Components!G10 -> 850.51103 | F57: =Inputs!B63/1000 -> 1446.6621 | G57: =E57/F57 -> 0.58791271 | H57: =A57*Inputs!B40 -> 1.485 | I57: =H57*1000*Components!J10 -> 4.0384469 | J57: =Components!N10 -> 173.76622 | K57: =A57/J57 -> 0.31076235 | L57: =IF(G57<1,"合格","NG") -> 合格 | M57: =IF(K57<1,"合格","NG") -> 合格 | N57: =IF(AND(L57="合格",M57="合格"),"合格","NG") -> 合格
A58: 55 | B58: =A58*Inputs!B44 -> 52.8 | C58: =SQRT(4*Inputs!B21*A58*1000/(Inputs!B10*Inputs!B11))/1000 -> 715.29168 | D58: =C58*(1+Inputs!B43) -> 858.35001 | E58: =D58*Components!G10 -> 858.35001 | F58: =Inputs!B63/1000 -> 1446.6621 | G58: =E58/F58 -> 0.59333138 | H58: =A58*Inputs!B40 -> 1.5125 | I58: =H58*1000*Components!J10 -> 4.113233 | J58: =Components!N10 -> 173.76622 | K58: =A58/J58 -> 0.31651721 | L58: =IF(G58<1,"合格","NG") -> 合格 | M58: =IF(K58<1,"合格","NG") -> 合格 | N58: =IF(AND(L58="合格",M58="合格"),"合格","NG") -> 合格
A59: 56 | B59: =A59*Inputs!B44 -> 53.76 | C59: =SQRT(4*Inputs!B21*A59*1000/(Inputs!B10*Inputs!B11))/1000 -> 721.76504 | D59: =C59*(1+Inputs!B43) -> 866.11804 | E59: =D59*Components!G10 -> 866.11804 | F59: =Inputs!B63/1000 -> 1446.6621 | G59: =E59/F59 -> 0.598701 | H59: =A59*Inputs!B40 -> 1.54 | I59: =H59*1000*Components!J10 -> 4.1880191 | J59: =Components!N10 -> 173.76622 | K59: =A59/J59 -> 0.32227207 | L59: =IF(G59<1,"合格","NG") -> 合格 | M59: =IF(K59<1,"合格","NG") -> 合格 | N59: =IF(AND(L59="合格",M59="合格"),"合格","NG") -> 合格
A60: 57 | B60: =A60*Inputs!B44 -> 54.72 | C60: =SQRT(4*Inputs!B21*A60*1000/(Inputs!B10*Inputs!B11))/1000 -> 728.18085 | D60: =C60*(1+Inputs!B43) -> 873.81702 | E60: =D60*Components!G10 -> 873.81702 | F60: =Inputs!B63/1000 -> 1446.6621 | G60: =E60/F60 -> 0.60402289 | H60: =A60*Inputs!B40 -> 1.5675 | I60: =H60*1000*Components!J10 -> 4.2628051 | J60: =Components!N10 -> 173.76622 | K60: =A60/J60 -> 0.32802692 | L60: =IF(G60<1,"合格","NG") -> 合格 | M60: =IF(K60<1,"合格","NG") -> 合格 | N60: =IF(AND(L60="合格",M60="合格"),"合格","NG") -> 合格
A61: 58 | B61: =A61*Inputs!B44 -> 55.68 | C61: =SQRT(4*Inputs!B21*A61*1000/(Inputs!B10*Inputs!B11))/1000 -> 734.54063 | D61: =C61*(1+Inputs!B43) -> 881.44876 | E61: =D61*Components!G10 -> 881.44876 | F61: =Inputs!B63/1000 -> 1446.6621 | G61: =E61/F61 -> 0.6092983 | H61: =A61*Inputs!B40 -> 1.595 | I61: =H61*1000*Components!J10 -> 4.3375912 | J61: =Components!N10 -> 173.76622 | K61: =A61/J61 -> 0.33378178 | L61: =IF(G61<1,"合格","NG") -> 合格 | M61: =IF(K61<1,"合格","NG") -> 合格 | N61: =IF(AND(L61="合格",M61="合格"),"合格","NG") -> 合格
A62: 59 | B62: =A62*Inputs!B44 -> 56.64 | C62: =SQRT(4*Inputs!B21*A62*1000/(Inputs!B10*Inputs!B11))/1000 -> 740.84582 | D62: =C62*(1+Inputs!B43) -> 889.01498 | E62: =D62*Components!G10 -> 889.01498 | F62: =Inputs!B63/1000 -> 1446.6621 | G62: =E62/F62 -> 0.61452842 | H62: =A62*Inputs!B40 -> 1.6225 | I62: =H62*1000*Components!J10 -> 4.4123772 | J62: =Components!N10 -> 173.76622 | K62: =A62/J62 -> 0.33953664 | L62: =IF(G62<1,"合格","NG") -> 合格 | M62: =IF(K62<1,"合格","NG") -> 合格 | N62: =IF(AND(L62="合格",M62="合格"),"合格","NG") -> 合格
A63: 60 | B63: =A63*Inputs!B44 -> 57.6 | C63: =SQRT(4*Inputs!B21*A63*1000/(Inputs!B10*Inputs!B11))/1000 -> 747.09779 | D63: =C63*(1+Inputs!B43) -> 896.51735 | E63: =D63*Components!G10 -> 896.51735 | F63: =Inputs!B63/1000 -> 1446.6621 | G63: =E63/F63 -> 0.61971441 | H63: =A63*Inputs!B40 -> 1.65 | I63: =H63*1000*Components!J10 -> 4.4871633 | J63: =Components!N10 -> 173.76622 | K63: =A63/J63 -> 0.3452915 | L63: =IF(G63<1,"合格","NG") -> 合格 | M63: =IF(K63<1,"合格","NG") -> 合格 | N63: =IF(AND(L63="合格",M63="合格"),"合格","NG") -> 合格
A64: 61 | B64: =A64*Inputs!B44 -> 58.56 | C64: =SQRT(4*Inputs!B21*A64*1000/(Inputs!B10*Inputs!B11))/1000 -> 753.29788 | D64: =C64*(1+Inputs!B43) -> 903.95745 | E64: =D64*Components!G10 -> 903.95745 | F64: =Inputs!B63/1000 -> 1446.6621 | G64: =E64/F64 -> 0.62485736 | H64: =A64*Inputs!B40 -> 1.6775 | I64: =H64*1000*Components!J10 -> 4.5619493 | J64: =Components!N10 -> 173.76622 | K64: =A64/J64 -> 0.35104636 | L64: =IF(G64<1,"合格","NG") -> 合格 | M64: =IF(K64<1,"合格","NG") -> 合格 | N64: =IF(AND(L64="合格",M64="合格"),"合格","NG") -> 合格
A65: 62 | B65: =A65*Inputs!B44 -> 59.52 | C65: =SQRT(4*Inputs!B21*A65*1000/(Inputs!B10*Inputs!B11))/1000 -> 759.44735 | D65: =C65*(1+Inputs!B43) -> 911.33682 | E65: =D65*Components!G10 -> 911.33682 | F65: =Inputs!B63/1000 -> 1446.6621 | G65: =E65/F65 -> 0.62995832 | H65: =A65*Inputs!B40 -> 1.705 | I65: =H65*1000*Components!J10 -> 4.6367354 | J65: =Components!N10 -> 173.76622 | K65: =A65/J65 -> 0.35680122 | L65: =IF(G65<1,"合格","NG") -> 合格 | M65: =IF(K65<1,"合格","NG") -> 合格 | N65: =IF(AND(L65="合格",M65="合格"),"合格","NG") -> 合格
A66: 63 | B66: =A66*Inputs!B44 -> 60.48 | C66: =SQRT(4*Inputs!B21*A66*1000/(Inputs!B10*Inputs!B11))/1000 -> 765.54743 | D66: =C66*(1+Inputs!B43) -> 918.65691 | E66: =D66*Components!G10 -> 918.65691 | F66: =Inputs!B63/1000 -> 1446.6621 | G66: =E66/F66 -> 0.63501831 | H66: =A66*Inputs!B40 -> 1.7325 | I66: =H66*1000*Components!J10 -> 4.7115214 | J66: =Components!N10 -> 173.76622 | K66: =A66/J66 -> 0.36255607 | L66: =IF(G66<1,"合格","NG") -> 合格 | M66: =IF(K66<1,"合格","NG") -> 合格 | N66: =IF(AND(L66="合格",M66="合格"),"合格","NG") -> 合格
A67: 64 | B67: =A67*Inputs!B44 -> 61.44 | C67: =SQRT(4*Inputs!B21*A67*1000/(Inputs!B10*Inputs!B11))/1000 -> 771.59928 | D67: =C67*(1+Inputs!B43) -> 925.91914 | E67: =D67*Components!G10 -> 925.91914 | F67: =Inputs!B63/1000 -> 1446.6621 | G67: =E67/F67 -> 0.64003829 | H67: =A67*Inputs!B40 -> 1.76 | I67: =H67*1000*Components!J10 -> 4.7863075 | J67: =Components!N10 -> 173.76622 | K67: =A67/J67 -> 0.36831093 | L67: =IF(G67<1,"合格","NG") -> 合格 | M67: =IF(K67<1,"合格","NG") -> 合格 | N67: =IF(AND(L67="合格",M67="合格"),"合格","NG") -> 合格
A68: 65 | B68: =A68*Inputs!B44 -> 62.4 | C68: =SQRT(4*Inputs!B21*A68*1000/(Inputs!B10*Inputs!B11))/1000 -> 777.60403 | D68: =C68*(1+Inputs!B43) -> 933.12484 | E68: =D68*Components!G10 -> 933.12484 | F68: =Inputs!B63/1000 -> 1446.6621 | G68: =E68/F68 -> 0.64501921 | H68: =A68*Inputs!B40 -> 1.7875 | I68: =H68*1000*Components!J10 -> 4.8610935 | J68: =Components!N10 -> 173.76622 | K68: =A68/J68 -> 0.37406579 | L68: =IF(G68<1,"合格","NG") -> 合格 | M68: =IF(K68<1,"合格","NG") -> 合格 | N68: =IF(AND(L68="合格",M68="合格"),"合格","NG") -> 合格
A69: 66 | B69: =A69*Inputs!B44 -> 63.36 | C69: =SQRT(4*Inputs!B21*A69*1000/(Inputs!B10*Inputs!B11))/1000 -> 783.56277 | D69: =C69*(1+Inputs!B43) -> 940.27533 | E69: =D69*Components!G10 -> 940.27533 | F69: =Inputs!B63/1000 -> 1446.6621 | G69: =E69/F69 -> 0.64996196 | H69: =A69*Inputs!B40 -> 1.815 | I69: =H69*1000*Components!J10 -> 4.9358796 | J69: =Components!N10 -> 173.76622 | K69: =A69/J69 -> 0.37982065 | L69: =IF(G69<1,"合格","NG") -> 合格 | M69: =IF(K69<1,"合格","NG") -> 合格 | N69: =IF(AND(L69="合格",M69="合格"),"合格","NG") -> 合格
A70: 67 | B70: =A70*Inputs!B44 -> 64.32 | C70: =SQRT(4*Inputs!B21*A70*1000/(Inputs!B10*Inputs!B11))/1000 -> 789.47654 | D70: =C70*(1+Inputs!B43) -> 947.37185 | E70: =D70*Components!G10 -> 947.37185 | F70: =Inputs!B63/1000 -> 1446.6621 | G70: =E70/F70 -> 0.6548674 | H70: =A70*Inputs!B40 -> 1.8425 | I70: =H70*1000*Components!J10 -> 5.0106657 | J70: =Components!N10 -> 173.76622 | K70: =A70/J70 -> 0.38557551 | L70: =IF(G70<1,"合格","NG") -> 合格 | M70: =IF(K70<1,"合格","NG") -> 合格 | N70: =IF(AND(L70="合格",M70="合格"),"合格","NG") -> 合格
A71: 68 | B71: =A71*Inputs!B44 -> 65.28 | C71: =SQRT(4*Inputs!B21*A71*1000/(Inputs!B10*Inputs!B11))/1000 -> 795.34633 | D71: =C71*(1+Inputs!B43) -> 954.4156 | E71: =D71*Components!G10 -> 954.4156 | F71: =Inputs!B63/1000 -> 1446.6621 | G71: =E71/F71 -> 0.65973637 | H71: =A71*Inputs!B40 -> 1.87 | I71: =H71*1000*Components!J10 -> 5.0854517 | J71: =Components!N10 -> 173.76622 | K71: =A71/J71 -> 0.39133037 | L71: =IF(G71<1,"合格","NG") -> 合格 | M71: =IF(K71<1,"合格","NG") -> 合格 | N71: =IF(AND(L71="合格",M71="合格"),"合格","NG") -> 合格
A72: 69 | B72: =A72*Inputs!B44 -> 66.24 | C72: =SQRT(4*Inputs!B21*A72*1000/(Inputs!B10*Inputs!B11))/1000 -> 801.17312 | D72: =C72*(1+Inputs!B43) -> 961.40775 | E72: =D72*Components!G10 -> 961.40775 | F72: =Inputs!B63/1000 -> 1446.6621 | G72: =E72/F72 -> 0.66456967 | H72: =A72*Inputs!B40 -> 1.8975 | I72: =H72*1000*Components!J10 -> 5.1602378 | J72: =Components!N10 -> 173.76622 | K72: =A72/J72 -> 0.39708522 | L72: =IF(G72<1,"合格","NG") -> 合格 | M72: =IF(K72<1,"合格","NG") -> 合格 | N72: =IF(AND(L72="合格",M72="合格"),"合格","NG") -> 合格
A73: 70 | B73: =A73*Inputs!B44 -> 67.2 | C73: =SQRT(4*Inputs!B21*A73*1000/(Inputs!B10*Inputs!B11))/1000 -> 806.95784 | D73: =C73*(1+Inputs!B43) -> 968.34941 | E73: =D73*Components!G10 -> 968.34941 | F73: =Inputs!B63/1000 -> 1446.6621 | G73: =E73/F73 -> 0.66936807 | H73: =A73*Inputs!B40 -> 1.925 | I73: =H73*1000*Components!J10 -> 5.2350238 | J73: =Components!N10 -> 173.76622 | K73: =A73/J73 -> 0.40284008 | L73: =IF(G73<1,"合格","NG") -> 合格 | M73: =IF(K73<1,"合格","NG") -> 合格 | N73: =IF(AND(L73="合格",M73="合格"),"合格","NG") -> 合格
A74: 71 | B74: =A74*Inputs!B44 -> 68.16 | C74: =SQRT(4*Inputs!B21*A74*1000/(Inputs!B10*Inputs!B11))/1000 -> 812.70139 | D74: =C74*(1+Inputs!B43) -> 975.24166 | E74: =D74*Components!G10 -> 975.24166 | F74: =Inputs!B63/1000 -> 1446.6621 | G74: =E74/F74 -> 0.67413231 | H74: =A74*Inputs!B40 -> 1.9525 | I74: =H74*1000*Components!J10 -> 5.3098099 | J74: =Components!N10 -> 173.76622 | K74: =A74/J74 -> 0.40859494 | L74: =IF(G74<1,"合格","NG") -> 合格 | M74: =IF(K74<1,"合格","NG") -> 合格 | N74: =IF(AND(L74="合格",M74="合格"),"合格","NG") -> 合格
A75: 72 | B75: =A75*Inputs!B44 -> 69.12 | C75: =SQRT(4*Inputs!B21*A75*1000/(Inputs!B10*Inputs!B11))/1000 -> 818.40462 | D75: =C75*(1+Inputs!B43) -> 982.08555 | E75: =D75*Components!G10 -> 982.08555 | F75: =Inputs!B63/1000 -> 1446.6621 | G75: =E75/F75 -> 0.67886312 | H75: =A75*Inputs!B40 -> 1.98 | I75: =H75*1000*Components!J10 -> 5.3845959 | J75: =Components!N10 -> 173.76622 | K75: =A75/J75 -> 0.4143498 | L75: =IF(G75<1,"合格","NG") -> 合格 | M75: =IF(K75<1,"合格","NG") -> 合格 | N75: =IF(AND(L75="合格",M75="合格"),"合格","NG") -> 合格
A76: 73 | B76: =A76*Inputs!B44 -> 70.08 | C76: =SQRT(4*Inputs!B21*A76*1000/(Inputs!B10*Inputs!B11))/1000 -> 824.06839 | D76: =C76*(1+Inputs!B43) -> 988.88207 | E76: =D76*Components!G10 -> 988.88207 | F76: =Inputs!B63/1000 -> 1446.6621 | G76: =E76/F76 -> 0.68356119 | H76: =A76*Inputs!B40 -> 2.0075 | I76: =H76*1000*Components!J10 -> 5.459382 | J76: =Components!N10 -> 173.76622 | K76: =A76/J76 -> 0.42010466 | L76: =IF(G76<1,"合格","NG") -> 合格 | M76: =IF(K76<1,"合格","NG") -> 合格 | N76: =IF(AND(L76="合格",M76="合格"),"合格","NG") -> 合格
A77: 74 | B77: =A77*Inputs!B44 -> 71.04 | C77: =SQRT(4*Inputs!B21*A77*1000/(Inputs!B10*Inputs!B11))/1000 -> 829.6935 | D77: =C77*(1+Inputs!B43) -> 995.6322 | E77: =D77*Components!G10 -> 995.6322 | F77: =Inputs!B63/1000 -> 1446.6621 | G77: =E77/F77 -> 0.6882272 | H77: =A77*Inputs!B40 -> 2.035 | I77: =H77*1000*Components!J10 -> 5.534168 | J77: =Components!N10 -> 173.76622 | K77: =A77/J77 -> 0.42585952 | L77: =IF(G77<1,"合格","NG") -> 合格 | M77: =IF(K77<1,"合格","NG") -> 合格 | N77: =IF(AND(L77="合格",M77="合格"),"合格","NG") -> 合格
A78: 75 | B78: =A78*Inputs!B44 -> 72 | C78: =SQRT(4*Inputs!B21*A78*1000/(Inputs!B10*Inputs!B11))/1000 -> 835.28072 | D78: =C78*(1+Inputs!B43) -> 1002.3369 | E78: =D78*Components!G10 -> 1002.3369 | F78: =Inputs!B63/1000 -> 1446.6621 | G78: =E78/F78 -> 0.69286177 | H78: =A78*Inputs!B40 -> 2.0625 | I78: =H78*1000*Components!J10 -> 5.6089541 | J78: =Components!N10 -> 173.76622 | K78: =A78/J78 -> 0.43161437 | L78: =IF(G78<1,"合格","NG") -> 合格 | M78: =IF(K78<1,"合格","NG") -> 合格 | N78: =IF(AND(L78="合格",M78="合格"),"合格","NG") -> 合格
A79: 76 | B79: =A79*Inputs!B44 -> 72.96 | C79: =SQRT(4*Inputs!B21*A79*1000/(Inputs!B10*Inputs!B11))/1000 -> 840.83082 | D79: =C79*(1+Inputs!B43) -> 1008.997 | E79: =D79*Components!G10 -> 1008.997 | F79: =Inputs!B63/1000 -> 1446.6621 | G79: =E79/F79 -> 0.69746556 | H79: =A79*Inputs!B40 -> 2.09 | I79: =H79*1000*Components!J10 -> 5.6837401 | J79: =Components!N10 -> 173.76622 | K79: =A79/J79 -> 0.43736923 | L79: =IF(G79<1,"合格","NG") -> 合格 | M79: =IF(K79<1,"合格","NG") -> 合格 | N79: =IF(AND(L79="合格",M79="合格"),"合格","NG") -> 合格
A80: 77 | B80: =A80*Inputs!B44 -> 73.92 | C80: =SQRT(4*Inputs!B21*A80*1000/(Inputs!B10*Inputs!B11))/1000 -> 846.34453 | D80: =C80*(1+Inputs!B43) -> 1015.6134 | E80: =D80*Components!G10 -> 1015.6134 | F80: =Inputs!B63/1000 -> 1446.6621 | G80: =E80/F80 -> 0.70203915 | H80: =A80*Inputs!B40 -> 2.1175 | I80: =H80*1000*Components!J10 -> 5.7585262 | J80: =Components!N10 -> 173.76622 | K80: =A80/J80 -> 0.44312409 | L80: =IF(G80<1,"合格","NG") -> 合格 | M80: =IF(K80<1,"合格","NG") -> 合格 | N80: =IF(AND(L80="合格",M80="合格"),"合格","NG") -> 合格
A81: 78 | B81: =A81*Inputs!B44 -> 74.88 | C81: =SQRT(4*Inputs!B21*A81*1000/(Inputs!B10*Inputs!B11))/1000 -> 851.82254 | D81: =C81*(1+Inputs!B43) -> 1022.187 | E81: =D81*Components!G10 -> 1022.187 | F81: =Inputs!B63/1000 -> 1446.6621 | G81: =E81/F81 -> 0.70658314 | H81: =A81*Inputs!B40 -> 2.145 | I81: =H81*1000*Components!J10 -> 5.8333123 | J81: =Components!N10 -> 173.76622 | K81: =A81/J81 -> 0.44887895 | L81: =IF(G81<1,"合格","NG") -> 合格 | M81: =IF(K81<1,"合格","NG") -> 合格 | N81: =IF(AND(L81="合格",M81="合格"),"合格","NG") -> 合格
A82: 79 | B82: =A82*Inputs!B44 -> 75.84 | C82: =SQRT(4*Inputs!B21*A82*1000/(Inputs!B10*Inputs!B11))/1000 -> 857.26555 | D82: =C82*(1+Inputs!B43) -> 1028.7187 | E82: =D82*Components!G10 -> 1028.7187 | F82: =Inputs!B63/1000 -> 1446.6621 | G82: =E82/F82 -> 0.7110981 | H82: =A82*Inputs!B40 -> 2.1725 | I82: =H82*1000*Components!J10 -> 5.9080983 | J82: =Components!N10 -> 173.76622 | K82: =A82/J82 -> 0.45463381 | L82: =IF(G82<1,"合格","NG") -> 合格 | M82: =IF(K82<1,"合格","NG") -> 合格 | N82: =IF(AND(L82="合格",M82="合格"),"合格","NG") -> 合格
A83: 80 | B83: =A83*Inputs!B44 -> 76.8 | C83: =SQRT(4*Inputs!B21*A83*1000/(Inputs!B10*Inputs!B11))/1000 -> 862.67422 | D83: =C83*(1+Inputs!B43) -> 1035.2091 | E83: =D83*Components!G10 -> 1035.2091 | F83: =Inputs!B63/1000 -> 1446.6621 | G83: =E83/F83 -> 0.71558456 | H83: =A83*Inputs!B40 -> 2.2 | I83: =H83*1000*Components!J10 -> 5.9828844 | J83: =Components!N10 -> 173.76622 | K83: =A83/J83 -> 0.46038867 | L83: =IF(G83<1,"合格","NG") -> 合格 | M83: =IF(K83<1,"合格","NG") -> 合格 | N83: =IF(AND(L83="合格",M83="合格"),"合格","NG") -> 合格

Sheet Derivation
A1: 主要式と判定フロー
A3: 項目 | B3: 式 / ロジック | C3: 注記
A4: TE10カットオフ | B4: fc = c0/(2 a sqrt(eps_r)) | C4: aは広壁側の内寸。
A5: TEインピーダンス | B5: Z_TE = eta/sqrt(1-(fc/f)^2) | C5: eta = eta0/sqrt(eps_r)。
A6: TE10進行波ピーク電力 | B6: P_peak = a b E_peak^2/(4 Z_TE) | C6: E_peakは正弦波のピーク電界振幅。RMSではない。
A7: VSWR電界係数 | B7: |Γ|=(VSWR-1)/(VSWR+1), E_max = E_travel(1+|Γ|) | C7: 最大定在波電界の評価に使用。
A8: 部品局所電界 | B8: E_local = K_E E_max | C8: K_Eは有効化した部品の最大局所電界集中係数。
A9: 絶縁破壊判定 | B9: E_local < E_bd_corrected / SF_E | C9: 補正後破壊電界には圧力、ガス、湿度、汚損、パルス、マルチパルス係数を含める。
A10: デューティ比 | B10: D = pulse_width × PRF | C10: 1以下であること。
A11: 平均電力 | B11: P_avg = D × P_peak | C11: P_peakを指定した場合、Dは瞬時電界を下げない。
A12: RF損失による発熱 | B12: P_loss_avg = P_avg × (1 - 10^(-IL/10)) | C12: ILは部品または経路全体の挿入損失[dB]。
A13: 熱判定 | B13: T_hotspot = T_ambient + P_loss_avg Rθ < T_limit | C13: 熱制限は平均損失に基づく。
A14: 熱制限ピーク電力 | B14: P_peak_allow = (T_limit-T_ambient)/(SF_T × D × loss_fraction × Rθ) | C14: 部品ごとに計算し、有効部品の最小値が経路を制限。
... A17: 最終許容ピーク電力 | B17: P_allow = MIN(P_breakdown_allow, P_thermal_allow) | C17: 進行波ピーク電力基準。
A19: Ragan / 短パルス補正
A20: 臨界パルス幅 | B20: tau_c = 1e-3 / p[torr] | C20: tau > tau_c ではCW相当として扱う
A21: 単発短パルス破壊電界 | B21: Eb[kV/cm] = 22.22 + 87.24/(1+(tau/2.47e-9)^0.648) | C21: Ragan曲線近似式としてInputs/Ragan_Pulseへ実装
A22: 電圧改善係数 | B22: Fv = Eb/22.8 | C22: 本ブックでは1未満にせず、tau < tau_cの場合だけKtauへ適用
A23: PRF | B23: Duty=tau*PRF, pulse interval=1/PRF | C23: Dutyは熱、pulse intervalはmultipulseスクリーニングに使用
A24: マルチパルス | B24: Ebd_used = Ebd_ref*density*gas*humidity*pollution*Ktau*Kmulti | C24: KmultiはInputs!B61でユーザー入力。残留電離リスクがあれば1未満
A25: 半解析式 | B25: Ep=3.75p sqrt(1+w^2/(25e18p^2))(... )^(3/16) | C25: Ragan_Pulseに参考値として実装。RMS V/cmからpeak V/mに換算
A27: 注意 | B27: Ragan式は短パルス/単発の上昇を見込む式であり、44 usなど長いパルスではKtau=1に戻す | C27: 最終設計ではメーカー定格・高電力試験で確認

Sheet Sources_Assumptions
A1: 参考資料・仮定・ユーザー置換可能な入力値
A3: 分類 | B3: 仮定 / 出典 | C3: URL / 場所 | D3: 使用方法 | E3: 注意
A4: 導波管寸法 | B4: WR90 a=22.86 mm, b=10.16 mm を初期値に使用 | C4: https://www.nikoha.co.jp/technology/pdf/02_waveguide.pdf | D4: Inputsの初期ジオメトリ | E4: 実部品の寸法・肉厚を確認すること。
A5: 許容電力の考え方 | B5: 導波管の許容電力は電圧破壊と発熱で制限される | C5: https://www.microwaves101.com/encyclopedias/power-handling-in-waveguide | D5: 二系統制限の判定フロー | E5: 最終設計ではメーカー値を使用すること。
A6: 矩形導波管理論 | B6: TE/TM矩形導波管の電磁界関係 | C6: https://eng.libretexts.org/Bookshelves/Electrical_Engineering/Electro-Optics/Electromagnetic_Field_Theory%3A_A_Problem_Solving_Approach_%28Zahn%29/08%3A_Guided_Electromagnetic_Waves/8.06%3A_The_Rectangular_Waveguide | D6: TE10式とカットオフの基礎 | E6: ピーク値/RMS値の規約に注意。
A7: マイクロ波絶縁破壊 | B7: Gould & Roberts, Breakdown of Air at Microwave Frequencies | C7: https://pubs.aip.org/aip/jap/article-pdf/27/10/1162/7922849/1162_1_online.pdf | D7: CW / 単発パルス / マルチパルスの考え方 | E7: スプレッドシートには形状固有の破壊式は埋め込んでいない。
A8: Ragan文献 | B8: G. L. Ragan, Microwave Transmission Circuits, MIT Radiation Laboratory Series Vol. 9 | C8: https://books.google.com/books/about/Microwave_Transmission_Circuits.html?id=B7Y8AAAAIAAJ | D8: 導波管伝送・許容電力の古典的参考文献 | E8: 具体的な式/表を提示いただければKtau/multipulse係数に反映可能。
A9: 臨界パルス幅 | B9: tau_c = 1e-3/p[torr] をスクリーニング規則として使用 | C9: https://www.dielectric.com/wp-content/uploads/2018/04/Schadler-ATSC-3-Voltage.pdf | D9: Inputs!B65のパルス領域判定 | E9: これはスクリーニング指標であり、最終認定ではない。
A10: 熱対流 | B10: 自然対流hはユーザー入力。初期値7 W/m2/K | C10: https://www.qats.com/Qpedia-Article/Qpedia_May09_Estimating_the_inside_temp_of_natural_convection_sealed_enclosure | D10: 直管部Rθの推定 | E10: 姿勢、筐体、風速に強く依存。
A11: 放射熱伝達 | B11: 線形化放射 h_rad ≈ 4 eps sigma T^3 | C11: https://www.engineeringtoolbox.com/radiation-heat-transfer-d_431.html | D11: Inputs!B33 | E11: 小さい温度差に対する近似。
A12: 部品係数 | B12: ベンド/カップラー/ロータリージョイントのK_E、挿入損失、Rθは仮値 | C12: Components sheet | D12: 初期設計用ディレーティング | E12: メーカー高電力定格または実測値に置換。
A14: 追加出典 / Raganパルス式
A15: Schadler, ATSC 3.0 Ready – Designing Antennas for Higher OFDM PAPR | B15: https://www.dielectric.com/wp-content/uploads/2018/04/Schadler-ATSC-3-Voltage.pdf | C15: Ragan pp.239、Anderson/Lisak、Anderson/Yu等を参照し、tau_c、Ragan単発式、VSWR補正、半解析式を掲載
A16: G. L. Ragan, Microwave Transmission Circuits, MIT Radiation Laboratory Series Vol.9 | B16: https://books.google.com/books/about/Microwave_Transmission_Circuits.html?id=B7Y8AAAAIAAJ | C16: 書誌情報。原典の式は公開資料の引用式として本ブックに反映
A17: Microwaves101, Power Handling in Waveguide | B17: https://www.microwaves101.com/encyclopedias/power-handling-in-waveguide | C17: 導波管許容電力は平均発熱とピーク絶縁破壊の両制限で決まること、矩形導波管の概算式
A18: 注意 | B18: Ragan/短パルス式の適用範囲は空気・短パルス・単発近似が基本。PRF/multipulseは入力係数B61で安全側に扱う。

Sheet Ragan_Pulse
A1: Ragan / Anderson 短パルス・PRF 絶縁破壊モデル
A3: 項目 | B3: 値 | C3: 単位 | D3: 説明
A4: パルス幅 tau | B4: =Inputs!B38 -> 4.4e-05 | C4: s | D4: Inputsから参照
A5: PRF | B5: =Inputs!B39 -> 625 | C5: Hz | D5: Inputsから参照
A6: Duty | B6: =Inputs!B40 -> 0.0275 | C6: - | D6: tau×PRF
A7: 絶対圧 p0 | B7: =Inputs!B64 -> 760.0021 | C7: torr | D7: Inputsから参照
A8: 温度補正後圧力 p | B8: =Inputs!B81 -> 948.69947 | C8: torr | D8: p=p0×273/(273+Tgas)
A9: 臨界パルス幅 tau_c | B9: =Inputs!B65 -> 1.3157858e-06 | C9: s | D9: tau_c=1e-3/p0[torr]
A10: Ragan単発Eb | B10: =Inputs!B72 -> 22.373272 | C10: kV/cm | D10: Eb=22.22+87.24/(1+(tau/2.47e-9)^0.648)
A11: CW相当Eb | B11: =Inputs!B73 -> 22.8 | C11: kV/cm | D11: 代表値
A12: 電圧改善係数 Fv | B12: =Inputs!B74 -> 1 | C12: - | D12: MAX(1,Eb/22.8)
A13: 使用Ktau | B13: =Inputs!B60 -> 1 | C13: - | D13: tau<tau_cならFv、それ以外は1
A14: パルス間隔 | B14: =Inputs!B77 -> 0.0016 | C14: s | D14: 1/PRF
A15: パルス間隔/tau_c | B15: =Inputs!B78 -> 1216.0034 | C15: - | D15: PRF/multipulseの一次スクリーニング
A16: PRF/multipulse判定 | B16: =Inputs!B79 -> 単発近似の余裕あり。ただし実機では残留電離を確認 | C16: - | D16: 係数入力はInputs!B61
A17: 半解析式 Ep peak | B17: =Inputs!B83 -> 4013084.8 | C17: V/m | D17: Eq.(10)参考値
A19: 計算式
A20: 臨界パルス幅 | B20: tau_c = 1e-3 / p[torr] | D20: この値より長いパルスではCW相当として扱う
A21: Ragan単発式 | B21: Eb[kV/cm] = 22.22 + 87.24/(1+(tau/2.47e-9)^0.648) | D21: 海面高度近傍・単発パルスの近似
A22: 短パルス係数 | B22: Fv = Eb / 22.8 | D22: 本ブックでは MAX(1,Fv) とし、tau<tau_c の場合だけKtauに反映
A23: VSWR電界倍率 | B23: Cvswr = 1+|Gamma| = 2*VSWR/(VSWR+1) | D23: Dashboard/Power_Sweepの定在波電界で反映済み
A24: PRF | B24: Duty=tau*PRF は熱へ反映。1/PRF はmultipulse判定へ使用。 | D24: 厳密なPRF補正は実験条件・残留電離・ガス・形状依存
A25: 運用上の推奨 | B25: tau>=tau_c ではKtau=1、PRFが高い場合はInputs!B61を1未満にするか試験値で置換 | D25: 安全側の一次設計
A27: 出典URL | B27: https://www.dielectric.com/wp-content/uploads/2018/04/Schadler-ATSC-3-Voltage.pdf | D27: Ragan, Anderson/Lisak, Anderson/Yu系式を参照している公開資料

Sheet Altitude_Pressure
A1: 高度・加圧モデル チェックシート
A3: 項目 | B3: 値 | C3: 単位 | D3: 参照 | E3: 判定/コメント | F3: 備考
A4: 運用高度 | B4: =Inputs!B88 -> 35000 | C4: ft | D4: Inputs!B88 | E4: =IF(B5<11000,"OK: 対流圏式の適用範囲内","注意: 11km超のため標準大気式を変更") -> OK: 対流圏式の適用範囲内 | F4: 35,000 ftは約10.668 km
A5: 高度 | B5: =Inputs!B89 -> 10668 | C5: m | D5: Inputs!B89 | E5: =IF(B5<11000,"対流圏近似OK","成層圏式に変更推奨") -> 対流圏近似OK
A6: 標準大気温度 | B6: =Inputs!B93 -> -54.3 | C6: degC | D6: Inputs!B93 | E6: ="外気温度" -> 外気温度 | F6: ISA対流圏式
A7: 適用外気温度 | B7: =Inputs!B95 -> -54.3 | C7: degC | D7: Inputs!B95 | E7: ="内部ガス温度とは分けて考える" -> 内部ガス温度とは分けて考える | F7: 外気温度オーバーライド可
A8: 高度周囲圧 | B8: =Inputs!B96 -> 23842.264 | C8: Pa | D8: Inputs!B96 | E8: ="高度で低下" -> 高度で低下
A9: 内部圧力モード | B9: =Inputs!B90 -> 2 | C9: - | D9: Inputs!B90 | E9: =IF(B9=2,"指定絶対圧維持",IF(B9=3,"外気圧+ゲージ",IF(B9=1,"海面1atm固定","外気圧と同じ"))) -> 指定絶対圧維持 | F9: 0:外気圧,1:海面1atm,2:指定絶対圧,3:外気圧+ゲージ
A10: 指定絶対圧 | B10: =Inputs!B91 -> 101325 | C10: Pa | D10: Inputs!B91 | E10: =IF(B9=2,"使用中","参考") -> 使用中 | F10: モード2で使用
A11: ゲージ加圧 | B11: =Inputs!B52 -> 0 | C11: Pa | D11: Inputs!B52 | E11: =IF(B9=3,"使用中","未使用") -> 未使用 | F11: モード3で使用
A12: 導波管内部絶対圧 | B12: =Inputs!B97 -> 101325 | C12: Pa | D12: Inputs!B97 | E12: ="絶縁破壊計算に使用" -> 絶縁破壊計算に使用
A13: 導波管内部ガス温度 | B13: =Inputs!B53 -> -54.3 | C13: degC | D13: Inputs!B53 | E13: =IF(Inputs!B100="","外気温連動：内部が暖かい場合はB100入力推奨","内部温度オーバーライド中") -> 外気温連動：内部が暖かい場合はB100入力推奨 | F13: B100でオーバーライド可
A14: ガス密度比 δ | B14: =Inputs!B56 -> 1.3395019 | C14: - | D14: Inputs!B56 | E14: =IF(B14>1,"密度上昇によりEbd上昇側","密度低下によりEbd低下側") -> 密度上昇によりEbd上昇側 | F14: 絶縁破壊電界の一次スケーリング
A15: 設計許容電界 | B15: =Inputs!B63 -> 1446662.1 | C15: V/m | D15: Inputs!B63 | E15: ="Ebd補正/安全率込み" -> Ebd補正/安全率込み | F15: 安全率込み
A16: 高度補正後 h_conv | B16: =Inputs!B99 -> 3.3955762 | C16: W/m2/K | D16: Inputs!B99 | E16: ="低圧で対流低下" -> 低圧で対流低下 | F16: 自然対流は低圧で低下
A17: WR90直管熱抵抗 | B17: =Inputs!B35 -> 11.873532 | C17: degC/W | D17: Inputs!B35 | E17: ="直管10cmの概算" -> 直管10cmの概算 | F17: 放射+対流で概算
A20: 設計上の注意
A21: 1 | B21: B90=2 は導波管内部の絶対圧が指定値に維持される前提です。
A22: 2 | B22: 密閉固定質量の場合、温度低下で圧力も下がるため、B90=2で低温だけ反映すると楽観側になる場合があります。
A23: 3 | B23: ゲージ加圧で管理する場合は B90=3 とし、B52にゲージ圧を入力してください。
A24: 4 | B24: 絶縁破壊は導波管内部ガス温度、熱は外気温度/放熱条件で評価するため、必要に応じて分離してください。
A25: 5 | B25: 35,000 ftは標準大気の対流圏式の上限11 kmに近いので、高度余裕がある場合は式の適用範囲を確認してください。
A26: 6 | B26: 最終値は部品の高電力定格、加圧保持試験、温度試験、アーク検出試験で確認してください。
A28: 参考 | B28: このシートはRagan短パルス式に加え、高度・加圧モードの入力整合を確認するための補助シートです。
A29: 誤読防止メモ
A30: 7 | B30: Dashboardの最終許容ピーク電力は、この時点の入力条件1ケースに対する値です。高度/低圧ケースと地上/高温ケースを分けて評価してください。
A31: 8 | B31: Inputs!B81:B83の半解析式Epは参考表示です。低温で大きく出ても、Dashboardの最終判定に直接使っていません。
A32: 9 | B32: B90=2は指定絶対圧を維持する供給系/レギュレータ前提です。密閉固定質量では、温度変化後の内部圧力を別途計算して入力してください。
A33: 10 | B33: ホットスポット温度が氷点下でも数式エラーではありません。ただし熱設計の最悪ケースは高温周囲条件で別途確認してください。
A34: 11 | B34: 最終設計では、部品ごとの挿入損失・局所電界係数・熱抵抗をメーカー値または実測値で置き換えてください。

Sheet 誤読防止_使い方
A1: WR90 TE10 許容電力計算シート：誤読防止・運用ガイド
A3: 最重要：このブックの判定は「現在入力されている1ケース」に対する結果です。絶縁破壊の最悪条件と熱の最悪条件は一致しないことが多いため、少なくとも高度/低圧ケースと地上/高温ケースを分けて確認してください。
A5: 項目 | B5: 誤読しやすい点 | C5: 正しい読み方 | D5: 確認セル | E5: 推奨操作 | F5: 備考
A6: 最終許容ピーク電力 | B6: 全運用条件の保証値に見える | C6: Dashboardは現在の入力条件1点での判定。運用包絡線全体の保証値ではない | D6: Dashboard!B22 | E6: 複数ケースを保存/比較する | F6: 例：高度低温、地上高温、最大VSWR、最大部品損失
A7: Ragan短パルス補正 Ktau | B7: パルス運用なので必ず許容電界が上がると解釈する | C7: τ >= τc では自動的に Ktau=1。短パルス上昇は見込まない | D7: Inputs!B60, B65:B66 | E7: 44 µsなど τ>>τc ではCW/マルチパルス相当として扱う | F7: 実測/メーカー定格がある場合のみ補正を許可
A8: B81/B83 半解析式 Ep | B8: Dashboardの最終判定に使われていると誤解する | C8: 表示用の参考値。最終判定のEbd補正はInputs!B62/B63を使用 | D8: Inputs!B81:B83, Dashboard!B35 | E8: B83は参考として読み、合否判断はDashboard!B18:B24を確認 | F8: 低温では密度効果で大きく見えることがある
A9: 圧力モード B90=2 | B9: 密閉封入でも絶対圧101.325kPaが維持されると思い込む | C9: B90=2は供給/レギュレータで指定絶対圧を維持する前提 | D9: Inputs!B90:B97 | E9: 密閉固定質量なら、運用温度での内部絶対圧を別途算出して指定する | F9: 外気圧+ゲージ管理ならB90=3
A10: 低温時のホットスポット温度 | B10: −40℃などの表示を熱的に常に安全と解釈する | C10: 低温高度ケースでは熱制限が緩く見える。熱の最悪条件は地上高温側で別途評価 | D10: Dashboard!B10:B21, Components | E10: B94に高温周囲条件、B100に内部ガス温度を入力して再評価 | F10: 高温待機/地上運用が熱的に厳しい場合が多い
A11: DUTYの扱い | B11: 電界もDUTYで下がると誤解する | C11: ピーク電力入力時、瞬時電界はピーク電力で決まる。DUTYは平均電力/発熱に効く | D11: Dashboard!B4:B6, B14:B16 | E11: 平均電力仕様から逆算する場合だけ Ppeak=Pavg/D を使う | F11: 絶縁破壊はピーク電界、発熱は平均損失
A12: VSWR補正 | B12: 正味電力基準と進行波電力基準を混同する | C12: 電界判定は進行波ピーク電力に対する定在波最大電界で比較 | D12: Dashboard!B12:B16 | E12: 入力電力の定義を明確にしてから比較する | F12: 正味電力基準の供給電力もDashboardに表示
A14: 推奨するケース分け
A15: ケース | B15: 主目的 | C15: 代表的な入力 | D15: 主に見る結果 | E15: NG時の対策 | F15: 注意
A16: A. 高度・低圧/加圧ケース | B16: 絶縁破壊余裕 | C16: B87=1, B88=高度, B90=実機の加圧方式, B100=導波管内ガス温度 | D16: Dashboard!B16:B24, Altitude_Pressure | E16: 加圧、乾燥、VSWR改善、部品K_E低減、安全率見直し | F16: 熱の最悪ケースとは限らない
A17: B. 地上・高温ケース | B17: 平均発熱/温度上昇 | C17: B87=1のままB88=0(ft), B94=最高周囲温度, B100=内部ガス最高温度, B90=実機の加圧方式 | D17: Dashboard!B10:B21, Power_Sweep | E17: 挿入損失低減、放熱改善、DUTY低減、冷却追加 | F17: 低温高度ケースだけでは熱評価不足。B87=0では B94 が無効(B27が固定50℃)になるため B87=1+B88=0 とする
A18: C. 最大ミスマッチケース | B18: 定在波最大電界 | C18: VSWRをワースト値に設定 | D18: Dashboard!B12:B19 | E18: マッチング改善、保護回路、電力低減 | F18: 電界は(1+|Γ|)で増加
A19: D. 部品ワーストケース | B19: 局所電界/局所発熱 | C19: Componentsでベンド/カップラー/ロータリーを有効化 | D19: Dashboard!B11:B21, Components | E19: 部品定格確認、K_E/IL/Rθの実測反映 | F19: 部品定格を優先
A20: E. 密閉固定質量ケース | B20: 温度変化時の内部圧確認 | C20: 運用温度での内部絶対圧を計算し、B90=2/B91に入力 | D20: Altitude_Pressure, Dashboard!B16:B19 | E20: 封入圧見直し、レギュレータ化、圧力監視 | F20: B90=2は「維持」前提。密閉封入とは別
A22: 合否判定前チェックリスト
A23: □ 入力電力は進行波ピーク電力か、正味電力かを確認した
A24: □ パルス幅 τ と臨界パルス幅 τc の関係を確認した
A25: □ Ktauが1を超える場合、根拠データ/試験データがあるか確認した
A26: □ 圧力モードB90が実機の加圧方式と一致しているか確認した
A27: □ 導波管内ガス温度B100を必要に応じて設定した
A28: □ 高度低温ケースとは別に地上高温ケースを確認した
A29: □ ベンド、カップラー、ロータリージョイントのIL/K_E/Rθを部品実測値またはメーカー値に置き換えた
A30: □ 最終設計では高電力試験、加圧保持試験、温度試験、アーク検出で確認する
