Workbook

Sheet 概要
A1: SC-05-30J 2個目 Open補正・τ補正 周波数特性 | B1: SC-05-30J 2個目 Open補正・τ補正 周波数特性 | C1: SC-05-30J 2個目 Open補正・τ補正 周波数特性 | D1: SC-05-30J 2個目 Open補正・τ補正 周波数特性
A3: 項目 | B3: 値 | C3: 単位 | D3: 備考
A4: 測定CSV | B4: SC-05-30J_20260701.csv | D4: 2個目SC-05-30J測定
A5: Open CSV | B5: Zopen_20260701.csv | D5: 同じ測定系で再測定したOpen
A6: Rref | B6: 49.8 | C6: Ω | D6: BNC法の直列基準抵抗
A7: τ補正 | B7: 2.6 | C7: ns | D7: Phase_tau = Phase_open_corrected + 360*f*τ
A8: Open等価容量代表値 | B8: 96.168507 | C8: pF | D8: 0.5MHz〜10MHz中央値
A9: 低周波L推定 | B9: 4.4585155 | C9: mH | D9: Open補正後のXs/(2πf)中央値
A10: 低周波R推定 | B10: 1.3119576 | C10: Ω | D10: Open補正後のRe(Z)中央値
A11: 主自己共振ピーク周波数 | B11: 347575.09 | C11: Hz | D11: |Z|=5.08e+04Ω, phase=24.00°, tau補正=24.33°
A12: 主自己共振 X=0近傍 | B12: 371610.97 | C12: Hz | D12: Open補正後のIm(Z)=0推定
A13: 15〜22MHzの最小|Z| | B13: 20491463 | C13: Hz | D13: |Z|=18Ω, phase=-0.83°, tau補正=18.35°
A16: 補正式
A17: H = 10^(Channel2Magnitude[dB]/20) · exp(j·Phase[deg]·π/180) Z_raw = Rref · Hmeas / (1 - Hmeas) Y_meas = (1 - Hmeas) / (Rref · Hmeas) Y_open = (1 - Hopen) / (Rref · Hopen) Y_DUT = Y_meas - Y_open Z_DUT = 1 / Y_DUT Phase_tau[deg] = Phase_DUT[deg] + 360 · f · τ, τ = 2.6 ns
A26: 注記
A27: Open補正は主に治具の並列容量・漏れアドミタンスを差し引く補正です。一方で、CH2側ケーブル、BNC-T、リード線、ワニ口、Open時/DUT接続時の基準面差に由来する残留遅延は残る可能性があります。本シートでは τ=2.6ns を仮定し、Open補正後位相に +360 f τ [deg] を加算した位相も併記しています。
A29: 今回フィットモデル追記
A30: 等価回路モデル | B30: Y = 1/(Rs+sLcm) + 1/Rp + sCp + 1/(R2+sL2+1/(sC2)) | D30: Z = 1/Y
A31: 位相の扱い | B31: モデル位相はτ補正なし | D31: 測定位相は既存のOpen補正後位相とτ補正後位相を併記
A32: 振幅グラフ | B32: |Z| [Ω] | D32: 横軸は周波数[Hz]
A33: 位相グラフ | B33: 測定値Open+τ補正後とモデル位相（τ補正なし）を比較

Sheet 計算データ
A1: Frequency_Hz | B1: Meas_Ch2_Mag_dB | C1: Meas_Phase_deg | D1: Open_Ch2_Mag_dB | E1: Open_Phase_deg | F1: Hmeas_Re | G1: Hmeas_Im | H1: Hopen_Re | I1: Hopen_Im | J1: Z_raw_R_Ohm | K1: Z_raw_X_Ohm | L1: Z_raw_mag_Ohm | M1: Z_raw_phase_deg | N1: Ymeas_Re_S | O1: Ymeas_Im_S | P1: Yopen_Re_S | Q1: Yopen_Im_S | R1: Copen_pF | S1: Ydut_Re_S | T1: Ydut_Im_S | U1: Zcorr_R_Ohm | V1: Zcorr_X_Ohm | W1: Zcorr_mag_Ohm | X1: Zcorr_phase_deg | Y1: Tau_correction_deg | Z1: Zcorr_phase_tau_deg | AA1: Ls_from_X_mH | AB1: Model_omega_rad_s | AC1: Model_Y1_Re_S | AD1: Model_Y1_Im_S | AE1: Model_Ycp_Im_S | AF1: Model_Yrp_Re_S | AG1: Model_X2_Ohm | AH1: Model_Y2_Re_S | AI1: Model_Y2_Im_S | AJ1: Model_Ytotal_Re_S | AK1: Model_Ytotal_Im_S | AL1: Zmodel_R_Ohm | AM1: Zmodel_X_Ohm | AN1: Zmodel_mag_Ohm | AO1: Zmodel_phase_deg_no_tau | AP1: Zmodel_mag_dBOhm | AQ1: Phase_error_vs_meas_tau_deg
A2: 100 | B2: -24.700767 | C2: 83.223723 | D2: 0.0070837893 | E2: -0.0031611725 | F2: 0.0068677941 | G2: 0.057798589 | H2: 1.0008159 | I2: -5.5217884e-05 | J2: 0.17511357 | K2: 2.9084658 | L2: 2.9137327 | M2: 86.554482 | N2: 0.020626255 | O2: -0.34258201 | P2: -1.6369888e-05 | Q2: 1.1069858e-06 | R2: 1761.8226 | S2: 0.020642625 | T2: -0.34258312 | U2: 0.17525041 | V2: 2.9084398 | W2: 2.9137149 | X2: 86.551765 | Y2: 9.36e-05 | Z2: 86.551859 | AA2: 4.6289257 | AB2: =2*PI()*A2 -> 628.31853 | AC2: =等価回路パラメータ!$B$4/(等価回路パラメータ!$B$4^2+(AB2*等価回路パラメータ!$B$5)^2) -> 0.029033567 | AD2: =-(AB2*等価回路パラメータ!$B$5)/(等価回路パラメータ!$B$4^2+(AB2*等価回路パラメータ!$B$5)^2) -> -0.35015148 | AE2: =AB2*等価回路パラメータ!$B$6 -> 6.8121876e-09 | AF2: =1/等価回路パラメータ!$B$7 -> 2.0783638e-05 | AG2: =AB2*等価回路パラメータ!$B$9-1/(AB2*等価回路パラメータ!$B$10) -> -54560325 | AH2: =等価回路パラメータ!$B$8/(等価回路パラメータ!$B$8^2+AG2^2) -> 5.80033e-15 | AI2: =-AG2/(等価回路パラメータ!$B$8^2+AG2^2) -> 1.8328336e-08 | AJ2: =AC2+AF2+AH2 -> 0.02905435 | AK2: =AD2+AE2+AI2 -> -0.35015145 | AL2: =AJ2/(AJ2^2+AK2^2) -> 0.23535281 | AM2: =-AK2/(AJ2^2+AK2^2) -> 2.8363783 | AN2: =SQRT(AL2^2+AM2^2) -> 2.8461259 | AO2: =DEGREES(ATAN(AM2/AL2)) -> 85.256662 | AP2: =20*LOG10(AN2) -> 9.0850822 | AQ2: =MOD(AO2-Z2+180,360)-180 -> -1.2951973
A3: 102.517 | B3: -24.48774 | C3: 83.19971 | D3: 0.0071841644 | E3: -0.0021095667 | F3: 0.0070631384 | G3: 0.059230707 | H3: 1.0008274 | I3: -3.684935e-05 | J3: 0.17641204 | K3: 2.9811948 | L3: 2.9864099 | M3: 86.613475 | N3: 0.019780142 | O3: -0.33426549 | P3: -1.6601731e-05 | Q3: 7.3872376e-07 | R3: 1146.8492 | S3: 0.019796744 | T3: -0.33426623 | U3: 0.17655829 | V3: 2.9811708 | W3: 2.9863945 | X3: 86.610646 | Y3: 9.595591e-05 | Z3: 86.610742 | AA3: 4.6281893 | AB3: =2*PI()*A3 -> 644.1333 | AC3: =等価回路パラメータ!$B$4/(等価回路パラメータ!$B$4^2+(AB3*等価回路パラメータ!$B$5)^2) -> 0.027634556 | AD3: =-(AB3*等価回路パラメータ!$B$5)/(等価回路パラメータ!$B$4^2+(AB3*等価回路パラメータ!$B$5)^2) -> -0.34166771 | AE3: =AB3*等価回路パラメータ!$B$6 -> 6.9836502e-09 | AF3: =1/等価回路パラメータ!$B$7 -> 2.0783638e-05 | AG3: =AB3*等価回路パラメータ!$B$9-1/(AB3*等価回路パラメータ!$B$10) -> -53220760 | AH3: =等価回路パラメータ!$B$8/(等価回路パラメータ!$B$8^2+AG3^2) -> 6.095993e-15 | AI3: =-AG3/(等価回路パラメータ!$B$8^2+AG3^2) -> 1.878966e-08 | AJ3: =AC3+AF3+AH3 -> 0.027655339 | AK3: =AD3+AE3+AI3 -> -0.34166768 | AL3: =AJ3/(AJ3^2+AK3^2) -> 0.23536134 | AM3: =-AK3/(AJ3^2+AK3^2) -> 2.9077699 | AN3: =SQRT(AL3^2+AM3^2) -> 2.9172797 | AO3: =DEGREES(ATAN(AM3/AL3)) -> 85.372441 | AP3: =20*LOG10(AN3) -> 9.2995613 | AQ3: =MOD(AO3-Z3+180,360)-180 -> -1.2383012
A4: 105.09735 | B4: -24.271708 | C4: 83.168449 | D4: 0.0069645558 | E4: -0.0015649754 | F4: 0.0072741419 | G4: 0.060718383 | H4: 1.0008021 | I4: -2.7335883e-05 | J4: 0.17794175 | K4: 3.0568155 | L4: 3.0619902 | M4: 86.668488 | N4: 0.018978865 | O4: -0.32603305 | P4: -1.609444e-05 | Q4: 5.4803376e-07 | R4: 829.91895 | S4: 0.01899496 | T4: -0.32603359 | U4: 0.17809103 | V4: 3.0567929 | W4: 3.0619763 | X4: 86.665674 | Y4: 9.8371118e-05 | Z4: 86.665773 | AA4: 4.6290768 | AB4: =2*PI()*A4 -> 660.34612 | AC4: =等価回路パラメータ!$B$4/(等価回路パラメータ!$B$4^2+(AB4*等価回路パラメータ!$B$5)^2) -> 0.026302537 | AD4: =-(AB4*等価回路パラメータ!$B$5)/(等価回路パラメータ!$B$4^2+(AB4*等価回路パラメータ!$B$5)^2) -> -0.33338417 | AE4: =AB4*等価回路パラメータ!$B$6 -> 7.1594285e-09 | AF4: =1/等価回路パラメータ!$B$7 -> 2.0783638e-05 | AG4: =AB4*等価回路パラメータ!$B$9-1/(AB4*等価回路パラメータ!$B$10) -> -51914083 | AH4: =等価回路パラメータ!$B$8/(等価回路パラメータ!$B$8^2+AG4^2) -> 6.406727e-15 | AI4: =-AG4/(等価回路パラメータ!$B$8^2+AG4^2) -> 1.9262596e-08 | AJ4: =AC4+AF4+AH4 -> 0.026323321 | AK4: =AD4+AE4+AI4 -> -0.33338415 | AL4: =AJ4/(AJ4^2+AK4^2) -> 0.2353703 | AM4: =-AK4/(AJ4^2+AK4^2) -> 2.9809584 | AN4: =SQRT(AL4^2+AM4^2) -> 2.9902361 | AO4: =DEGREES(ATAN(AM4/AL4)) -> 85.48541 | AP4: =20*LOG10(AN4) -> 9.5141097 | AQ4: =MOD(AO4-Z4+180,360)-180 -> -1.1803625
A5: 107.74265 | B5: -24.056527 | C5: 83.126838 | D5: 0.0067359058 | E5: -0.0032319917 | F5: 0.0075018006 | G5: 0.062235949 | H5: 1.0007758 | I5: -5.6452659e-05 | J5: 0.17988815 | K5: 3.1340568 | L5: 3.1392152 | M5: 86.714949 | N5: 0.018254099 | O5: -0.31802751 | P5: -1.5566281e-05 | Q5: 1.1318307e-06 | R5: 1671.9141 | S5: 0.018269665 | T5: -0.31802865 | U5: 0.18003927 | V5: 3.1340282 | W5: 3.1391953 | X5: 86.712166 | Y5: 0.00010084712 | Z5: 86.712267 | AA5: 4.6295139 | AB5: =2*PI()*A5 -> 676.96702 | AC5: =等価回路パラメータ!$B$4/(等価回路パラメータ!$B$4^2+(AB5*等価回路パラメータ!$B$5)^2) -> 0.025034344 | AD5: =-(AB5*等価回路パラメータ!$B$5)/(等価回路パラメータ!$B$4^2+(AB5*等価回路パラメータ!$B$5)^2) -> -0.32529652 | AE5: =AB5*等価回路パラメータ!$B$6 -> 7.3396312e-09 | AF5: =1/等価回路パラメータ!$B$7 -> 2.0783638e-05 | AG5: =AB5*等価回路パラメータ!$B$9-1/(AB5*等価回路パラメータ!$B$10) -> -50639489 | AH5: =等価回路パラメータ!$B$8/(等価回路パラメータ!$B$8^2+AG5^2) -> 6.7333002e-15 | AI5: =-AG5/(等価回路パラメータ!$B$8^2+AG5^2) -> 1.9747435e-08 | AJ5: =AC5+AF5+AH5 -> 0.025055127 | AK5: =AD5+AE5+AI5 -> -0.32529649 | AL5: =AJ5/(AJ5^2+AK5^2) -> 0.23537971 | AM5: =-AK5/(AJ5^2+AK5^2) -> 3.0559891 | AN5: =SQRT(AL5^2+AM5^2) -> 3.0650404 | AO5: =DEGREES(ATAN(AM5/AL5)) -> 85.595636 | AP5: =20*LOG10(AN5) -> 9.7287242 | AQ5: =MOD(AO5-Z5+180,360)-180 -> -1.1166311
A6: 110.45453 | B6: -23.84382 | C6: 83.076419 | D6: 0.0067751036 | E6: -0.0042606216 | F6: 0.0077438996 | G6: 0.063772061 | H6: 1.0007803 | I6: -7.4419902e-05 | J6: 0.18219934 | K6: 3.2123439 | L6: 3.2175068 | M6: 86.753747 | N6: 0.017599805 | O6: -0.31030094 | P6: -1.5656853e-05 | Q6: 1.4920461e-06 | R6: 2149.9029 | S6: 0.017615462 | T6: -0.31030243 | U6: 0.18235864 | V6: 3.2123102 | W6: 3.2174822 | X6: 86.750881 | Y6: 0.00010338544 | Z6: 86.750984 | AA6: 4.6286474 | AB6: =2*PI()*A6 -> 694.00626 | AC6: =等価回路パラメータ!$B$4/(等価回路パラメータ!$B$4^2+(AB6*等価回路パラメータ!$B$5)^2) -> 0.023826952 | AD6: =-(AB6*等価回路パラメータ!$B$5)/(等価回路パラメータ!$B$4^2+(AB6*等価回路パラメータ!$B$5)^2) -> -0.31740048 | AE6: =AB6*等価回路パラメータ!$B$6 -> 7.5243696e-09 | AF6: =1/等価回路パラメータ!$B$7 -> 2.0783638e-05 | AG6: =AB6*等価回路パラメータ!$B$9-1/(AB6*等価回路パラメータ!$B$10) -> -49396188 | AH6: =等価回路パラメータ!$B$8/(等価回路パラメータ!$B$8^2+AG6^2) -> 7.07652e-15 | AI6: =-AG6/(等価回路パラメータ!$B$8^2+AG6^2) -> 2.0244477e-08 | AJ6: =AC6+AF6+AH6 -> 0.023847735 | AK6: =AD6+AE6+AI6 -> -0.31740045 | AL6: =AJ6/(AJ6^2+AK6^2) -> 0.23538961 | AM6: =-AK6/(AJ6^2+AK6^2) -> 3.1329083 | AN6: =SQRT(AL6^2+AM6^2) -> 3.1417388 | AO6: =DEGREES(ATAN(AM6/AL6)) -> 85.703182 | AP6: =20*LOG10(AN6) -> 9.9434014 | AQ6: =MOD(AO6-Z6+180,360)-180 -> -1.0478029
A7: 113.23467 | B7: -23.630709 | C7: 83.05355 | D7: 0.0070942942 | E7: -0.0035507908 | F7: 0.0079623331 | G7: 0.065352906 | H7: 1.0008171 | I7: -6.2023629e-05 | J7: 0.1827896 | K7: 3.2927384 | L7: 3.2978081 | M7: 86.822604 | N7: 0.016807407 | O7: -0.30276556 | P7: -1.6394162e-05 | Q7: 1.2434216e-06 | R7: 1747.6688 | S7: 0.016823801 | T7: -0.3027668 | U7: 0.1829653 | V7: 3.2927052 | W7: 3.2977847 | X7: 86.819524 | Y7: 0.00010598765 | Z7: 86.81963 | AA7: 4.6280025 | AB7: =2*PI()*A7 -> 711.47438 | AC7: =等価回路パラメータ!$B$4/(等価回路パラメータ!$B$4^2+(AB7*等価回路パラメータ!$B$5)^2) -> 0.022677479 | AD7: =-(AB7*等価回路パラメータ!$B$5)/(等価回路パラメータ!$B$4^2+(AB7*等価回路パラメータ!$B$5)^2) -> -0.30969183 | AE7: =AB7*等価回路パラメータ!$B$6 -> 7.7137578e-09 | AF7: =1/等価回路パラメータ!$B$7 -> 2.0783638e-05 | AG7: =AB7*等価回路パラメータ!$B$9-1/(AB7*等価回路パラメータ!$B$10) -> -48183412 | AH7: =等価回路パラメータ!$B$8/(等価回路パラメータ!$B$8^2+AG7^2) -> 7.4372349e-15 | AI7: =-AG7/(等価回路パラメータ!$B$8^2+AG7^2) -> 2.075403e-08 | AJ7: =AC7+AF7+AH7 -> 0.022698263 | AK7: =AD7+AE7+AI7 -> -0.3096918 | AL7: =AJ7/(AJ7^2+AK7^2) -> 0.23540001 | AM7: =-AK7/(AJ7^2+AK7^2) -> 3.2117635 | AN7: =SQRT(AL7^2+AM7^2) -> 3.2203786 | AO7: =DEGREES(ATAN(AM7/AL7)) -> 85.808112 | AP7: =20*LOG10(AN7) -> 10.158139 | AQ7: =MOD(AO7-Z7+180,360)-180 -> -1.0115182
A8: 116.08478 | B8: -23.416339 | C8: 83.011 | D8: 0.0073258734 | E8: -0.0033547585 | F8: 0.0082110345 | G8: 0.066979819 | H8: 1.0008438 | I8: -5.8600986e-05 | J8: 0.184322 | K8: 3.3756585 | L8: 3.380687 | M8: 86.874567 | N8: 0.016127507 | O8: -0.29535788 | P8: -1.6929086e-05 | Q8: 1.1747434e-06 | R8: 1610.6006 | S8: 0.016144436 | T8: -0.29535906 | U8: 0.18451287 | V8: 3.375624 | W8: 3.3806631 | X8: 86.871305 | Y8: 0.00010865535 | Z8: 86.871413 | AA8: 4.6280594 | AB8: =2*PI()*A8 -> 729.38218 | AC8: =等価回路パラメータ!$B$4/(等価回路パラメータ!$B$4^2+(AB8*等価回路パラメータ!$B$5)^2) -> 0.021583177 | AD8: =-(AB8*等価回路パラメータ!$B$5)/(等価回路パラメータ!$B$4^2+(AB8*等価回路パラメータ!$B$5)^2) -> -0.30216644 | AE8: =AB8*等価回路パラメータ!$B$6 -> 7.9079129e-09 | AF8: =1/等価回路パラメータ!$B$7 -> 2.0783638e-05 | AG8: =AB8*等価回路パラメータ!$B$9-1/(AB8*等価回路パラメータ!$B$10) -> -47000413 | AH8: =等価回路パラメータ!$B$8/(等価回路パラメータ!$B$8^2+AG8^2) -> 7.8163367e-15 | AI8: =-AG8/(等価回路パラメータ!$B$8^2+AG8^2) -> 2.1276409e-08 | AJ8: =AC8+AF8+AH8 -> 0.021603961 | AK8: =AD8+AE8+AI8 -> -0.30216641 | AL8: =AJ8/(AJ8^2+AK8^2) -> 0.23541094 | AM8: =-AK8/(AJ8^2+AK8^2) -> 3.2926036 | AN8: =SQRT(AL8^2+AM8^2) -> 3.3010084 | AO8: =DEGREES(ATAN(AM8/AL8)) -> 85.910488 | AP8: =20*LOG10(AN8) -> 10.372933 | AQ8: =MOD(AO8-Z8+180,360)-180 -> -0.9609251
A9: 119.00663 | B9: -23.200489 | C9: 82.957808 | D9: 0.0066300978 | E9: -0.0026404092 | F9: 0.0084813855 | G9: 0.068657326 | H9: 1.0007636 | I9: -4.6119025e-05 | J9: 0.18631074 | K9: 3.4612829 | L9: 3.4662936 | M9: 86.918909 | N9: 0.015506265 | O9: -0.28807556 | P9: -1.5321848e-05 | Q9: 9.2467212e-07 | R9: 1236.6213 | S9: 0.015521587 | T9: -0.28807648 | U9: 0.18649258 | V9: 3.4612521 | W9: 3.4662726 | X9: 86.91588 | Y9: 0.00011139021 | Z9: 86.915992 | AA9: 4.628947 | AB9: =2*PI()*A9 -> 747.74071 | AC9: =等価回路パラメータ!$B$4/(等価回路パラメータ!$B$4^2+(AB9*等価回路パラメータ!$B$5)^2) -> 0.020541424 | AD9: =-(AB9*等価回路パラメータ!$B$5)/(等価回路パラメータ!$B$4^2+(AB9*等価回路パラメータ!$B$5)^2) -> -0.29482023 | AE9: =AB9*等価回路パラメータ!$B$6 -> 8.1069549e-09 | AF9: =1/等価回路パラメータ!$B$7 -> 2.0783638e-05 | AG9: =AB9*等価回路パラメータ!$B$9-1/(AB9*等価回路パラメータ!$B$10) -> -45846458 | AH9: =等価回路パラメータ!$B$8/(等価回路パラメータ!$B$8^2+AG9^2) -> 8.2147627e-15 | AI9: =-AG9/(等価回路パラメータ!$B$8^2+AG9^2) -> 2.1811936e-08 | AJ9: =AC9+AF9+AH9 -> 0.020562208 | AK9: =AD9+AE9+AI9 -> -0.2948202 | AL9: =AJ9/(AJ9^2+AK9^2) -> 0.23542243 | AM9: =-AK9/(AJ9^2+AK9^2) -> 3.3754783 | AN9: =SQRT(AL9^2+AM9^2) -> 3.3836781 | AO9: =DEGREES(ATAN(AM9/AL9)) -> 86.010372 | AP9: =20*LOG10(AN9) -> 10.587781 | AQ9: =MOD(AO9-Z9+180,360)-180 -> -0.90562007
A10: 122.00203 | B10: -22.983056 | C10: 82.899046 | D10: 0.0068373505 | E10: -0.0031057267 | F10: 0.0087685726 | G10: 0.070388749 | H10: 1.0007875 | I10: -5.4247843e-05 | J10: 0.1884649 | K10: 3.5497517 | L10: 3.5547512 | M10: 86.960882 | N10: 0.014914615 | O10: -0.28091799 | P10: -1.5800618e-05 | Q10: 1.0876005e-06 | R10: 1418.8043 | S10: 0.014930416 | T10: -0.28091908 | U10: 0.18866198 | V10: 3.5497169 | W10: 3.5547269 | X10: 86.95768 | Y10: 0.0001141939 | Z10: 86.957794 | AA10: 4.6307018 | AB10: =2*PI()*A10 -> 766.56133 | AC10: =等価回路パラメータ!$B$4/(等価回路パラメータ!$B$4^2+(AB10*等価回路パラメータ!$B$5)^2) -> 0.019549721 | AD10: =-(AB10*等価回路パラメータ!$B$5)/(等価回路パラメータ!$B$4^2+(AB10*等価回路パラメータ!$B$5)^2) -> -0.2876492 | AE10: =AB10*等価回路パラメータ!$B$6 -> 8.3110068e-09 | AF10: =1/等価回路パラメータ!$B$7 -> 2.0783638e-05 | AG10: =AB10*等価回路パラメータ!$B$9-1/(AB10*等価回路パラメータ!$B$10) -> -44720836 | AH10: =等価回路パラメータ!$B$8/(等価回路パラメータ!$B$8^2+AG10^2) -> 8.6334978e-15 | AI10: =-AG10/(等価回路パラメータ!$B$8^2+AG10^2) -> 2.2360942e-08 | AJ10: =AC10+AF10+AH10 -> 0.019570505 | AK10: =AD10+AE10+AI10 -> -0.28764917 | AL10: =AJ10/(AJ10^2+AK10^2) -> 0.2354345 | AM10: =-AK10/(AJ10^2+AK10^2) -> 3.4604391 | AN10: =SQRT(AL10^2+AM10^2) -> 3.4684388 | AO10: =DEGREES(ATAN(AM10/AL10)) -> 86.107821 | AP10: =20*LOG10(AN10) -> 10.802681 | AQ10: =MOD(AO10-Z10+180,360)-180 -> -0.84997297
A11: 125.07281 | B11: -22.771223 | C11: 82.849677 | D11: 0.006980306 | E11: -0.004279567 | F11: 0.009047196 | G11: 0.072118739 | H11: 1.000804 | I11: -7.4752584e-05 | J11: 0.18989153 | K11: 3.6381227 | L11: 3.6430751 | M11: 87.012163 | N11: 0.014307684 | O11: -0.27412024 | P11: -1.6130871e-05 | Q11: 1.4986452e-06 | R11: 1907.0235 | S11: 0.014323815 | T11: -0.27412174 | U11: 0.19010238 | V11: 3.6380807 | W11: 3.643044 | X11: 87.008817 | Y11: 0.00011706815 | Z11: 87.008934 | AA11: 4.6294515 | AB11: =2*PI()*A11 -> 785.85567 | AC11: =等価回路パラメータ!$B$4/(等価回路パラメータ!$B$4^2+(AB11*等価回路パラメータ!$B$5)^2) -> 0.018605685 | AD11: =-(AB11*等価回路パラメータ!$B$5)/(等価回路パラメータ!$B$4^2+(AB11*等価回路パラメータ!$B$5)^2) -> -0.28064942 | AE11: =AB11*等価回路パラメータ!$B$6 -> 8.5201947e-09 | AF11: =1/等価回路パラメータ!$B$7 -> 2.0783638e-05 | AG11: =AB11*等価回路パラメータ!$B$9-1/(AB11*等価回路パラメータ!$B$10) -> -43622849 | AH11: =等価回路パラメータ!$B$8/(等価回路パラメータ!$B$8^2+AG11^2) -> 9.0735772e-15 | AI11: =-AG11/(等価回路パラメータ!$B$8^2+AG11^2) -> 2.2923766e-08 | AJ11: =AC11+AF11+AH11 -> 0.018626468 | AK11: =AD11+AE11+AI11 -> -0.28064939 | AL11: =AJ11/(AJ11^2+AK11^2) -> 0.23544719 | AM11: =-AK11/(AJ11^2+AK11^2) -> 3.5475383 | AN11: =SQRT(AL11^2+AM11^2) -> 3.5553429 | AO11: =DEGREES(ATAN(AM11/AL11)) -> 86.202895 | AP11: =20*LOG10(AN11) -> 11.01763 | AQ11: =MOD(AO11-Z11+180,360)-180 -> -0.80603851
A12: 128.22089 | B12: -22.554612 | C12: 82.775122 | D12: 0.0068689174 | E12: -0.0038610528 | F12: 0.0093718597 | G12: 0.073927739 | H12: 1.0007911 | I12: -6.7441397e-05 | J12: 0.19271413 | K12: 3.730813 | L12: 3.735787 | M12: 87.04303 | N12: 0.013808591 | O12: -0.26732482 | P12: -1.5873554e-05 | Q12: 1.3521047e-06 | R12: 1678.308 | S12: 0.013824465 | T12: -0.26732617 | U12: 0.19293254 | V12: 3.7307714 | W12: 3.7357567 | X12: 87.039652 | Y12: 0.00012001476 | Z12: 87.039772 | AA12: 4.630842 | AB12: =2*PI()*A12 -> 805.63564 | AC12: =等価回路パラメータ!$B$4/(等価回路パラメータ!$B$4^2+(AB12*等価回路パラメータ!$B$5)^2) -> 0.017707045 | AD12: =-(AB12*等価回路パラメータ!$B$5)/(等価回路パラメータ!$B$4^2+(AB12*等価回路パラメータ!$B$5)^2) -> -0.27381703 | AE12: =AB12*等価回路パラメータ!$B$6 -> 8.7346478e-09 | AF12: =1/等価回路パラメータ!$B$7 -> 2.0783638e-05 | AG12: =AB12*等価回路パラメータ!$B$9-1/(AB12*等価回路パラメータ!$B$10) -> -42551821 | AH12: =等価回路パラメータ!$B$8/(等価回路パラメータ!$B$8^2+AG12^2) -> 9.5360891e-15 | AI12: =-AG12/(等価回路パラメータ!$B$8^2+AG12^2) -> 2.3500757e-08 | AJ12: =AC12+AF12+AH12 -> 0.017727828 | AK12: =AD12+AE12+AI12 -> -0.27381699 | AL12: =AJ12/(AJ12^2+AK12^2) -> 0.23546053 | AM12: =-AK12/(AJ12^2+AK12^2) -> 3.6368298 | AN12: =SQRT(AL12^2+AM12^2) -> 3.644444 | AO12: =DEGREES(ATAN(AM12/AL12)) -> 86.29565 | AP12: =20*LOG10(AN12) -> 11.232626 | AQ12: =MOD(AO12-Z12+180,360)-180 -> -0.7441223
A13: 131.44821 | B13: -22.343407 | C13: 82.722015 | D13: 0.0069370459 | E13: -0.0033001995 | F13: 0.0096727423 | G13: 0.075738456 | H13: 1.000799 | I13: -5.7645369e-05 | J13: 0.19399674 | K13: 3.8234514 | L13: 3.8283698 | M13: 87.095381 | N13: 0.013236302 | O13: -0.26087221 | P13: -1.6030919e-05 | Q13: 1.15569e-06 | R13: 1399.2871 | S13: 0.013252333 | T13: -0.26087336 | U13: 0.19422877 | V13: 3.8234107 | W13: 3.8283409 | X13: 87.091882 | Y13: 0.00012303553 | Z13: 87.092005 | AA13: 4.6293115 | AB13: =2*PI()*A13 -> 825.91347 | AC13: =等価回路パラメータ!$B$4/(等価回路パラメータ!$B$4^2+(AB13*等価回路パラメータ!$B$5)^2) -> 0.016851635 | AD13: =-(AB13*等価回路パラメータ!$B$5)/(等価回路パラメータ!$B$4^2+(AB13*等価回路パラメータ!$B$5)^2) -> -0.26714823 | AE13: =AB13*等価回路パラメータ!$B$6 -> 8.9544987e-09 | AF13: =1/等価回路パラメータ!$B$7 -> 2.0783638e-05 | AG13: =AB13*等価回路パラメータ!$B$9-1/(AB13*等価回路パラメータ!$B$10) -> -41507088 | AH13: =等価回路パラメータ!$B$8/(等価回路パラメータ!$B$8^2+AG13^2) -> 1.0022177e-14 | AI13: =-AG13/(等価回路パラメータ!$B$8^2+AG13^2) -> 2.409227e-08 | AJ13: =AC13+AF13+AH13 -> 0.016872419 | AK13: =AD13+AE13+AI13 -> -0.2671482 | AL13: =AJ13/(AJ13^2+AK13^2) -> 0.23547454 | AM13: =-AK13/(AJ13^2+AK13^2) -> 3.7283687 | AN13: =SQRT(AL13^2+AM13^2) -> 3.7357973 | AO13: =DEGREES(ATAN(AM13/AL13)) -> 86.38614 | AP13: =20*LOG10(AN13) -> 11.447666 | AQ13: =MOD(AO13-Z13+180,360)-180 -> -0.70586433
... A502: 25000000 | B502: -0.49782284 | C502: -25.664146 | D502: -0.80688611 | E502: -45.238379 | F502: 0.85114091 | G502: -0.40897066 | H502: 0.64169148 | I502: -0.64705334 | J502: -10.66296 | K502: -107.52384 | L502: 108.05126 | M502: -95.66341 | N502: -0.00091330975 | O502: 0.0092096918 | P502: -0.0045641151 | Q502: 0.015645857 | R502: 99.604618 | S502: 0.0036508054 | T502: -0.0064361651 | U502: 66.678209 | V502: 117.54994 | W502: 135.14427 | X502: 60.436661 | Y502: 23.4 | Z502: 83.836661 | AA502: 0.00074834617 | AB502: =2*PI()*A502 -> 1.5707963e+08 | AC502: =等価回路パラメータ!$B$4/(等価回路パラメータ!$B$4^2+(AB502*等価回路パラメータ!$B$5)^2) -> 4.6773088e-13 | AD502: =-(AB502*等価回路パラメータ!$B$5)/(等価回路パラメータ!$B$4^2+(AB502*等価回路パラメータ!$B$5)^2) -> -1.4102354e-06 | AE502: =AB502*等価回路パラメータ!$B$6 -> 0.0017030469 | AF502: =1/等価回路パラメータ!$B$7 -> 2.0783638e-05 | AG502: =AB502*等価回路パラメータ!$B$9-1/(AB502*等価回路パラメータ!$B$10) -> 113.10049 | AH502: =等価回路パラメータ!$B$8/(等価回路パラメータ!$B$8^2+AG502^2) -> 0.0013190818 | AI502: =-AG502/(等価回路パラメータ!$B$8^2+AG502^2) -> -0.0086403156 | AJ502: =AC502+AF502+AH502 -> 0.0013398654 | AK502: =AD502+AE502+AI502 -> -0.006938679 | AL502: =AJ502/(AJ502^2+AK502^2) -> 26.829232 | AM502: =-AK502/(AJ502^2+AK502^2) -> 138.9389 | AN502: =SQRT(AL502^2+AM502^2) -> 141.50557 | AO502: =DEGREES(ATAN(AM502/AL502)) -> 79.070651 | AP502: =20*LOG10(AN502) -> 43.015471 | AQ502: =MOD(AO502-Z502+180,360)-180 -> -4.7660104

Sheet 主要点
A1: 主要周波数点比較 | B1: 主要周波数点比較 | C1: 主要周波数点比較 | D1: 主要周波数点比較 | E1: 主要周波数点比較 | F1: 主要周波数点比較 | G1: 主要周波数点比較 | H1: 主要周波数点比較
A3: 目標周波数[Hz] | B3: 実周波数[Hz] | C3: |Z|補正前[Ω] | D3: |Z|Open補正後[Ω] | E3: 位相補正前[deg] | F3: 位相Open補正後[deg] | G3: τ補正後位相[deg] | H3: τ補正量[deg]
A4: 100 | B4: 100 | C4: 2.9137327 | D4: 2.9137149 | E4: 86.554482 | F4: 86.551765 | G4: 86.551859 | H4: 9.36e-05
A5: 1000 | B5: 1009.292 | C5: 29.082625 | D5: 29.073894 | E5: 88.693822 | F5: 88.669532 | G5: 88.670477 | H5: 0.00094469734
A6: 10000 | B6: 9936.5999 | C6: 273.51598 | D6: 271.2528 | E6: 89.046344 | F6: 89.444428 | G6: 89.453729 | H6: 0.0093006575
A7: 100000 | B7: 100289.31 | C7: 3573.4259 | D7: 2936.7991 | E7: 80.294338 | F7: 88.07324 | G7: 88.167111 | H7: 0.093870794
A8: 200000 | B8: 201158.92 | C8: 23948.789 | D8: 7753.0638 | E8: 4.1317469 | F8: 84.980185 | G8: 85.16847 | H8: 0.18828474
A9: 300000 | B9: 299414.87 | C9: 5843.6177 | D9: 24091.641 | E9: -72.68768 | F9: 60.198202 | G9: 60.478455 | H9: 0.28025232
A10: 400000 | B10: 403481.78 | C10: 3415.1339 | D10: 33933.379 | E10: -76.041526 | F10: -33.235047 | G10: -32.857389 | H10: 0.37765894
A11: 1000000 | B11: 1012212 | C11: 1187.0416 | D11: 4578.8371 | E11: -84.751535 | F11: -82.30881 | G11: -81.36138 | H11: 0.94743044
A12: 10000000 | B12: 9965347.5 | C12: 110.57418 | D12: 335.11524 | E12: -97.264171 | F12: -95.630266 | G12: -86.302701 | H12: 9.3275653
A13: 18900000 | B13: 19018897 | C13: 26.210062 | D13: 37.080397 | E13: -88.103467 | F13: -80.558309 | G13: -62.756621 | H13: 17.801688
A14: 20000000 | B14: 19988357 | C14: 16.612007 | D14: 18.701509 | E14: -53.36168 | F14: -42.554972 | G14: -23.84587 | H14: 18.709102
A15: 25000000 | B15: 25000000 | C15: 108.05126 | D15: 135.14427 | E15: -95.66341 | F15: 60.436661 | G15: 83.836661 | H15: 23.4

Sheet グラフ_振幅
A1: SC-05-30J 2個目 周波数特性（振幅・今回フィットモデル重ね書き） | B1: SC-05-30J 2個目 周波数特性（振幅） | C1: SC-05-30J 2個目 周波数特性（振幅） | D1: SC-05-30J 2個目 周波数特性（振幅） | E1: SC-05-30J 2個目 周波数特性（振幅） | F1: SC-05-30J 2個目 周波数特性（振幅） | G1: SC-05-30J 2個目 周波数特性（振幅） | H1: SC-05-30J 2個目 周波数特性（振幅）
A2: 横軸はFrequency_Hz、縦軸は|Z| [Ω]。Open補正後測定値と今回再フィット等価回路モデルを比較。 | B2: 測定値（補正前）とOpen補正後を比較。縦軸・横軸とも対数表示。 | C2: 測定値（補正前）とOpen補正後を比較。縦軸・横軸とも対数表示。 | D2: 測定値（補正前）とOpen補正後を比較。縦軸・横軸とも対数表示。 | E2: 測定値（補正前）とOpen補正後を比較。縦軸・横軸とも対数表示。 | F2: 測定値（補正前）とOpen補正後を比較。縦軸・横軸とも対数表示。 | G2: 測定値（補正前）とOpen補正後を比較。縦軸・横軸とも対数表示。 | H2: 測定値（補正前）とOpen補正後を比較。縦軸・横軸とも対数表示。

Sheet グラフ_位相_tau
A1: SC-05-30J 2個目 周波数特性（位相・今回フィットモデル重ね書き） | B1: SC-05-30J 2個目 周波数特性（位相・τ補正） | C1: SC-05-30J 2個目 周波数特性（位相・τ補正） | D1: SC-05-30J 2個目 周波数特性（位相・τ補正） | E1: SC-05-30J 2個目 周波数特性（位相・τ補正） | F1: SC-05-30J 2個目 周波数特性（位相・τ補正） | G1: SC-05-30J 2個目 周波数特性（位相・τ補正） | H1: SC-05-30J 2個目 周波数特性（位相・τ補正）
A2: 測定位相はOpen+τ補正後、モデル位相はτ補正なしで重ね書き。 | B2: Open補正後位相に τ=2.6ns の残留遅延補正を加えた位相を併記。 | C2: Open補正後位相に τ=2.6ns の残留遅延補正を加えた位相を併記。 | D2: Open補正後位相に τ=2.6ns の残留遅延補正を加えた位相を併記。 | E2: Open補正後位相に τ=2.6ns の残留遅延補正を加えた位相を併記。 | F2: Open補正後位相に τ=2.6ns の残留遅延補正を加えた位相を併記。 | G2: Open補正後位相に τ=2.6ns の残留遅延補正を加えた位相を併記。 | H2: Open補正後位相に τ=2.6ns の残留遅延補正を加えた位相を併記。

Sheet グラフ_Open容量
A1: Zopen再測定値から求めたOpen等価容量 | B1: Zopen再測定値から求めたOpen等価容量 | C1: Zopen再測定値から求めたOpen等価容量 | D1: Zopen再測定値から求めたOpen等価容量 | E1: Zopen再測定値から求めたOpen等価容量 | F1: Zopen再測定値から求めたOpen等価容量 | G1: Zopen再測定値から求めたOpen等価容量 | H1: Zopen再測定値から求めたOpen等価容量
A2: Open測定から Im(Yopen)/(2πf) により算出。 | B2: Open測定から Im(Yopen)/(2πf) により算出。 | C2: Open測定から Im(Yopen)/(2πf) により算出。 | D2: Open測定から Im(Yopen)/(2πf) により算出。 | E2: Open測定から Im(Yopen)/(2πf) により算出。 | F2: Open測定から Im(Yopen)/(2πf) により算出。 | G2: Open測定から Im(Yopen)/(2πf) により算出。 | H2: Open測定から Im(Yopen)/(2πf) により算出。

Sheet グラフ_主自己共振拡大
A1: SC-05-30J 2個目 主自己共振拡大（今回モデル重ね書き） | B1: 主自己共振付近 拡大グラフ | C1: 主自己共振付近 拡大グラフ | D1: 主自己共振付近 拡大グラフ | E1: 主自己共振付近 拡大グラフ | F1: 主自己共振付近 拡大グラフ | G1: 主自己共振付近 拡大グラフ | H1: 主自己共振付近 拡大グラフ
A2: 横軸は周波数[Hz]、縦軸は|Z| [Ω]。 | B2: Open補正後の|Z|を表示。 | C2: Open補正後の|Z|を表示。 | D2: Open補正後の|Z|を表示。 | E2: Open補正後の|Z|を表示。 | F2: Open補正後の|Z|を表示。 | G2: Open補正後の|Z|を表示。 | H2: Open補正後の|Z|を表示。

Sheet グラフ_18.9MHz拡大
A1: SC-05-30J 2個目 高周波側共振拡大（今回モデル重ね書き） | B1: 18.9MHz付近 拡大グラフ | C1: 18.9MHz付近 拡大グラフ | D1: 18.9MHz付近 拡大グラフ | E1: 18.9MHz付近 拡大グラフ | F1: 18.9MHz付近 拡大グラフ | G1: 18.9MHz付近 拡大グラフ | H1: 18.9MHz付近 拡大グラフ
A2: 横軸は周波数[Hz]、縦軸は|Z| [Ω]。 | B2: Open補正後の|Z|を表示。 | C2: Open補正後の|Z|を表示。 | D2: Open補正後の|Z|を表示。 | E2: Open補正後の|Z|を表示。 | F2: Open補正後の|Z|を表示。 | G2: Open補正後の|Z|を表示。 | H2: Open補正後の|Z|を表示。

Sheet 等価回路パラメータ
A1: 等価回路モデルパラメータ（今回再測定値から再フィット）
A3: 素子/項目 | B3: 値 | C3: 単位 | D3: 説明
A4: Rs | B4: 0.23518672 | C4: Ω | D4: 低周波側の直列抵抗
A5: Lcm | B5: 0.0045142801 | C5: H | D5: 低周波インダクタンス
A6: Cp | B6: 1.0841933e-11 | C6: F | D6: 主自己共振を表す並列容量
A7: Rp | B7: 48114.772 | C7: Ω | D7: 主自己共振ピークの損失抵抗
A8: R2 | B8: 17.266591 | C8: Ω | D8: 20 MHz付近の谷を表す直列共振枝の抵抗
A9: L2 | B9: 2.1093874e-06 | C9: H | D9: 20 MHz付近の直列共振枝インダクタンス
A10: C2 | B10: 2.9170453e-11 | C10: F | D10: 20 MHz付近の直列共振枝容量
A11: f_main_peak_meas | B11: 347575.09 | C11: Hz | D11: Open補正後の振幅ピーク周波数
A12: f_HF_min_meas | B12: 20491463 | C12: Hz | D12: 10〜25 MHz範囲の最小|Z|周波数
A13: RMS_mag_error | B13: 0.34921116 | C13: dB | D13: 全点の20log(|Zmodel|/|Zmeas|) RMS
A14: RMS_phase_error | B14: 1.9624774 | C14: deg | D14: 全点の位相差RMS。測定値はτ補正後、モデル位相はτ補正なし。
A16: 回路形式 | B16: Y = 1/(Rs + sLcm) + 1/Rp + sCp + 1/(R2 + sL2 + 1/(sC2)) | D16: Z = 1/Y
A17: 位相注記 | B17: モデル位相にはτ補正を加えていません。位相グラフでは、測定値のOpen+τ補正後位相とモデルの素の位相を比較しています。

Sheet LTspice_Subckt
A1: * SC-05-30J equivalent model, refit from 2026-07-01 measurement
A2: * Model phase is not tau-corrected.
A3: .subckt SC_05_30J_20260701 p n
A4: Rs p a 0.235186723
A5: Lcm a n 0.00451428009
A6: Rp p n 48114.7718
A7: Cp p n 1.08419333e-11
A8: R2 p b 17.266591
A9: L2 b c 2.10938737e-06
A10: C2 c n 2.91704535e-11
A11: .ends SC_05_30J_20260701
